position,entity_id,name_ja,name_kana,aliases,entity_type,regions,periods,claim_ids,source_ids,source_types,claim_count,source_count,existing_deepening_pack,triage_flags,triage_score,review_state
1,kappa,河童,かっぱ,,folklore_being,,,claim_0001,source_0001,institutional_catalog,1,1,research/source-deepening/kappa/evidence-pack-v001.md,single_claim; single_source; region_unrecorded; period_unrecorded; catalog_only; source_date_unrecorded,8,structural_pass; individual source recheck pending
2,tengu,天狗,てんぐ,,folklore_being,,,claim_0002,source_0001,institutional_catalog,1,1,research/source-deepening/tengu/evidence-pack-v001.md,single_claim; single_source; region_unrecorded; period_unrecorded; catalog_only; source_date_unrecorded,8,structural_pass; individual source recheck pending
3,kitsunebi,狐火,きつねび,,supernatural_phenomenon,,,claim_0003,source_0001,institutional_catalog,1,1,,single_claim; single_source; region_unrecorded; period_unrecorded; catalog_only; source_date_unrecorded,8,structural_pass; individual source recheck pending
4,rokurokubi,ろくろ首,ろくろくび,,folklore_being,,,claim_0004,source_0002,institutional_explanation,1,1,research/source-deepening/rokurokubi/evidence-pack-v001.md,single_claim; single_source; region_unrecorded; period_unrecorded; explanation_only; source_date_unrecorded,4,structural_pass; individual source recheck pending
5,umibozu,海坊主,うみぼうず,,folklore_being,,,claim_0005,source_0002,institutional_explanation,1,1,,single_claim; single_source; region_unrecorded; period_unrecorded; explanation_only; source_date_unrecorded,4,structural_pass; individual source recheck pending
6,kidomaru,鬼童丸,きどうまる,,named_supernatural_entity,,,claim_0006,source_0002,institutional_explanation,1,1,,single_claim; single_source; region_unrecorded; period_unrecorded; explanation_only; source_date_unrecorded,4,structural_pass; individual source recheck pending
7,tamamo_no_mae,玉藻前,たまものまえ,,named_supernatural_entity,,,claim_0007,source_0002,institutional_explanation,1,1,,single_claim; single_source; region_unrecorded; period_unrecorded; explanation_only; source_date_unrecorded,4,structural_pass; individual source recheck pending
8,kiyohime,清姫,きよひめ,,named_supernatural_entity,,,claim_0008,source_0002,institutional_explanation,1,1,,single_claim; single_source; region_unrecorded; period_unrecorded; explanation_only; source_date_unrecorded,4,structural_pass; individual source recheck pending
9,tsukumogami,付喪神,つくもがみ,,object_spirit,,,claim_0009,source_0002,institutional_explanation,1,1,research/source-deepening/tsukumogami/evidence-pack-v001.md,single_claim; single_source; region_unrecorded; period_unrecorded; explanation_only; source_date_unrecorded,4,structural_pass; individual source recheck pending
10,sugawara_no_michizane,菅原道真,すがわらのみちざね,,historical_person_in_supernatural_tradition,,,claim_0010,source_0004,institutional_explanation,1,1,research/source-deepening/sugawara_no_michizane/evidence-pack-v001.md,single_claim; single_source; region_unrecorded; period_unrecorded; explanation_only; source_date_unrecorded,4,structural_pass; individual source recheck pending
11,taira_no_masakado,平将門,たいらのまさかど,,historical_person_in_supernatural_tradition,,,claim_0011,source_0005,institutional_explanation,1,1,research/source-deepening/taira_no_masakado/evidence-pack-v001.md,single_claim; single_source; region_unrecorded; period_unrecorded; explanation_only; source_date_unrecorded,4,structural_pass; individual source recheck pending
12,sutoku_in,崇徳院,すとくいん,,historical_person_in_supernatural_tradition,,,claim_0012,source_0006,institutional_explanation,1,1,research/source-deepening/sutoku_in/evidence-pack-v001.md,single_claim; single_source; region_unrecorded; period_unrecorded; explanation_only,3,structural_pass; individual source recheck pending
13,yamamoto_gorozaemon,山本五郎左衛門,さんもとごろうざえもん,山ン本五郎左衛門,named_supernatural_entity,,,claim_0013,source_0003,institutional_explanation,1,1,,single_claim; single_source; region_unrecorded; period_unrecorded; explanation_only; source_date_unrecorded,4,structural_pass; individual source recheck pending
14,kuchisake_onna,口裂け女,くちさけおんな,,urban_legend_figure,,,claim_0014,source_0007,institutional_explanation,1,1,research/source-deepening/kuchisake_onna/evidence-pack-v001.md,single_claim; single_source; region_unrecorded; period_unrecorded; explanation_only; source_date_unrecorded,4,structural_pass; individual source recheck pending
15,nurarihyon,ぬらりひょん,ぬらりひょん,,folklore_being,,,claim_0015; claim_0016,source_0008,research_article,2,1,research/source-deepening/nurarihyon/evidence-pack-v001.md,single_source; region_unrecorded; period_unrecorded,2,structural_pass; individual source recheck pending
16,yamauba,山姥,やまうば,,folklore_being,,,claim_0017,source_0001,institutional_catalog,1,1,research/source-deepening/yamauba/evidence-pack-v001.md,single_claim; single_source; region_unrecorded; period_unrecorded; catalog_only; source_date_unrecorded,8,structural_pass; individual source recheck pending
17,inugami,犬神,いぬがみ,,folklore_being,,,claim_0018,source_0001,institutional_catalog,1,1,research/source-deepening/inugami/evidence-pack-v001.md,single_claim; single_source; region_unrecorded; period_unrecorded; catalog_only; source_date_unrecorded,8,structural_pass; individual source recheck pending
18,oni,鬼,おに,,folklore_being,,,claim_0019,source_0009,institutional_explanation,1,1,research/source-deepening/oni/evidence-pack-v001.md,single_claim; single_source; region_unrecorded; period_unrecorded; explanation_only; source_date_unrecorded,4,structural_pass; individual source recheck pending
19,oiwa,お岩,おいわ,,named_supernatural_entity,,,claim_0020,source_0010,database_record,1,1,research/source-deepening/oiwa/evidence-pack-v001.md,single_claim; single_source; region_unrecorded; period_unrecorded; database_only,6,structural_pass; individual source recheck pending
20,zashiki_warashi,座敷童子,ざしきわらし,座敷わらし,folklore_being,,,claim_0021,source_0011,database_record,1,1,research/source-deepening/zashiki_warashi/evidence-pack-v001.md,single_claim; single_source; region_unrecorded; period_unrecorded; database_only,6,structural_pass; individual source recheck pending
21,kitsune,狐,きつね,,folklore_being,,,claim_0022,source_0012,database_record,1,1,,single_claim; single_source; region_unrecorded; period_unrecorded; database_only,6,structural_pass; individual source recheck pending
22,okiku_bancho,お菊（番町皿屋敷）,おきく（ばんちょうさらやしき）,,named_supernatural_entity,,,claim_0030; claim_0032,source_0018; source_0020,institutional_explanation,2,2,,region_unrecorded; period_unrecorded; explanation_only; source_date_unrecorded,1,structural_pass; individual source recheck pending
23,okiku_mizu,お菊（お菊の水）,おきく（おきくのみず）,,named_supernatural_entity,,,claim_0023,source_0013,database_record,1,1,,single_claim; single_source; region_unrecorded; period_unrecorded; database_only,6,structural_pass; individual source recheck pending
24,kinnaga,金長,きんちょう,,named_supernatural_entity,,,claim_0024,source_0014,database_record,1,1,research/source-deepening/kinnaga-rokuemon/evidence-pack-v001.md,single_claim; single_source; region_unrecorded; period_unrecorded; database_only,6,structural_pass; individual source recheck pending
25,rokuemon,六右衛門,ろくえもん,,named_supernatural_entity,,,claim_0025,source_0014,database_record,1,1,research/source-deepening/kinnaga-rokuemon/evidence-pack-v001.md,single_claim; single_source; region_unrecorded; period_unrecorded; database_only,6,structural_pass; individual source recheck pending
26,yashima_hage_tanuki,屋島の禿狸,やしまのはげだぬき,禿狸,named_supernatural_entity,,,claim_0026,source_0014,database_record,1,1,,single_claim; single_source; region_unrecorded; period_unrecorded; database_only,6,structural_pass; individual source recheck pending
27,ura,温羅,うら,,named_supernatural_entity,,,claim_0027,source_0015,database_record,1,1,,single_claim; single_source; region_unrecorded; period_unrecorded; database_only,6,structural_pass; individual source recheck pending
28,jinno_akugoro,神野悪五郎,じんのあくごろう,,named_supernatural_entity,,,claim_0028,source_0016,research_article,1,1,,single_claim; single_source; region_unrecorded; period_unrecorded,3,structural_pass; individual source recheck pending
29,osakabehime,おさかべ姫,おさかべひめ,,named_supernatural_entity,,,claim_0029,source_0017,institutional_explanation,1,1,,single_claim; single_source; region_unrecorded; period_unrecorded; explanation_only; source_date_unrecorded,4,structural_pass; individual source recheck pending
30,hanako_san,花子さん,はなこさん,トイレの花子さん,urban_legend_figure,,,claim_0031,source_0019,database_record,1,1,research/source-deepening/hanako-san/evidence-pack-v001.md,single_claim; single_source; region_unrecorded; period_unrecorded; database_only,6,structural_pass; individual source recheck pending
31,shuten_doji,酒呑童子,しゅてんどうじ,酒天童子; 酒吞童子,named_supernatural_entity,,,claim_0033; claim_0034,source_0021,institutional_explanation,2,1,,single_source; region_unrecorded; period_unrecorded; explanation_only; source_date_unrecorded,3,structural_pass; individual source recheck pending
32,tsuchigumo,土蜘蛛,つちぐも,土蜘,folklore_being,,,claim_0035; claim_0036,source_0022; source_0023,institutional_catalog; institutional_explanation,2,2,research/source-deepening/tsuchigumo/evidence-pack-v001.md,region_unrecorded; period_unrecorded,0,structural_pass; individual source recheck pending
33,nue,鵺,ぬえ,,folklore_being,,,claim_0037; claim_0038,source_0024; source_0026,database_record; institutional_catalog,2,2,research/source-deepening/nue/evidence-pack-v001.md,region_unrecorded; period_unrecorded,0,structural_pass; individual source recheck pending
34,uji_no_hashihime,宇治の橋姫,うじのはしひめ,,named_supernatural_entity,,,claim_0039; claim_0040,source_0025,institutional_explanation,2,1,,single_source; region_unrecorded; period_unrecorded; explanation_only,2,structural_pass; individual source recheck pending
35,takiyasha_hime,滝夜叉姫,たきやしゃひめ,,named_supernatural_entity,,,claim_0041,source_0020,institutional_explanation,1,1,,single_claim; single_source; region_unrecorded; period_unrecorded; explanation_only; source_date_unrecorded,4,structural_pass; individual source recheck pending
36,kasane,累,かさね,,named_supernatural_entity,,,claim_0042; claim_0043,source_0030,institutional_explanation,2,1,,single_source; region_unrecorded; period_unrecorded; explanation_only,2,structural_pass; individual source recheck pending
37,seigen,清玄,せいげん,,named_supernatural_entity,,,claim_0044; claim_0045,source_0024; source_0027,institutional_catalog; institutional_explanation,2,2,,region_unrecorded; period_unrecorded; source_date_unrecorded,1,structural_pass; individual source recheck pending
38,kasha,火車,かしゃ,,folklore_being,,,claim_0046; claim_0047,source_0028; source_0029,institutional_catalog; research_article,2,2,research/source-deepening/kasha/evidence-pack-v001.md,region_unrecorded; period_unrecorded; source_date_unrecorded,1,structural_pass; individual source recheck pending
39,shukaku,守鶴,しゅかく,,named_supernatural_entity,,,claim_0048; claim_0049,source_0002,institutional_explanation,2,1,,single_source; region_unrecorded; period_unrecorded; explanation_only; source_date_unrecorded,3,structural_pass; individual source recheck pending
40,fujiwara_no_sanekata,藤原実方,ふじわらのさねかた,,historical_person_in_supernatural_tradition,,,claim_0050; claim_0051; claim_0052,source_0024; source_0031; source_0032,institutional_catalog; institutional_explanation,3,3,research/source-deepening/fujiwara_no_sanekata/evidence-pack-v001.md,region_unrecorded; period_unrecorded; source_date_unrecorded,1,structural_pass; individual source recheck pending
41,kuzunoha,葛の葉（白狐）,くずのは,,named_supernatural_entity,,,claim_0053; claim_0054; claim_0074; claim_0075,source_0033; source_0034; source_0050; source_0051,institutional_catalog; institutional_explanation; primary_or_early_source,4,4,research/source-deepening/kuzunoha/evidence-pack-v001.md,region_unrecorded; period_unrecorded; source_date_unrecorded,1,structural_pass; individual source recheck pending
42,kijo_momiji,鬼女紅葉,きじょもみじ,,named_supernatural_entity,,,claim_0055; claim_0056; claim_0076; claim_0077; claim_0080,source_0035; source_0036; source_0052; source_0055,institutional_catalog; institutional_explanation,5,4,,region_unrecorded; period_unrecorded; source_date_unrecorded,1,structural_pass; individual source recheck pending
43,inugami_gyobu,隠神刑部,いぬがみぎょうぶ,隠神刑部狸,named_supernatural_entity,,,claim_0057; claim_0058; claim_0059,source_0037; source_0038,institutional_explanation,3,2,,region_unrecorded; period_unrecorded; explanation_only; source_date_unrecorded,1,structural_pass; individual source recheck pending
44,hakuzosu_tsuri_gitsune,白蔵主（釣狐の狐）,はくぞうす,,named_supernatural_entity,,,claim_0060,source_0039; source_0040,institutional_catalog; institutional_explanation,1,2,,single_claim; region_unrecorded; period_unrecorded; source_date_unrecorded,2,structural_pass; individual source recheck pending
45,sakanoue_no_tamuramaro,坂上田村麻呂,さかのうえのたむらまろ,田村麻呂,historical_person_in_supernatural_tradition,,,claim_0061; claim_0062,source_0041; source_0043,institutional_explanation,2,2,research/source-deepening/sakanoue_no_tamuramaro/evidence-pack-v001.md,region_unrecorded; period_unrecorded; explanation_only; source_date_unrecorded,1,structural_pass; individual source recheck pending
46,otakimaru,大多鬼丸,おおたきまる,大竹丸,named_supernatural_entity,,,claim_0063; claim_0064,source_0042; source_0043,institutional_explanation,2,2,,region_unrecorded; period_unrecorded; explanation_only,0,structural_pass; individual source recheck pending
47,atago_tarobo,太郎坊（愛宕山）,たろうぼう,,named_supernatural_entity,,,claim_0065; claim_0066; claim_0078,source_0044; source_0045; source_0053,database_record; institutional_explanation; primary_or_early_source,3,3,research/source-deepening/atago-tarobo/evidence-pack-v001.md,region_unrecorded; period_unrecorded; source_date_unrecorded,1,structural_pass; individual source recheck pending
48,akagamiyama_tarobo,太郎坊（赤神山）,たろうぼう,,named_supernatural_entity,,,claim_0067; claim_0068,source_0046; source_0047,institutional_explanation,2,2,,region_unrecorded; period_unrecorded; explanation_only; source_date_unrecorded,1,structural_pass; individual source recheck pending
49,namahage,ナマハゲ,なまはげ,,folklore_being,,,claim_0069; claim_0070; claim_0071,source_0048,institutional_explanation,3,1,research/source-deepening/namahage/evidence-pack-v001.md,single_source; region_unrecorded; period_unrecorded; explanation_only; source_date_unrecorded,3,structural_pass; individual source recheck pending
50,hakone_kuzuryu_okami,九頭龍大神（芦ノ湖）,くずりゅうおおかみ,,named_supernatural_entity,,,claim_0072; claim_0073; claim_0079,source_0049; source_0054,institutional_catalog; institutional_explanation,3,2,,region_unrecorded; period_unrecorded; source_date_unrecorded,1,structural_pass; individual source recheck pending
51,taira_no_atsumori,平敦盛,たいらのあつもり,,historical_person_in_supernatural_tradition,,,claim_0081,source_0056,institutional_explanation,1,1,research/source-deepening/taira_no_atsumori/evidence-pack-v001.md,single_claim; single_source; region_unrecorded; period_unrecorded; explanation_only; source_date_unrecorded,4,structural_pass; individual source recheck pending
52,taira_no_kiyotsune,平清経,たいらのきよつね,,historical_person_in_supernatural_tradition,,,claim_0082,source_0057,institutional_explanation,1,1,research/source-deepening/taira_no_kiyotsune/evidence-pack-v001.md,single_claim; single_source; region_unrecorded; period_unrecorded; explanation_only; source_date_unrecorded,4,structural_pass; individual source recheck pending
53,fujiwara_no_teika,藤原定家,ふじわらのていか,,historical_person_in_supernatural_tradition,,,claim_0083,source_0058,institutional_explanation,1,1,research/source-deepening/fujiwara_no_teika/evidence-pack-v001.md,single_claim; single_source; region_unrecorded; period_unrecorded; explanation_only; source_date_unrecorded,4,structural_pass; individual source recheck pending
54,shokushi_naishinno,式子内親王,しょくしないしんのう,,historical_person_in_supernatural_tradition,,,claim_0084,source_0058,institutional_explanation,1,1,research/source-deepening/shokushi_naishinno/evidence-pack-v001.md,single_claim; single_source; region_unrecorded; period_unrecorded; explanation_only; source_date_unrecorded,4,structural_pass; individual source recheck pending
55,matsukaze,松風,まつかぜ,,named_supernatural_entity,,,claim_0085; claim_0086,source_0059; source_0061,institutional_explanation,2,2,,region_unrecorded; period_unrecorded; explanation_only; source_date_unrecorded,1,structural_pass; individual source recheck pending
56,murasame,村雨,むらさめ,,named_supernatural_entity,,,claim_0087; claim_0088,source_0059; source_0061,institutional_explanation,2,2,,region_unrecorded; period_unrecorded; explanation_only; source_date_unrecorded,1,structural_pass; individual source recheck pending
57,taira_no_tomomori,平知盛,たいらのとももり,,historical_person_in_supernatural_tradition,,,claim_0089,source_0060,institutional_explanation,1,1,research/source-deepening/taira_no_tomomori/evidence-pack-v001.md,single_claim; single_source; region_unrecorded; period_unrecorded; explanation_only; source_date_unrecorded,4,structural_pass; individual source recheck pending
58,otsuyu_botan_doro,お露（牡丹燈籠）,おつゆ,,named_supernatural_entity,,,claim_0090; claim_0091,source_0062; source_0063,institutional_catalog; institutional_explanation,2,2,,region_unrecorded; period_unrecorded,0,structural_pass; individual source recheck pending
59,oyone_botan_doro,お米（牡丹燈籠）,およね,,named_supernatural_entity,,,claim_0092; claim_0093,source_0062; source_0063,institutional_catalog; institutional_explanation,2,2,,region_unrecorded; period_unrecorded,0,structural_pass; individual source recheck pending
60,sakura_sogo,佐倉惣五郎,さくらそうごろう,佐倉宗吾; 木内惣五郎,historical_person_in_supernatural_tradition,,,claim_0094; claim_0095,source_0064; source_0065,institutional_explanation; research_article,2,2,research/source-deepening/sakura_sogo/evidence-pack-v001.md,region_unrecorded; period_unrecorded; claim_probable; source_date_unrecorded,9,structural_pass; individual source recheck pending
61,kurama_sojobou,鞍馬山僧正坊,くらまやまそうじょうぼう,,named_supernatural_entity,,,claim_0096,source_0066,institutional_explanation,1,1,,single_claim; single_source; region_unrecorded; period_unrecorded; explanation_only; source_date_unrecorded,4,structural_pass; individual source recheck pending
62,hieizan_jirobou,比叡山次郎坊,ひえいざんじろうぼう,,named_supernatural_entity,,,claim_0097,source_0067,database_record,1,1,,single_claim; single_source; region_unrecorded; period_unrecorded; database_only,6,structural_pass; individual source recheck pending
63,zenkaibou,善界坊,ぜかいぼう,,named_supernatural_entity,,,claim_0098,source_0068,institutional_explanation,1,1,,single_claim; single_source; region_unrecorded; period_unrecorded; explanation_only,3,structural_pass; individual source recheck pending
64,iizuna_saburo,飯綱三郎,いいづなさぶろう,,named_supernatural_entity,,,claim_0099,source_0069,database_record,1,1,,single_claim; single_source; region_unrecorded; period_unrecorded; database_only,6,structural_pass; individual source recheck pending
65,genkuro_gitsune_senbonzakura,源九郎狐（義経千本桜）,げんくろうぎつね,,named_supernatural_entity,,,claim_0100; claim_0101,source_0070,institutional_explanation,2,1,,single_source; region_unrecorded; period_unrecorded; explanation_only; source_date_unrecorded,3,structural_pass; individual source recheck pending
66,sotan_gitsune,宗旦狐,そうたんぎつね,,named_supernatural_entity,,,claim_0102,source_0071,database_record,1,1,,single_claim; single_source; region_unrecorded; period_unrecorded; database_only,6,structural_pass; individual source recheck pending
67,otora_gitsune,おとら狐,おとらぎつね,,named_supernatural_entity,,,claim_0103,source_0072,database_record,1,1,,single_claim; single_source; region_unrecorded; period_unrecorded; database_only,6,structural_pass; individual source recheck pending
68,futatsuiwa_danzaburo,二つ岩の団三郎,ふたついわのだんざぶろう,,named_supernatural_entity,,,claim_0104; claim_0105,source_0073; source_0074,database_record; institutional_catalog,2,2,,region_unrecorded; period_unrecorded; source_date_unrecorded,1,structural_pass; individual source recheck pending
69,shibaemon_danuki,芝右衛門狸,しばえもんだぬき,,named_supernatural_entity,,,claim_0106,source_0075,database_record,1,1,,single_claim; single_source; region_unrecorded; period_unrecorded; database_only,6,structural_pass; individual source recheck pending
70,kusenbou,九千坊,くせんぼう,,named_supernatural_entity,,,claim_0107,source_0076,research_article,1,1,,single_claim; single_source; region_unrecorded; period_unrecorded,3,structural_pass; individual source recheck pending
71,kotoribaa,子取婆,ことりばあ,,folklore_being,香川県三豊市,,claim_0108,source_0077,database_record,1,1,research/source-deepening/kotoribaa/evidence-pack-v001.md,single_claim; single_source; period_unrecorded; database_only,6,structural_pass; individual source recheck pending
72,aburatori,油取り,あぶらとり,,folklore_being,岩手県遠野市,,claim_0109,source_0078,database_record,1,1,research/source-deepening/aburatori/evidence-pack-v001.md,single_claim; single_source; period_unrecorded; database_only,6,structural_pass; individual source recheck pending
73,aka_manto_child_snatcher,赤マント,,,folklore_being,,,claim_0110,source_0079,institutional_explanation,1,1,research/source-deepening/aka-manto/evidence-pack-v001.md,single_claim; single_source; kana_unrecorded; region_unrecorded; period_unrecorded; explanation_only; duplicate_source_url; source_date_unrecorded,9,structural_pass; individual source recheck pending
74,hidarugami,ヒダル神,ひだるかみ,,folklore_being,奈良県宇陀郡,,claim_0111,source_0080,database_record,1,1,,single_claim; single_source; period_unrecorded; database_only,6,structural_pass; individual source recheck pending
75,hitotatara,ヒトタタラ,ひとたたら,,folklore_being,和歌山県東牟婁郡那智勝浦町,,claim_0112,source_0081,database_record,1,1,,single_claim; single_source; period_unrecorded; database_only,6,structural_pass; individual source recheck pending
76,nanji,ナンジ,,,named_supernatural_entity,熊野古道,,claim_0113,source_0087,institutional_explanation,1,1,,single_claim; single_source; kana_unrecorded; period_unrecorded; explanation_only; duplicate_source_url; source_date_unrecorded,9,structural_pass; individual source recheck pending
77,okuriookami,送り狼,おくりおおかみ,,folklore_being,岐阜県恵那市山岡町; 兵庫県加西市,,claim_0114; claim_0115,source_0082; source_0083,database_record,2,2,research/source-deepening/okuriookami/evidence-pack-v001.md,period_unrecorded; database_only,3,structural_pass; individual source recheck pending
78,betobeto_san,ベトベトさん,べとべとさん,,supernatural_phenomenon,奈良県宇陀市大宇陀町,,claim_0116,source_0084,database_record,1,1,research/source-deepening/betobeto_san/evidence-pack-v001.md,single_claim; single_source; period_unrecorded; database_only,6,structural_pass; individual source recheck pending
79,gouriki_san,ゴウリキさん,ごうりきさん,,supernatural_phenomenon,山形県庄内地方,,claim_0117,source_0085,database_record,1,1,,single_claim; single_source; period_unrecorded; database_only,6,structural_pass; individual source recheck pending
80,okurisuzume,送り雀,おくりすずめ,,folklore_being,紀州地方,,claim_0118,source_0086,database_record,1,1,,single_claim; single_source; period_unrecorded; database_only,6,structural_pass; individual source recheck pending
81,tofu_kozo,豆腐小僧,とうふこぞう,,named_supernatural_entity,,edo; heisei,claim_0119; claim_0120; claim_0121; claim_0122,source_0088; source_0089; source_0090; source_0091,database_record; institutional_explanation; primary_or_early_source,4,4,research/source-deepening/tofu-kozo/evidence-pack-v001.md,region_unrecorded; source_date_unrecorded,1,structural_pass; individual source recheck pending
82,aobozu,青坊主,あおぼうず,,folklore_being,香川県,,claim_0123,source_0092,database_record,1,1,,single_claim; single_source; period_unrecorded; database_only,6,structural_pass; individual source recheck pending
83,azuki_arai,小豆洗い,あずきあらい,,folklore_being,群馬県,,claim_0124,source_0093,database_record,1,1,research/source-deepening/azuki_arai/evidence-pack-v001.md,single_claim; single_source; period_unrecorded; database_only,6,structural_pass; individual source recheck pending
84,akamata,赤又,あかまた,,named_supernatural_entity,沖縄県,,claim_0125,source_0094,database_record,1,1,,single_claim; single_source; period_unrecorded; database_only,6,structural_pass; individual source recheck pending
85,nekomata,猫又,ねこまた,,folklore_being,島根県,,claim_0126,source_0095,database_record,1,1,research/source-deepening/nekomata/evidence-pack-v001.md,single_claim; single_source; period_unrecorded; database_only,6,structural_pass; individual source recheck pending
86,hitotsume_kozo,一ツ目子僧,ひとつめこぞう,,folklore_being,神奈川県,,claim_0127,source_0096,database_record,1,1,,single_claim; single_source; period_unrecorded; database_only,6,structural_pass; individual source recheck pending
87,yuki_onna,雪女,ゆきおんな,,folklore_being,鳥取県,,claim_0128,source_0097,database_record,1,1,research/source-deepening/yuki_onna/evidence-pack-v001.md,single_claim; single_source; period_unrecorded; database_only,6,structural_pass; individual source recheck pending
88,mikoshi_nyudo,見越し入道,みこしにゅうどう,,folklore_being,長崎県,,claim_0129,source_0098,database_record,1,1,,single_claim; single_source; period_unrecorded; database_only,6,structural_pass; individual source recheck pending
89,ushi_oni,牛鬼,うしおに,,folklore_being,三重県,,claim_0130,source_0099,database_record,1,1,,single_claim; single_source; period_unrecorded; database_only,6,structural_pass; individual source recheck pending
90,ittan_momen,一反木綿,いったんもめん,,folklore_being,鹿児島県,,claim_0131,source_0100,database_record,1,1,,single_claim; single_source; period_unrecorded; database_only,6,structural_pass; individual source recheck pending
91,kamaitachi,鎌鼬,かまいたち,,supernatural_phenomenon,埼玉県,,claim_0132,source_0101,database_record,1,1,research/source-deepening/kamaitachi/evidence-pack-v001.md,single_claim; single_source; period_unrecorded; database_only,6,structural_pass; individual source recheck pending
92,nurikabe,塗り壁,ぬりかべ,,supernatural_phenomenon,福岡県,,claim_0133,source_0102,database_record,1,1,research/source-deepening/nurikabe/evidence-pack-v001.md,single_claim; single_source; period_unrecorded; database_only,6,structural_pass; individual source recheck pending
93,yuki_nyudo,雪入道,ゆきにゅうどう,,folklore_being,岐阜県,,claim_0134,source_0103,database_record,1,1,,single_claim; single_source; period_unrecorded; database_only,6,structural_pass; individual source recheck pending
94,kijimuna,キジムナー,きじむなー,,folklore_being,沖縄県,,claim_0135,source_0104,database_record,1,1,research/source-deepening/kijimuna/evidence-pack-v001.md,single_claim; single_source; period_unrecorded; database_only,6,structural_pass; individual source recheck pending
95,kenmun,ケンムン,けんむん,,folklore_being,鹿児島県,,claim_0136,source_0105,database_record,1,1,research/source-deepening/kenmun/evidence-pack-v001.md,single_claim; single_source; period_unrecorded; database_only,6,structural_pass; individual source recheck pending
96,yamawaro,ヤマワロ,やまわろ,,folklore_being,熊本県,,claim_0137,source_0106,database_record,1,1,,single_claim; single_source; period_unrecorded; database_only,6,structural_pass; individual source recheck pending
97,iso_onna,磯女,いそおんな,,folklore_being,長崎県,,claim_0138,source_0107,database_record,1,1,,single_claim; single_source; period_unrecorded; database_only,6,structural_pass; individual source recheck pending
98,mizuchi,蛟,みずち,,folklore_being,大阪府,,claim_0139,source_0108,database_record,1,1,research/source-deepening/mizuchi/evidence-pack-v001.md,single_claim; single_source; period_unrecorded; database_only,6,structural_pass; individual source recheck pending
99,yamabiko,山彦,やまびこ,,supernatural_phenomenon,島根県,,claim_0140,source_0109,database_record,1,1,research/source-deepening/yamabiko/evidence-pack-v001.md,single_claim; single_source; period_unrecorded; database_only,6,structural_pass; individual source recheck pending
100,ubume,産女,うぶめ,,folklore_being,大分県,,claim_0141,source_0110,database_record,1,1,research/source-deepening/ubume/evidence-pack-v001.md,single_claim; single_source; period_unrecorded; database_only,6,structural_pass; individual source recheck pending
101,aburaname,油舐め,あぶらなめ,,folklore_being,,,claim_0142,source_0111,institutional_catalog,1,1,,single_claim; single_source; region_unrecorded; period_unrecorded; catalog_only; source_date_unrecorded,8,structural_pass; individual source recheck pending
102,tenome,手の目,てのめ,,folklore_being,,,claim_0143,source_0112,institutional_catalog,1,1,,single_claim; single_source; region_unrecorded; period_unrecorded; catalog_only; source_date_unrecorded,8,structural_pass; individual source recheck pending
103,umizato,海座頭,うみざとう,,folklore_being,,,claim_0144,source_0113,institutional_catalog,1,1,,single_claim; single_source; region_unrecorded; period_unrecorded; catalog_only; source_date_unrecorded,8,structural_pass; individual source recheck pending
104,noderabo,野寺坊,のでらぼう,,folklore_being,,,claim_0145,source_0114,institutional_catalog,1,1,,single_claim; single_source; region_unrecorded; period_unrecorded; catalog_only; source_date_unrecorded,8,structural_pass; individual source recheck pending
105,gagoze,ガゴゼ,がごぜ,,folklore_being,,,claim_0146,source_0115,institutional_catalog,1,1,,single_claim; single_source; region_unrecorded; period_unrecorded; catalog_only; source_date_unrecorded,8,structural_pass; individual source recheck pending
106,yanari,家鳴り,やなり,,supernatural_phenomenon,,,claim_0147,source_0116,institutional_catalog,1,1,,single_claim; single_source; region_unrecorded; period_unrecorded; catalog_only; source_date_unrecorded,8,structural_pass; individual source recheck pending
107,uwan,うわん,うわん,,folklore_being,,,claim_0148,source_0117,institutional_catalog,1,1,,single_claim; single_source; region_unrecorded; period_unrecorded; catalog_only; source_date_unrecorded,8,structural_pass; individual source recheck pending
108,ouni,苧うに,おうに,,folklore_being,,,claim_0149,source_0118,institutional_catalog,1,1,,single_claim; single_source; region_unrecorded; period_unrecorded; catalog_only; source_date_unrecorded,8,structural_pass; individual source recheck pending
109,tsurubebi,釣瓶火,つるべび,,supernatural_phenomenon,,,claim_0150,source_0119,institutional_catalog,1,1,,single_claim; single_source; region_unrecorded; period_unrecorded; catalog_only; source_date_unrecorded,8,structural_pass; individual source recheck pending
110,hyosube,兵主部,ひょうすべ,,folklore_being,,,claim_0151,source_0120,institutional_catalog,1,1,,single_claim; single_source; region_unrecorded; period_unrecorded; catalog_only; source_date_unrecorded,8,structural_pass; individual source recheck pending
111,takaonna,高女,たかおんな,,folklore_being,,,claim_0152,source_0121,institutional_catalog,1,1,,single_claim; single_source; region_unrecorded; period_unrecorded; catalog_only; source_date_unrecorded,8,structural_pass; individual source recheck pending
112,tesso,鉄鼠,てっそ,,folklore_being,,,claim_0153,source_0122,institutional_catalog,1,1,,single_claim; single_source; region_unrecorded; period_unrecorded; catalog_only; source_date_unrecorded,8,structural_pass; individual source recheck pending
113,hachiotarou,八郎太郎,はちろうたろう,,named_supernatural_entity,秋田県,,claim_0154,source_0123,institutional_explanation,1,1,,single_claim; single_source; period_unrecorded; explanation_only; source_date_unrecorded,4,structural_pass; individual source recheck pending
114,nansobo,南祖坊,なんそぼう,,named_supernatural_entity,青森県; 秋田県,,claim_0155,source_0123,institutional_explanation,1,1,,single_claim; single_source; period_unrecorded; explanation_only; source_date_unrecorded,4,structural_pass; individual source recheck pending
115,tatsukohime,辰子姫,たつこひめ,,named_supernatural_entity,秋田県,,claim_0156,source_0124,institutional_explanation,1,1,,single_claim; single_source; period_unrecorded; explanation_only; source_date_unrecorded,4,structural_pass; individual source recheck pending
116,samuto_no_baa,サムトの婆,さむとのばあ,,named_supernatural_entity,岩手県,,claim_0157,source_0125,database_record,1,1,,single_claim; single_source; period_unrecorded; database_only,6,structural_pass; individual source recheck pending
117,nanahironna,七尋女,ななひろおんな,,folklore_being,鳥取県,,claim_0158,source_0126,database_record,1,1,,single_claim; single_source; period_unrecorded; database_only,6,structural_pass; individual source recheck pending
118,kaguhana,聞鼻,かぐはな,,folklore_being,高知県,,claim_0159,source_0127,database_record,1,1,,single_claim; single_source; period_unrecorded; database_only,6,structural_pass; individual source recheck pending
119,oroku_jizo,お六地蔵,おろくじぞう,,named_supernatural_entity,新潟県,,claim_0160,source_0128,database_record,1,1,,single_claim; single_source; period_unrecorded; database_only,6,structural_pass; individual source recheck pending
120,oso,オソ,おそ,,folklore_being,愛媛県,,claim_0161,source_0129,database_record,1,1,,single_claim; single_source; period_unrecorded; database_only,6,structural_pass; individual source recheck pending
121,kakurebaba,隠れ婆,かくればば,,folklore_being,兵庫県,,claim_0162,source_0130,database_record,1,1,,single_claim; single_source; period_unrecorded; database_only,6,structural_pass; individual source recheck pending
122,kometogibaba,米とぎ婆,こめとぎばばあ,,folklore_being,宮城県,,claim_0163,source_0131,database_record,1,1,,single_claim; single_source; period_unrecorded; database_only,6,structural_pass; individual source recheck pending
123,ashikakibabaa,足かき婆あ,あしかきばばあ,,folklore_being,栃木県,,claim_0164,source_0132,database_record,1,1,,single_claim; single_source; period_unrecorded; database_only,6,structural_pass; individual source recheck pending
124,somen_jizo,素麺地蔵,そうめんじぞう,,named_supernatural_entity,静岡県,,claim_0165,source_0133,database_record,1,1,,single_claim; single_source; period_unrecorded; database_only,6,structural_pass; individual source recheck pending
125,asobi_jizo,遊び地蔵,あそびじぞう,,named_supernatural_entity,岩手県,,claim_0166,source_0134,database_record,1,1,,single_claim; single_source; period_unrecorded; database_only,6,structural_pass; individual source recheck pending
126,oitekebori,置いてけ堀,おいてけぼり,,supernatural_phenomenon,東京都,,claim_0167,source_0135,institutional_explanation,1,1,research/source-deepening/oitekebori/evidence-pack-v001.md,single_claim; single_source; period_unrecorded; explanation_only,3,structural_pass; individual source recheck pending
127,tanukibayashi,狸囃子,たぬきばやし,,supernatural_phenomenon,東京都,,claim_0168,source_0135,institutional_explanation,1,1,research/source-deepening/tanukibayashi/evidence-pack-v001.md,single_claim; single_source; period_unrecorded; explanation_only,3,structural_pass; individual source recheck pending
128,kiezuno_andon,消えずの行灯,きえずのあんどん,,supernatural_phenomenon,東京都,,claim_0169,source_0135,institutional_explanation,1,1,,single_claim; single_source; period_unrecorded; explanation_only,3,structural_pass; individual source recheck pending
129,akarinashi_no_soba,灯りなしの蕎麦,あかりなしのそば,,supernatural_phenomenon,東京都,,claim_0170,source_0135,institutional_explanation,1,1,,single_claim; single_source; period_unrecorded; explanation_only,3,structural_pass; individual source recheck pending
130,okuri_chochin,送り提灯,おくりちょうちん,,supernatural_phenomenon,東京都,,claim_0171,source_0135,institutional_explanation,1,1,,single_claim; single_source; period_unrecorded; explanation_only,3,structural_pass; individual source recheck pending
131,okuri_hyoshigi,送り拍子木,おくりひょうしぎ,,supernatural_phenomenon,東京都,,claim_0172,source_0135,institutional_explanation,1,1,,single_claim; single_source; period_unrecorded; explanation_only,3,structural_pass; individual source recheck pending
132,kataha_no_ashi,片葉の芦,かたはのあし,,supernatural_phenomenon,東京都,,claim_0173,source_0135,institutional_explanation,1,1,,single_claim; single_source; period_unrecorded; explanation_only,3,structural_pass; individual source recheck pending
133,ashiarai_yashiki,足洗い屋敷,あしあらいやしき,,supernatural_phenomenon,東京都,,claim_0174,source_0135,institutional_explanation,1,1,,single_claim; single_source; period_unrecorded; explanation_only,3,structural_pass; individual source recheck pending
134,hayataro,早太郎,はやたろう,,named_supernatural_entity,長野県; 静岡県,,claim_0175,source_0136,institutional_explanation,1,1,,single_claim; single_source; period_unrecorded; explanation_only; source_date_unrecorded,4,structural_pass; individual source recheck pending
135,genko_gitsune,玄古狐,げんこぎつね,,named_supernatural_entity,北海道,,claim_0176,source_0137,database_record,1,1,,single_claim; single_source; period_unrecorded; database_only,6,structural_pass; individual source recheck pending
136,koropokkuru,コロポックル,ころぽっくる,,folklore_being,北海道,,claim_0177,source_0138,database_record,1,1,research/source-deepening/koropokkuru/evidence-pack-v001.md,single_claim; single_source; period_unrecorded; database_only,6,structural_pass; individual source recheck pending
137,oohito,大人,おおひと,,folklore_being,青森県,,claim_0178,source_0139,database_record,1,1,,single_claim; single_source; period_unrecorded; database_only,6,structural_pass; individual source recheck pending
138,hihi,狒狒,ひひ,,folklore_being,秋田県,,claim_0179,source_0140,database_record,1,1,,single_claim; single_source; period_unrecorded; database_only,6,structural_pass; individual source recheck pending
139,aeoina_kamuy,アエオイナカムイ,あえおいなかむい,,named_supernatural_entity,北海道,,claim_0180,source_0141,database_record,1,1,,single_claim; single_source; period_unrecorded; database_only,6,structural_pass; individual source recheck pending
140,ryubi,龍燈,りゅうび,,supernatural_phenomenon,石川県,,claim_0181,source_0142,database_record,1,1,research/source-deepening/ryubi/evidence-pack-v001.md,single_claim; single_source; period_unrecorded; database_only,6,structural_pass; individual source recheck pending
141,ushi_majimun,牛マジムン,うしまじむん,,folklore_being,沖縄県,,claim_0182,source_0143,database_record,1,1,,single_claim; single_source; period_unrecorded; database_only,6,structural_pass; individual source recheck pending
142,kijin,鬼人,きじん,,folklore_being,沖縄県,,claim_0183,source_0144,database_record,1,1,,single_claim; single_source; period_unrecorded; database_only,6,structural_pass; individual source recheck pending
143,momonga,モモンガ,ももんが,,folklore_being,長野県,,claim_0184,source_0145,database_record,1,1,,single_claim; single_source; period_unrecorded; database_only,6,structural_pass; individual source recheck pending
144,yamaotoko,山男,やまおとこ,,folklore_being,長野県,,claim_0185,source_0146,database_record,1,1,,single_claim; single_source; period_unrecorded; database_only,6,structural_pass; individual source recheck pending
145,hachimen_daiou,八面大王,はちめんだいおう,,named_supernatural_entity,長野県,,claim_0186,source_0147,database_record,1,1,,single_claim; single_source; period_unrecorded; database_only,6,structural_pass; individual source recheck pending
146,kubimoge_jizo,首もげ地蔵,くびもげじぞう,,named_supernatural_entity,宮城県,,claim_0187,source_0148,database_record,1,1,,single_claim; single_source; period_unrecorded; database_only,6,structural_pass; individual source recheck pending
147,warai_onna,笑女,わらいおんな,,folklore_being,高知県,,claim_0188,source_0149,database_record,1,1,,single_claim; single_source; period_unrecorded; database_only,6,structural_pass; individual source recheck pending
148,umashika,馬鹿,うましか,,folklore_being,,,claim_0189,source_0150,institutional_catalog,1,1,,single_claim; single_source; region_unrecorded; period_unrecorded; catalog_only; source_date_unrecorded,8,structural_pass; individual source recheck pending
149,nobusuma,のぶすま,のぶすま,,folklore_being,,,claim_0190,source_0151,institutional_catalog,1,1,,single_claim; single_source; region_unrecorded; period_unrecorded; catalog_only; source_date_unrecorded,8,structural_pass; individual source recheck pending
150,domokomo,どふもこうも,どふもこうも,,folklore_being,,,claim_0191,source_0152,institutional_catalog,1,1,,single_claim; single_source; region_unrecorded; period_unrecorded; catalog_only; source_date_unrecorded,8,structural_pass; individual source recheck pending
151,hagiwara,禿童,はぎわら,,named_supernatural_entity,長崎県,,claim_0192,source_0153,database_record,1,1,,single_claim; single_source; period_unrecorded; database_only,6,structural_pass; individual source recheck pending
152,seko,セコ,せこ,,folklore_being,熊本県,,claim_0193,source_0154,database_record,1,1,,single_claim; single_source; period_unrecorded; database_only,6,structural_pass; individual source recheck pending
153,yamaonago,山女,やまおなご,,folklore_being,宮崎県,,claim_0194,source_0155,database_record,1,1,,single_claim; single_source; period_unrecorded; database_only,6,structural_pass; individual source recheck pending
154,oton_gitsune,おとん狐,おとんきつね,,named_supernatural_entity,鳥取県,,claim_0195,source_0156,database_record,1,1,,single_claim; single_source; period_unrecorded; database_only,6,structural_pass; individual source recheck pending
155,mado,魔ドー,まどー,,folklore_being,高知県,,claim_0196,source_0157,database_record,1,1,,single_claim; single_source; period_unrecorded; database_only,6,structural_pass; individual source recheck pending
156,kosodate_yurei,子育て幽霊,こそだてゆうれい,,folklore_being,香川県,,claim_0197,source_0158,database_record,1,1,,single_claim; single_source; period_unrecorded; database_only,6,structural_pass; individual source recheck pending
157,gedo,ゲドウ,げどう,,folklore_being,広島県,,claim_0198,source_0159,database_record,1,1,,single_claim; single_source; period_unrecorded; database_only,6,structural_pass; individual source recheck pending
158,oketataki,オケタタキ,おけたたき,,folklore_being,香川県,,claim_0199,source_0160,database_record,1,1,,single_claim; single_source; period_unrecorded; database_only,6,structural_pass; individual source recheck pending
159,ohendosan,オヘンドサン,おへんどさん,,named_supernatural_entity,香川県,,claim_0200,source_0161,database_record,1,1,,single_claim; single_source; period_unrecorded; database_only,6,structural_pass; individual source recheck pending
160,minomushi_road,ミノムシ,みのむし,,supernatural_phenomenon,新潟県,,claim_0201,source_0162,database_record,1,1,,single_claim; single_source; period_unrecorded; database_only,6,structural_pass; individual source recheck pending
161,norikoshi,ノリコシ,のりこし,,folklore_being,岩手県,,claim_0202,source_0163,database_record,1,1,,single_claim; single_source; period_unrecorded; database_only,6,structural_pass; individual source recheck pending
162,bouko,ボウコ,ぼうこ,,folklore_being,山形県,,claim_0203,source_0164,database_record,1,1,,single_claim; single_source; period_unrecorded; database_only,6,structural_pass; individual source recheck pending
163,azuchi_yusen_ongaku,遊船音楽,ゆうせんおんがく,,supernatural_phenomenon,滋賀県,,claim_0204,source_0165,database_record,1,1,research/source-deepening/azuchi_yusen_ongaku/evidence-pack-v001.md,single_claim; single_source; period_unrecorded; database_only,6,structural_pass; individual source recheck pending
164,hitoboshi,ヒトボシ,ひとぼし,,supernatural_phenomenon,富山県,,claim_0205,source_0166,database_record,1,1,,single_claim; single_source; period_unrecorded; database_only,6,structural_pass; individual source recheck pending
165,yamaoji,山オヂ,やまおじ,,folklore_being,和歌山県,,claim_0206,source_0167,database_record,1,1,,single_claim; single_source; period_unrecorded; database_only,6,structural_pass; individual source recheck pending
166,jadoku_sama,じゃどく様,じゃどくさま,,named_supernatural_entity,愛知県,,claim_0207,source_0168,database_record,1,1,,single_claim; single_source; period_unrecorded; database_only,6,structural_pass; individual source recheck pending
167,hokutoshin,北斗神,ほくとしん,,named_supernatural_entity,愛知県,,claim_0208,source_0169,database_record,1,1,,single_claim; single_source; period_unrecorded; database_only,6,structural_pass; individual source recheck pending
168,daikairyuu_ookami,大海龍大神,だいかいりゅうおおかみ,,named_supernatural_entity,愛知県,,claim_0209,source_0170,database_record,1,1,,single_claim; single_source; period_unrecorded; database_only,6,structural_pass; individual source recheck pending
169,kurohime_sama,黒姫様,くろひめさま,,named_supernatural_entity,愛知県,,claim_0210,source_0171,database_record,1,1,,single_claim; single_source; period_unrecorded; database_only,6,structural_pass; individual source recheck pending
170,mikaeri_baasan,ミカエリ婆さん,みかえりばあさん,,folklore_being,神奈川県,,claim_0211,source_0172,database_record,1,1,,single_claim; single_source; period_unrecorded; database_only,6,structural_pass; individual source recheck pending
171,fukutaro,福太郎,ふくたろう,,named_supernatural_entity,神奈川県,,claim_0212,source_0173,database_record,1,1,,single_claim; single_source; period_unrecorded; database_only,6,structural_pass; individual source recheck pending
172,sanmi_inari,三位稲荷,さんみいなり,,named_supernatural_entity,埼玉県,,claim_0213,source_0174,database_record,1,1,,single_claim; single_source; period_unrecorded; database_only,6,structural_pass; individual source recheck pending
173,kawa_tengu,川天狗,かわてんぐ,,folklore_being,神奈川県,,claim_0214,source_0175,database_record,1,1,,single_claim; single_source; period_unrecorded; database_only,6,structural_pass; individual source recheck pending
174,imida,忌田,いみだ,,supernatural_phenomenon,群馬県,,claim_0215,source_0176,database_record,1,1,,single_claim; single_source; period_unrecorded; database_only,6,structural_pass; individual source recheck pending
175,kudagitsune,クダキツネ,くだきつね,,folklore_being,長野県,,claim_0216,source_0177,database_record,1,1,,single_claim; single_source; period_unrecorded; database_only,6,structural_pass; individual source recheck pending
176,moriya_kikyo,花の咲かない桔梗,はなのさかないききょう,,supernatural_phenomenon,茨城県,,claim_0217,source_0178,institutional_explanation,1,1,,single_claim; single_source; period_unrecorded; explanation_only,3,structural_pass; individual source recheck pending
177,moriya_shirasagi_no_rei,シラサギの霊,しらさぎのれい,,named_supernatural_entity,茨城県,,claim_0218,source_0178,institutional_explanation,1,1,,single_claim; single_source; period_unrecorded; explanation_only,3,structural_pass; individual source recheck pending
178,moriya_chiwo_nagasu_osugi,血を流す大杉,ちをながすおおすぎ,,supernatural_phenomenon,茨城県,,claim_0219,source_0178,institutional_explanation,1,1,,single_claim; single_source; period_unrecorded; explanation_only,3,structural_pass; individual source recheck pending
179,tora_yakushi_mitarai_ike,寅薬師と御手洗池,とらやくしとみたらいいけ,,supernatural_phenomenon,茨城県,,claim_0220,source_0178,institutional_explanation,1,1,,single_claim; single_source; period_unrecorded; explanation_only,3,structural_pass; individual source recheck pending
180,tamaya_hanare_zashiki,玉屋の離れ座敷,たまやのはなれざしき,,supernatural_phenomenon,茨城県,,claim_0221,source_0178,institutional_explanation,1,1,,single_claim; single_source; period_unrecorded; explanation_only,3,structural_pass; individual source recheck pending
181,sanyasama_no_enoki,三夜様の榎,さんやさまのえのき,,supernatural_phenomenon,茨城県,,claim_0222,source_0178,institutional_explanation,1,1,,single_claim; single_source; period_unrecorded; explanation_only,3,structural_pass; individual source recheck pending
182,takano_obake_ishi,高野のお化け石,たかののおばけいし,,supernatural_phenomenon,茨城県,,claim_0223,source_0178,institutional_explanation,1,1,,single_claim; single_source; period_unrecorded; explanation_only,3,structural_pass; individual source recheck pending
183,kashima_myojin_no_shika,鹿島明神の鹿,かしまみょうじんのしか,,named_supernatural_entity,福井県,,claim_0224,source_0179,institutional_explanation,1,1,,single_claim; single_source; period_unrecorded; explanation_only,3,structural_pass; individual source recheck pending
184,ofudegusa,お筆草,おふでぐさ,,supernatural_phenomenon,福井県,,claim_0225,source_0179,institutional_explanation,1,1,,single_claim; single_source; period_unrecorded; explanation_only,3,structural_pass; individual source recheck pending
185,okoshikake_no_ishi,お腰掛の石,おこしかけのいし,,supernatural_phenomenon,福井県,,claim_0226,source_0179,institutional_explanation,1,1,,single_claim; single_source; period_unrecorded; explanation_only,3,structural_pass; individual source recheck pending
186,ohanamatsu,お花松,おはなまつ,,supernatural_phenomenon,福井県,,claim_0227,source_0179,institutional_explanation,1,1,,single_claim; single_source; period_unrecorded; explanation_only,3,structural_pass; individual source recheck pending
187,konago_no_yurai,こなごの由来,こなごのゆらい,,supernatural_phenomenon,福井県,,claim_0228,source_0179,institutional_explanation,1,1,,single_claim; single_source; period_unrecorded; explanation_only,3,structural_pass; individual source recheck pending
188,rennyo_gani,蓮如がに,れんにょがに,,folklore_being,福井県,,claim_0229,source_0179,institutional_explanation,1,1,,single_claim; single_source; period_unrecorded; explanation_only,3,structural_pass; individual source recheck pending
189,ogarasu,神鴉,おがらす,,folklore_being,広島県,,claim_0230,source_0180,institutional_explanation,1,1,,single_claim; single_source; period_unrecorded; explanation_only; source_date_unrecorded,4,structural_pass; individual source recheck pending
190,misen_no_taimatsu,弥山の松明,みせんのたいまつ,,supernatural_phenomenon,広島県,,claim_0231,source_0180,institutional_explanation,1,1,,single_claim; single_source; period_unrecorded; explanation_only; source_date_unrecorded,4,structural_pass; individual source recheck pending
191,misen_no_hyoshigi,弥山の拍子木,みせんのひょうしぎ,,supernatural_phenomenon,広島県,,claim_0232,source_0180,institutional_explanation,1,1,,single_claim; single_source; period_unrecorded; explanation_only; source_date_unrecorded,4,structural_pass; individual source recheck pending
192,miyajima_misaki,みさき,みさき,,supernatural_phenomenon,広島県,,claim_0233,source_0180,institutional_explanation,1,1,,single_claim; single_source; period_unrecorded; explanation_only; source_date_unrecorded,4,structural_pass; individual source recheck pending
193,miyajima_yuki_no_ato,雪の跡,ゆきのあと,,supernatural_phenomenon,広島県,,claim_0234,source_0180,institutional_explanation,1,1,,single_claim; single_source; period_unrecorded; explanation_only; source_date_unrecorded,4,structural_pass; individual source recheck pending
194,sasayama_makegirai_inari,負け嫌い稲荷,まけぎらいいなり,,named_supernatural_entity,兵庫県,,claim_0235,source_0182,institutional_explanation,1,1,,single_claim; single_source; period_unrecorded; explanation_only,3,structural_pass; individual source recheck pending
195,kannonbashi_yonaki_enoki,観音橋の夜泣榎,かんのんばしのよなきえのき,,supernatural_phenomenon,兵庫県,,claim_0236,source_0181,institutional_explanation,1,1,,single_claim; single_source; period_unrecorded; explanation_only,3,structural_pass; individual source recheck pending
196,doteura_ochobo,土手裏のおちょぼ,どてうらのおちょぼ,,named_supernatural_entity,兵庫県,,claim_0237,source_0181,institutional_explanation,1,1,,single_claim; single_source; period_unrecorded; explanation_only,3,structural_pass; individual source recheck pending
197,kawanchou_hanaguro,川ン丁の鼻黒,かわんちょうのはなぐろ,,folklore_being,兵庫県,,claim_0238,source_0181,institutional_explanation,1,1,,single_claim; single_source; period_unrecorded; explanation_only,3,structural_pass; individual source recheck pending
198,ino_kaya_no_ki,井の榧の木,いのかやのき,,supernatural_phenomenon,兵庫県,,claim_0239,source_0181,institutional_explanation,1,1,,single_claim; single_source; period_unrecorded; explanation_only,3,structural_pass; individual source recheck pending
199,ipponmatsu_mikoshi_nyudo,一本松の見越しの入道,いっぽんまつのみこしのにゅうどう,,folklore_being,兵庫県,,claim_0240,source_0181,institutional_explanation,1,1,,single_claim; single_source; period_unrecorded; explanation_only,3,structural_pass; individual source recheck pending
200,banshobashi_sakekai_kozo,番所橋の酒買い小僧,ばんしょばしのさけかいこぞう,,folklore_being,兵庫県,,claim_0241,source_0181,institutional_explanation,1,1,,single_claim; single_source; period_unrecorded; explanation_only,3,structural_pass; individual source recheck pending
201,ome_mujina_baba,ムジナ婆,むじなばばあ,,folklore_being,東京都,,claim_0242,source_0183,institutional_explanation,1,1,,single_claim; single_source; period_unrecorded; explanation_only; source_date_unrecorded,4,structural_pass; individual source recheck pending
202,ome_ruten_saru_ningyo,流転のサル人形,るてんのさるにんぎょう,,supernatural_phenomenon,東京都,,claim_0243,source_0183,institutional_explanation,1,1,,single_claim; single_source; period_unrecorded; explanation_only; source_date_unrecorded,4,structural_pass; individual source recheck pending
203,ome_tenmaru,テンマル,てんまる,,folklore_being,東京都,,claim_0244,source_0183,institutional_explanation,1,1,,single_claim; single_source; period_unrecorded; explanation_only; source_date_unrecorded,4,structural_pass; individual source recheck pending
204,ome_kyutetsu_sama,休哲さま,きゅうてつさま,,historical_person_in_supernatural_tradition,東京都,,claim_0245,source_0183,institutional_explanation,1,1,,single_claim; single_source; period_unrecorded; explanation_only; source_date_unrecorded,4,structural_pass; individual source recheck pending
205,ome_azuki_baba,あずき婆,あずきばばあ,,folklore_being,東京都,,claim_0246,source_0183,institutional_explanation,1,1,,single_claim; single_source; period_unrecorded; explanation_only; source_date_unrecorded,4,structural_pass; individual source recheck pending
206,ome_okamurokko,おかむろっ子,おかむろっこ,,folklore_being,東京都,,claim_0247,source_0183,institutional_explanation,1,1,,single_claim; single_source; period_unrecorded; explanation_only; source_date_unrecorded,4,structural_pass; individual source recheck pending
207,ome_konnyaku_iwa,こんにゃく岩,こんにゃくいわ,,supernatural_phenomenon,東京都,,claim_0248,source_0183,institutional_explanation,1,1,,single_claim; single_source; period_unrecorded; explanation_only; source_date_unrecorded,4,structural_pass; individual source recheck pending
208,ome_haradachi_jizo,腹立ち地蔵,はらだちじぞう,,supernatural_phenomenon,東京都,,claim_0249,source_0183,institutional_explanation,1,1,,single_claim; single_source; period_unrecorded; explanation_only; source_date_unrecorded,4,structural_pass; individual source recheck pending
209,mitakesan_oinu_sama,御岳山のおいぬ様,みたけさんのおいぬさま,,named_supernatural_entity,東京都,,claim_0250,source_0183,institutional_explanation,1,1,,single_claim; single_source; period_unrecorded; explanation_only; source_date_unrecorded,4,structural_pass; individual source recheck pending
210,ome_sanjo_reiboku,山上の霊木,さんじょうのれいぼく,,supernatural_phenomenon,東京都,,claim_0251,source_0183,institutional_explanation,1,1,,single_claim; single_source; period_unrecorded; explanation_only; source_date_unrecorded,4,structural_pass; individual source recheck pending
211,taka_amanojaku,多可のあまんじゃく,たかのあまんじゃく,,folklore_being,兵庫県,,claim_0252,source_0184,institutional_explanation,1,1,,single_claim; single_source; period_unrecorded; explanation_only; source_date_unrecorded,4,structural_pass; individual source recheck pending
212,sasagamine_oni,篠ヶ峰の鬼,ささがみねのおに,,folklore_being,兵庫県,,claim_0253,source_0185,institutional_explanation,1,1,,single_claim; single_source; period_unrecorded; explanation_only; source_date_unrecorded,4,structural_pass; individual source recheck pending
213,chigusa_rojin,千草の老人,ちくさのろうじん,,named_supernatural_entity,兵庫県,,claim_0254,source_0186,institutional_explanation,1,1,,single_claim; single_source; period_unrecorded; explanation_only; source_date_unrecorded,4,structural_pass; individual source recheck pending
214,oyoshi_gitsune,およし狐,,,named_supernatural_entity,兵庫県,,claim_0255,source_0187,institutional_explanation,1,1,,single_claim; single_source; kana_unrecorded; period_unrecorded; explanation_only; source_date_unrecorded,4,structural_pass; individual source recheck pending
215,oryu_yanagi,おりゅう柳,おりゅうやなぎ,,named_supernatural_entity,兵庫県,,claim_0256,source_0188,institutional_explanation,1,1,,single_claim; single_source; period_unrecorded; explanation_only; source_date_unrecorded,4,structural_pass; individual source recheck pending
216,atago_tenma,愛宕神社の天馬,あたごじんじゃのてんま,,named_supernatural_entity,千葉県,,claim_0257,source_0189,institutional_explanation,1,1,,single_claim; single_source; period_unrecorded; explanation_only; source_date_unrecorded,4,structural_pass; individual source recheck pending
217,konoh_inari_daimyojin,古能葉稲荷大明神,このはいなりだいみょうじん,,named_supernatural_entity,千葉県,,claim_0258,source_0190,institutional_explanation,1,1,,single_claim; single_source; period_unrecorded; explanation_only; source_date_unrecorded,4,structural_pass; individual source recheck pending
218,kobuko_ojyoro,昆布子のお女郎,こぶこのおじょろう,,named_supernatural_entity,千葉県,,claim_0259,source_0191,institutional_explanation,1,1,,single_claim; single_source; period_unrecorded; explanation_only; source_date_unrecorded,4,structural_pass; individual source recheck pending
219,iidaka_tatarishi,祟石,たたりいし,,supernatural_phenomenon,千葉県,,claim_0260,source_0192,institutional_explanation,1,1,,single_claim; single_source; period_unrecorded; explanation_only; source_date_unrecorded,4,structural_pass; individual source recheck pending
220,ooura_kasagami,大浦瘡神,おおうらかさがみ,,named_supernatural_entity,千葉県,,claim_0261,source_0193,institutional_explanation,1,1,,single_claim; single_source; period_unrecorded; explanation_only; source_date_unrecorded,4,structural_pass; individual source recheck pending
221,kaminuma_ottsuan,神沼のおっつあん,かみぬまのおっつあん,,named_supernatural_entity,千葉県,,claim_0262,source_0194,institutional_explanation,1,1,,single_claim; single_source; period_unrecorded; explanation_only; source_date_unrecorded,4,structural_pass; individual source recheck pending
222,umeki_inari_sama,梅の木稲荷さま,うめのきいなりさま,,named_supernatural_entity,埼玉県,,claim_0263,source_0195,institutional_explanation,1,1,,single_claim; single_source; period_unrecorded; explanation_only,3,structural_pass; individual source recheck pending
223,bijogi_mizugane,水鐘,みずがね,,supernatural_phenomenon,埼玉県,,claim_0264,source_0196,institutional_explanation,1,1,,single_claim; single_source; period_unrecorded; explanation_only,3,structural_pass; individual source recheck pending
224,ome_hashi_wo_mamoru_hebi,橋を守るへび,はしをまもるへび,,folklore_being,東京都,,claim_0265,source_0183,institutional_explanation,1,1,,single_claim; single_source; period_unrecorded; explanation_only; source_date_unrecorded,4,structural_pass; individual source recheck pending
225,yokohama_youka_bozu,八日僧,,,folklore_being,神奈川県,,claim_0266,source_0198,institutional_explanation,1,1,,single_claim; single_source; kana_unrecorded; period_unrecorded; explanation_only,3,structural_pass; individual source recheck pending
226,kodama_sekien,木魅,こだま,,folklore_being,,,claim_0267,source_0001,institutional_catalog,1,1,,single_claim; single_source; region_unrecorded; period_unrecorded; catalog_only; source_date_unrecorded,8,structural_pass; individual source recheck pending
227,shirachigo_sekien,白児,しらちご,,folklore_being,,,claim_0268,source_0001,institutional_catalog,1,1,,single_claim; single_source; region_unrecorded; period_unrecorded; catalog_only; source_date_unrecorded,8,structural_pass; individual source recheck pending
228,kawauso_sekien,獺,かわうそ,,folklore_being,,,claim_0269,source_0001,institutional_catalog,1,1,,single_claim; single_source; region_unrecorded; period_unrecorded; catalog_only; source_date_unrecorded,8,structural_pass; individual source recheck pending
229,akaname_sekien,垢嘗,あかなめ,,folklore_being,,,claim_0270,source_0001,institutional_catalog,1,1,,single_claim; single_source; region_unrecorded; period_unrecorded; catalog_only; source_date_unrecorded,8,structural_pass; individual source recheck pending
230,tanuki_sekien,狸,,,folklore_being,,,claim_0271,source_0001,institutional_catalog,1,1,,single_claim; single_source; kana_unrecorded; region_unrecorded; period_unrecorded; catalog_only; source_date_unrecorded,8,structural_pass; individual source recheck pending
231,amikiri_sekien,網剪,あみきり,,folklore_being,,,claim_0272,source_0001,institutional_catalog,1,1,,single_claim; single_source; region_unrecorded; period_unrecorded; catalog_only; source_date_unrecorded,8,structural_pass; individual source recheck pending
232,jorogumo_sekien,絡新婦,じょろうぐも,,folklore_being,,,claim_0273,source_0001,institutional_catalog,1,1,research/source-deepening/jorogumo_sekien/evidence-pack-v001.md,single_claim; single_source; region_unrecorded; period_unrecorded; catalog_only; source_date_unrecorded,8,structural_pass; individual source recheck pending
233,konan_mikeneko,歌をうたうミケネコ,,,named_supernatural_entity,神奈川県,,claim_0274,source_0199,institutional_explanation,1,1,,single_claim; single_source; kana_unrecorded; period_unrecorded; explanation_only,3,structural_pass; individual source recheck pending
234,konan_sawage_baba,さわげ婆,,,named_supernatural_entity,神奈川県,,claim_0275,source_0200,institutional_explanation,1,1,,single_claim; single_source; kana_unrecorded; period_unrecorded; explanation_only,3,structural_pass; individual source recheck pending
235,konan_kubizuka_borei,首塚の亡霊,,,supernatural_phenomenon,神奈川県,,claim_0276,source_0201,institutional_explanation,1,1,research/source-deepening/konan_kubizuka_borei/evidence-pack-v001.md,single_claim; single_source; kana_unrecorded; period_unrecorded; explanation_only,3,structural_pass; individual source recheck pending
236,konan_awanosu_sama,アワノスさま,,,named_supernatural_entity,神奈川県,,claim_0277,source_0202,institutional_explanation,1,1,,single_claim; single_source; kana_unrecorded; period_unrecorded; explanation_only,3,structural_pass; individual source recheck pending
237,konan_nue_no_miya,ヌエの宮,,,supernatural_phenomenon,神奈川県,,claim_0278,source_0203,institutional_explanation,1,1,,single_claim; single_source; kana_unrecorded; period_unrecorded; explanation_only,3,structural_pass; individual source recheck pending
238,moji_amagoze,海御前,あまごぜ,,named_supernatural_entity,福岡県,,claim_0279,source_0204,institutional_explanation,1,1,,single_claim; single_source; period_unrecorded; explanation_only,3,structural_pass; individual source recheck pending
239,moji_rikirin,リキリン,りきりん,,named_supernatural_entity,福岡県,,claim_0280,source_0204,institutional_explanation,1,1,,single_claim; single_source; period_unrecorded; explanation_only,3,structural_pass; individual source recheck pending
240,takato_kappa_fuji,河童封じ地蔵,,,supernatural_phenomenon,福岡県,,claim_0281,source_0205,institutional_explanation,1,1,,single_claim; single_source; kana_unrecorded; period_unrecorded; explanation_only,3,structural_pass; individual source recheck pending
241,mishige_majimun,ミシゲー・マジムン,みしげー・まじむん,,object_spirit,沖縄県,,claim_0282,source_0206,database_record,1,1,,single_claim; single_source; period_unrecorded; database_only,6,structural_pass; individual source recheck pending
242,mintsuchi,ミンツチ,みんつち,,folklore_being,北海道,,claim_0283,source_0207,database_record,1,1,,single_claim; single_source; period_unrecorded; database_only,6,structural_pass; individual source recheck pending
243,nagagitsune,長狐,,,named_supernatural_entity,愛媛県,,claim_0284,source_0208,database_record,1,1,,single_claim; single_source; kana_unrecorded; period_unrecorded; database_only,6,structural_pass; individual source recheck pending
244,goninshu,五人衆,ごにんしゅう,,named_supernatural_entity,愛媛県,,claim_0285,source_0209,database_record,1,1,,single_claim; single_source; period_unrecorded; database_only,6,structural_pass; individual source recheck pending
245,miyaru,ミヤル,みやる,,named_supernatural_entity,鹿児島県,,claim_0286,source_0210,database_record,1,1,,single_claim; single_source; period_unrecorded; database_only,6,structural_pass; individual source recheck pending
246,nurukungannashi,ヌルクンガナシ,ぬるくんがなし,,named_supernatural_entity,鹿児島県,,claim_0287,source_0210,database_record,1,1,,single_claim; single_source; period_unrecorded; database_only,6,structural_pass; individual source recheck pending
247,otohime_sama_birojima,乙媛様,おとひめさま,,named_supernatural_entity,鹿児島県,,claim_0288,source_0211,database_record,1,1,,single_claim; single_source; period_unrecorded; database_only,6,structural_pass; individual source recheck pending
248,urikohime_ishikawa,瓜子姫,うりこひめ,,named_supernatural_entity,石川県,,claim_0289,source_0212,database_record,1,1,,single_claim; single_source; period_unrecorded; database_only,6,structural_pass; individual source recheck pending
249,kappagami_mitarashiike,河童神さまの御手洗池,かっぱがみさまのみたらしいけ,,supernatural_phenomenon,宮城県,,claim_0290,source_0213,database_record,1,1,,single_claim; single_source; period_unrecorded; database_only,6,structural_pass; individual source recheck pending
250,tanegaike_tane,たね,,,named_supernatural_entity,鳥取県,,claim_0291,source_0214,database_record,1,1,,single_claim; single_source; kana_unrecorded; period_unrecorded; database_only,6,structural_pass; individual source recheck pending
251,sagi_musume,さぎむすめ,,,named_supernatural_entity,,,claim_0292,source_0024,institutional_catalog,1,1,,single_claim; single_source; kana_unrecorded; region_unrecorded; period_unrecorded; catalog_only,7,structural_pass; individual source recheck pending
252,toki_jin,痘鬼神,,,folklore_being,,,claim_0293,source_0024,institutional_catalog,1,1,,single_claim; single_source; kana_unrecorded; region_unrecorded; period_unrecorded; catalog_only,7,structural_pass; individual source recheck pending
253,tonyoku_no_baba,頓欲の婆々,,,named_supernatural_entity,,,claim_0294,source_0215,institutional_catalog,1,1,,single_claim; single_source; kana_unrecorded; region_unrecorded; period_unrecorded; catalog_only,7,structural_pass; individual source recheck pending
254,tatami_tataki,タタミタタキ,たたみたたき,,folklore_being,高知県,,claim_0295,source_0216,database_record,1,1,,single_claim; single_source; period_unrecorded; database_only,6,structural_pass; individual source recheck pending
255,kechibi,ケチビ,けちび,,folklore_being,高知県,,claim_0296,source_0217,database_record,1,1,,single_claim; single_source; period_unrecorded; database_only,6,structural_pass; individual source recheck pending
256,hinna_kami,ヒンナ神,ひんなかみ,,object_spirit,富山県,,claim_0297,source_0218,database_record,1,1,research/source-deepening/hinna_kami/evidence-pack-v001.md,single_claim; single_source; period_unrecorded; database_only,6,structural_pass; individual source recheck pending
257,kochobo,コチョボ,こちょぼ,,object_spirit,富山県,,claim_0298,source_0218,database_record,1,1,,single_claim; single_source; period_unrecorded; database_only,6,structural_pass; individual source recheck pending
258,futtachi,脛立,ふったち,,folklore_being,岩手県,,claim_0299,source_0219,database_record,1,1,,single_claim; single_source; period_unrecorded; database_only,6,structural_pass; individual source recheck pending
259,shibaten_iya,シバテン,しばてん,,folklore_being,徳島県,,claim_0300,source_0220,database_record,1,1,,single_claim; single_source; period_unrecorded; database_only,6,structural_pass; individual source recheck pending
260,gongorobi,ゴンゴロウビ,ごんごろうび,,supernatural_phenomenon,新潟県,,claim_0301,source_0221,database_record,1,1,research/source-deepening/gongorobi/evidence-pack-v001.md,single_claim; single_source; period_unrecorded; database_only,6,structural_pass; individual source recheck pending
261,sunamaki,砂まき,すなまき,,folklore_being,新潟県; 青森県; 岡山県,,claim_0302,source_0222,database_record,1,1,,single_claim; single_source; period_unrecorded; database_only,6,structural_pass; individual source recheck pending
262,aburasumashi,アブラスマシ,あぶらすまし,,folklore_being,熊本県,,claim_0303,source_0223,database_record,1,1,,single_claim; single_source; period_unrecorded; database_only,6,structural_pass; individual source recheck pending
263,kanennushi,金ン主,かねんぬし,,named_supernatural_entity,熊本県,,claim_0304,source_0224,database_record,1,1,,single_claim; single_source; period_unrecorded; database_only,6,structural_pass; individual source recheck pending
264,tenbi,天火,てんび,,supernatural_phenomenon,熊本県,,claim_0305,source_0225,database_record,1,1,research/source-deepening/tenbi/evidence-pack-v001.md,single_claim; single_source; period_unrecorded; database_only,6,structural_pass; individual source recheck pending
265,kuwazu_nyobo,食わず女房,くわずにょうぼう,,folklore_being,青森県,,claim_0306,source_0226,database_record,1,1,,single_claim; single_source; period_unrecorded; database_only,6,structural_pass; individual source recheck pending
266,oshira_sama,オシラサマ,おしらさま,,named_supernatural_entity,青森県,,claim_0307,source_0227,database_record,1,1,,single_claim; single_source; period_unrecorded; database_only,6,structural_pass; individual source recheck pending
267,titikobushi,ティティコブシ,てぃてぃこぶし,,folklore_being,島根県,,claim_0308,source_0228,database_record,1,1,,single_claim; single_source; period_unrecorded; database_only,6,structural_pass; individual source recheck pending
268,goro_sama,五郎さま,ごろうさま,,named_supernatural_entity,島根県,,claim_0309,source_0229,database_record,1,1,,single_claim; single_source; period_unrecorded; database_only,6,structural_pass; individual source recheck pending
269,nanahiro_nyobo,七尋女房,ななひろにょうぼう,,named_supernatural_entity,島根県,,claim_0310,source_0230,database_record,1,1,,single_claim; single_source; period_unrecorded; database_only,6,structural_pass; individual source recheck pending
270,enkou_shimane,えんこう,えんこう,,folklore_being,島根県,,claim_0311,source_0231,database_record,1,1,,single_claim; single_source; period_unrecorded; database_only,6,structural_pass; individual source recheck pending
271,kurobo_yamaguchi,黒坊,くろぼう,,folklore_being,山口県,,claim_0312,source_0232,database_record,1,1,,single_claim; single_source; period_unrecorded; database_only,6,structural_pass; individual source recheck pending
272,akashaguma,あかしゃぐま,あかしゃぐま,,folklore_being,徳島県,,claim_0313,source_0233,database_record,1,1,,single_claim; single_source; period_unrecorded; database_only,6,structural_pass; individual source recheck pending
273,taka_nyudo,高入道,,,folklore_being,徳島県,,claim_0314,source_0234,database_record,1,1,,single_claim; single_source; kana_unrecorded; period_unrecorded; database_only,6,structural_pass; individual source recheck pending
274,yagyo_san,夜行さん,やぎょうさん,,named_supernatural_entity,徳島県,,claim_0315,source_0235,database_record,1,1,,single_claim; single_source; period_unrecorded; database_only,6,structural_pass; individual source recheck pending
275,jogen_mushi,常元虫,,,folklore_being,滋賀県,,claim_0316,source_0236,database_record,1,1,,single_claim; single_source; kana_unrecorded; period_unrecorded; database_only,6,structural_pass; individual source recheck pending
276,senmangawa_kappa,千間川の河童,,,folklore_being,福岡県,,claim_0317,source_0237,institutional_explanation,1,1,,single_claim; single_source; kana_unrecorded; period_unrecorded; explanation_only,3,structural_pass; individual source recheck pending
277,suijin_no_yabu_ryu,水神の薮の竜,,,named_supernatural_entity,福岡県,,claim_0318,source_0238,institutional_explanation,1,1,,single_claim; single_source; kana_unrecorded; period_unrecorded; explanation_only,3,structural_pass; individual source recheck pending
278,nihon_saigo_no_oni,日本さいごの鬼,,,folklore_being,福岡県,,claim_0319,source_0239,institutional_explanation,1,1,,single_claim; single_source; kana_unrecorded; period_unrecorded; explanation_only,3,structural_pass; individual source recheck pending
279,hagakure_tengu,ハガクレ天狗,,,named_supernatural_entity,福岡県,,claim_0320,source_0240,institutional_explanation,1,1,,single_claim; single_source; kana_unrecorded; period_unrecorded; explanation_only,3,structural_pass; individual source recheck pending
280,yumesakigawa_kappa,夢前川の河童,,,folklore_being,兵庫県,,claim_0321,source_0241,institutional_explanation,1,1,,single_claim; single_source; kana_unrecorded; period_unrecorded; explanation_only; source_date_unrecorded,4,structural_pass; individual source recheck pending
281,soranjin,ソランジン,,,named_supernatural_entity,兵庫県,,claim_0322,source_0242,institutional_explanation,1,1,,single_claim; single_source; kana_unrecorded; period_unrecorded; explanation_only; source_date_unrecorded,4,structural_pass; individual source recheck pending
282,akashi_no_oodako,明石の大ダコ,,,folklore_being,兵庫県,,claim_0323,source_0243,institutional_explanation,1,1,,single_claim; single_source; kana_unrecorded; period_unrecorded; explanation_only; source_date_unrecorded,4,structural_pass; individual source recheck pending
283,shiuri_no_kanko,しうりのカン子,,,named_supernatural_entity,青森県,,claim_0324,source_0244,primary_or_early_source,1,1,research/source-deepening/shiuri_no_kanko/evidence-pack-v001.md,single_claim; single_source; kana_unrecorded; period_unrecorded,3,structural_pass; individual source recheck pending
284,kawauba,河媼,,,folklore_being,青森県,,claim_0325,source_0245,institutional_explanation,1,1,,single_claim; single_source; kana_unrecorded; period_unrecorded; explanation_only,3,structural_pass; individual source recheck pending
285,hii_hyo_don,ヒィーヒョーどん,,,folklore_being,鹿児島県,,claim_0326,source_0246,institutional_explanation,1,1,,single_claim; single_source; kana_unrecorded; period_unrecorded; explanation_only,3,structural_pass; individual source recheck pending
286,arakawa_no_morenbi,荒川のもれんび,,,supernatural_phenomenon,鹿児島県,,claim_0327,source_0246,institutional_explanation,1,1,,single_claim; single_source; kana_unrecorded; period_unrecorded; explanation_only,3,structural_pass; individual source recheck pending
287,tanaka_don_no_moren_no_hi,田中どんのもれんのひ,,,supernatural_phenomenon,鹿児島県,,claim_0328,source_0246,institutional_explanation,1,1,,single_claim; single_source; kana_unrecorded; period_unrecorded; explanation_only,3,structural_pass; individual source recheck pending
288,abun_sama,アブンサマ,,,object_spirit,鹿児島県,,claim_0329,source_0246,institutional_explanation,1,1,,single_claim; single_source; kana_unrecorded; period_unrecorded; explanation_only,3,structural_pass; individual source recheck pending
289,kammuridake_no_uhe,冠岳のウヘッ,,,folklore_being,鹿児島県,,claim_0330,source_0246,institutional_explanation,1,1,,single_claim; single_source; kana_unrecorded; period_unrecorded; explanation_only,3,structural_pass; individual source recheck pending
290,funakawa_no_yamahime,舟川の山姫,,,folklore_being,鹿児島県,,claim_0331,source_0246,institutional_explanation,1,1,,single_claim; single_source; kana_unrecorded; period_unrecorded; explanation_only,3,structural_pass; individual source recheck pending
291,sentaku_onna_kawakami,洗濯女,,,supernatural_phenomenon,鹿児島県,,claim_0332,source_0246,institutional_explanation,1,1,,single_claim; single_source; kana_unrecorded; period_unrecorded; explanation_only,3,structural_pass; individual source recheck pending
292,anchagahara_no_kitsune,安茶ヶ原のキツネ,,,folklore_being,鹿児島県,,claim_0333,source_0246,institutional_explanation,1,1,,single_claim; single_source; kana_unrecorded; period_unrecorded; explanation_only,3,structural_pass; individual source recheck pending
293,kuroe_kamonosuke_onryo,黒江嘉門介の怨霊,,,named_supernatural_entity,鹿児島県,,claim_0334,source_0246,institutional_explanation,1,1,,single_claim; single_source; kana_unrecorded; period_unrecorded; explanation_only,3,structural_pass; individual source recheck pending
294,ohikari_osato,お光,,,named_supernatural_entity,鹿児島県,,claim_0335,source_0246,institutional_explanation,1,1,,single_claim; single_source; kana_unrecorded; period_unrecorded; explanation_only,3,structural_pass; individual source recheck pending
295,kukihime_onryo_munakata,菊姫の怨霊,,,named_supernatural_entity,福岡県,,claim_0336,source_0247,institutional_catalog,1,1,research/source-deepening/munakata-six/evidence-pack-v001.md,single_claim; single_source; kana_unrecorded; period_unrecorded; catalog_only; source_date_unrecorded,8,structural_pass; individual source recheck pending
296,chinkokuji_no_shirohebi,鎮国寺の白蛇,,,folklore_being,福岡県,,claim_0337,source_0247,institutional_catalog,1,1,research/source-deepening/munakata-six/evidence-pack-v001.md,single_claim; single_source; kana_unrecorded; period_unrecorded; catalog_only; source_date_unrecorded,8,structural_pass; individual source recheck pending
297,tsurigawa_no_chotaro_kappa,釣川の長太郎河童,,,named_supernatural_entity,福岡県,,claim_0338,source_0247,institutional_catalog,1,1,research/source-deepening/munakata-six/evidence-pack-v001.md,single_claim; single_source; kana_unrecorded; period_unrecorded; catalog_only; source_date_unrecorded,8,structural_pass; individual source recheck pending
298,tarumitouge_no_kappa,樽見峠の河童,,,folklore_being,福岡県,,claim_0339,source_0247,institutional_catalog,1,1,research/source-deepening/munakata-six/evidence-pack-v001.md,single_claim; single_source; kana_unrecorded; period_unrecorded; catalog_only; source_date_unrecorded,8,structural_pass; individual source recheck pending
299,tsuwase_no_yureisen,津和瀬の幽霊船,,,supernatural_phenomenon,福岡県,,claim_0340,source_0247,institutional_catalog,1,1,research/source-deepening/munakata-six/evidence-pack-v001.md,single_claim; single_source; kana_unrecorded; period_unrecorded; catalog_only; source_date_unrecorded,8,structural_pass; individual source recheck pending
300,ryuoike_no_kinryu,龍王池の金色の龍,,,named_supernatural_entity,福岡県,,claim_0341,source_0247,institutional_catalog,1,1,research/source-deepening/munakata-six/evidence-pack-v001.md,single_claim; single_source; kana_unrecorded; period_unrecorded; catalog_only; source_date_unrecorded,8,structural_pass; individual source recheck pending
301,jinchiji_no_daija,神池寺の大蛇,,,folklore_being,兵庫県,,claim_0342,source_0248,institutional_explanation,1,1,,single_claim; single_source; kana_unrecorded; period_unrecorded; explanation_only; source_date_unrecorded,4,structural_pass; individual source recheck pending
302,sayo_yasukawa_no_neko,佐用安川の猫,,,folklore_being,兵庫県,,claim_0343,source_0249,institutional_explanation,1,1,,single_claim; single_source; kana_unrecorded; period_unrecorded; explanation_only; source_date_unrecorded,4,structural_pass; individual source recheck pending
303,higashihongo_no_hinotama,東本郷村の火の玉,,,supernatural_phenomenon,兵庫県,,claim_0344,source_0250,institutional_explanation,1,1,,single_claim; single_source; kana_unrecorded; period_unrecorded; explanation_only; source_date_unrecorded,4,structural_pass; individual source recheck pending
304,sasai_no_takebo,笹井のタケ坊,,,named_supernatural_entity,埼玉県,,claim_0345; claim_0347,source_0251; source_0253,institutional_explanation,2,2,,kana_unrecorded; period_unrecorded; explanation_only,0,structural_pass; individual source recheck pending
305,zakkuri_baba,ザックリ婆,,,folklore_being,埼玉県,,claim_0346,source_0252,institutional_explanation,1,1,,single_claim; single_source; kana_unrecorded; period_unrecorded; explanation_only,3,structural_pass; individual source recheck pending
306,igusa_no_kesabo_kappa,井草のケサ坊河童,,,named_supernatural_entity,埼玉県,,claim_0348,source_0253,institutional_explanation,1,1,,single_claim; single_source; kana_unrecorded; period_unrecorded; explanation_only,3,structural_pass; individual source recheck pending
307,kume_no_mandara_kappa,久米のまんだら河童,,,named_supernatural_entity,埼玉県,,claim_0349,source_0253,institutional_explanation,1,1,,single_claim; single_source; kana_unrecorded; period_unrecorded; explanation_only,3,structural_pass; individual source recheck pending
308,shibata_katsuie_no_borei,柴田勝家の亡霊,,,historical_person_in_supernatural_tradition,福井県,,claim_0350,source_0254,institutional_explanation,1,1,research/source-deepening/shibata_katsuie_no_borei/evidence-pack-v001.md,single_claim; single_source; kana_unrecorded; period_unrecorded; explanation_only,3,structural_pass; individual source recheck pending
309,fukui_taika_no_daihoshi,福井大火の大法師,,,folklore_being,福井県,,claim_0351,source_0254,institutional_explanation,1,1,,single_claim; single_source; kana_unrecorded; period_unrecorded; explanation_only,3,structural_pass; individual source recheck pending
310,fukui_tsumani_baketa_ooneko,妻に化けた大猫,,,folklore_being,福井県,,claim_0352,source_0254,institutional_explanation,1,1,,single_claim; single_source; kana_unrecorded; period_unrecorded; explanation_only,3,structural_pass; individual source recheck pending
311,tojinbo_no_akuryo,東尋坊の悪霊,,,named_supernatural_entity,福井県,,claim_0353,source_0254,institutional_explanation,1,1,,single_claim; single_source; kana_unrecorded; period_unrecorded; explanation_only,3,structural_pass; individual source recheck pending
312,yashagaike_no_yasha,夜叉ヶ池の夜叉,,,folklore_being,福井県,,claim_0354,source_0254,institutional_explanation,1,1,,single_claim; single_source; kana_unrecorded; period_unrecorded; explanation_only,3,structural_pass; individual source recheck pending
313,shirakijo,白鬼女,,,folklore_being,福井県,,claim_0355,source_0254,institutional_explanation,1,1,,single_claim; single_source; kana_unrecorded; period_unrecorded; explanation_only,3,structural_pass; individual source recheck pending
314,kanegasaki_no_kaijo_kaii,金ヶ崎の海上怪異,,,supernatural_phenomenon,福井県,,claim_0356,source_0254,institutional_explanation,1,1,,single_claim; single_source; kana_unrecorded; period_unrecorded; explanation_only,3,structural_pass; individual source recheck pending
315,kuzuryugawa_no_kuzuryu,九頭竜川の九頭龍,,,named_supernatural_entity,福井県,,claim_0357,source_0254,institutional_explanation,1,1,,single_claim; single_source; kana_unrecorded; period_unrecorded; explanation_only,3,structural_pass; individual source recheck pending
316,yokohamaura_no_kaigyu,横浜浦の怪牛,,,folklore_being,福井県,,claim_0358,source_0254,institutional_explanation,1,1,,single_claim; single_source; kana_unrecorded; period_unrecorded; explanation_only,3,structural_pass; individual source recheck pending
317,matsuoka_no_reika,松岡の霊火,,,supernatural_phenomenon,福井県,,claim_0359,source_0254,institutional_explanation,1,1,,single_claim; single_source; kana_unrecorded; period_unrecorded; explanation_only,3,structural_pass; individual source recheck pending
318,wakamiya_buchi_no_onamazu,若宮淵の大鯰,,,folklore_being,福井県,,claim_0360,source_0254,institutional_explanation,1,1,,single_claim; single_source; kana_unrecorded; period_unrecorded; explanation_only,3,structural_pass; individual source recheck pending
319,mizuno_genchichi_no_roukawauso,水野源七宅の老獺,,,folklore_being,福井県,,claim_0361,source_0254,institutional_explanation,1,1,,single_claim; single_source; kana_unrecorded; period_unrecorded; explanation_only,3,structural_pass; individual source recheck pending
320,magoemon_ga_kaka,孫右衛門が嬶,,,folklore_being,福井県,,claim_0362,source_0254,institutional_explanation,1,1,,single_claim; single_source; kana_unrecorded; period_unrecorded; explanation_only,3,structural_pass; individual source recheck pending
321,botamochi_bakemono,ぼた餅化物,,,named_supernatural_entity,福井県,,claim_0363,source_0254,institutional_explanation,1,1,,single_claim; single_source; kana_unrecorded; period_unrecorded; explanation_only,3,structural_pass; individual source recheck pending
322,sabaya_no_nukekubi,鯖屋の抜け首,,,folklore_being,福井県,,claim_0364,source_0254,institutional_explanation,1,1,,single_claim; single_source; kana_unrecorded; period_unrecorded; explanation_only,3,structural_pass; individual source recheck pending
323,ontaki_no_ryu,男滝の龍,,,folklore_being,奈良県,,claim_0365,source_0255,institutional_explanation,1,1,,single_claim; single_source; kana_unrecorded; period_unrecorded; explanation_only; source_date_unrecorded,4,structural_pass; individual source recheck pending
324,kuzu_baba,葛ばば,,,named_supernatural_entity,奈良県,,claim_0366,source_0255,institutional_explanation,1,1,,single_claim; single_source; kana_unrecorded; period_unrecorded; explanation_only; source_date_unrecorded,4,structural_pass; individual source recheck pending
325,kasasuteyama_no_shirohebi,笠捨山の白蛇,,,folklore_being,奈良県,,claim_0367,source_0255,institutional_explanation,1,1,,single_claim; single_source; kana_unrecorded; period_unrecorded; explanation_only; source_date_unrecorded,4,structural_pass; individual source recheck pending
326,janokubo_no_daija,蛇の窪の大蛇,,,folklore_being,奈良県,,claim_0368,source_0255,institutional_explanation,1,1,,single_claim; single_source; kana_unrecorded; period_unrecorded; explanation_only; source_date_unrecorded,4,structural_pass; individual source recheck pending
327,futaetaki_no_shirohebi,二重滝の白蛇,,,folklore_being,奈良県,,claim_0369,source_0256,institutional_explanation,1,1,,single_claim; single_source; kana_unrecorded; period_unrecorded; explanation_only; source_date_unrecorded,4,structural_pass; individual source recheck pending
328,oritate_nekomata_no_kai,折立・猫又の滝の怪猫,,,folklore_being,奈良県,,claim_0370,source_0257,institutional_explanation,1,1,,single_claim; single_source; kana_unrecorded; period_unrecorded; claim_pending; claim_probable; explanation_only; source_date_unrecorded,22,structural_pass; individual source recheck pending
329,danjodaira_no_daija,ダンジョウ平の大蛇,,,folklore_being,奈良県,,claim_0371,source_0257,institutional_explanation,1,1,,single_claim; single_source; kana_unrecorded; period_unrecorded; explanation_only; source_date_unrecorded,4,structural_pass; individual source recheck pending
330,gourago_totsukawa,十津川のごうらご,ごうらご,,folklore_being,奈良県,,claim_0372,source_0258,institutional_explanation,1,1,,single_claim; single_source; period_unrecorded; explanation_only; source_date_unrecorded,4,structural_pass; individual source recheck pending
331,hikiushi_toge_no_ookumo,引牛峠の大蜘蛛,,,folklore_being,奈良県,,claim_0373,source_0259,institutional_explanation,1,1,,single_claim; single_source; kana_unrecorded; period_unrecorded; explanation_only; source_date_unrecorded,4,structural_pass; individual source recheck pending
332,tannokuchigama_no_nushi,タンノクチガマの主,,,named_supernatural_entity,奈良県,,claim_0374,source_0259,institutional_explanation,1,1,,single_claim; single_source; kana_unrecorded; period_unrecorded; explanation_only; source_date_unrecorded,4,structural_pass; individual source recheck pending
333,sanbaba_totsukawa,さんばば,,,named_supernatural_entity,奈良県,,claim_0375,source_0259,institutional_explanation,1,1,,single_claim; single_source; kana_unrecorded; period_unrecorded; explanation_only; source_date_unrecorded,4,structural_pass; individual source recheck pending
334,nakashima_ooike_no_nushi,なかしま大池の主,,,folklore_being,奈良県,,claim_0376,source_0260,institutional_explanation,1,1,,single_claim; single_source; kana_unrecorded; period_unrecorded; explanation_only; source_date_unrecorded,4,structural_pass; individual source recheck pending
335,ooike_no_gozenwaka_no_miya,大池の御前若の宮,,お若大命神,named_supernatural_entity,奈良県,,claim_0377,source_0260,institutional_explanation,1,1,,single_claim; single_source; kana_unrecorded; period_unrecorded; explanation_only; source_date_unrecorded,4,structural_pass; individual source recheck pending
336,souhanbuchi_no_ooameno_uo,ソウハン渕の大アメノウオ,,,folklore_being,奈良県,,claim_0378,source_0260,institutional_explanation,1,1,,single_claim; single_source; kana_unrecorded; period_unrecorded; claim_pending; claim_probable; explanation_only; source_date_unrecorded,22,structural_pass; individual source recheck pending
337,benzaitenbuchi_no_gamanushi,弁財天渕のガマ主,,,folklore_being,奈良県,,claim_0379,source_0260,institutional_explanation,1,1,,single_claim; single_source; kana_unrecorded; period_unrecorded; explanation_only; source_date_unrecorded,4,structural_pass; individual source recheck pending
338,takayama_no_yanagi_no_sei,高山の柳の精,,,folklore_being,鳥取県,,claim_0380,source_0261,database_record,1,1,,single_claim; single_source; kana_unrecorded; period_unrecorded; database_only; source_date_unrecorded,7,structural_pass; individual source recheck pending
339,hata_no_osangitsune,波多のおさん狐,,,named_supernatural_entity,鳥取県,,claim_0381,source_0262,database_record,1,1,,single_claim; single_source; kana_unrecorded; period_unrecorded; database_only; source_date_unrecorded,7,structural_pass; individual source recheck pending
340,otani_no_osangitsune,大谷のおさん狐,,,named_supernatural_entity,鳥取県,,claim_0382,source_0263,database_record,1,1,research/source-deepening/otani_no_osangitsune/evidence-pack-v001.md,single_claim; single_source; kana_unrecorded; period_unrecorded; database_only; source_date_unrecorded,7,structural_pass; individual source recheck pending
341,akamatsuike_no_hebi_hime,赤松の池の蛇体の姫,,,named_supernatural_entity,鳥取県,,claim_0383,source_0264,database_record,1,1,,single_claim; single_source; kana_unrecorded; period_unrecorded; database_only; source_date_unrecorded,7,structural_pass; individual source recheck pending
342,tonai_gitsune,藤内狐,,,named_supernatural_entity,鳥取県,,claim_0384,source_0265,database_record,1,1,,single_claim; single_source; kana_unrecorded; period_unrecorded; database_only; source_date_unrecorded,7,structural_pass; individual source recheck pending
343,shimo_no_shichibe_no_gaikotsu,下の七兵衛の骸骨,,,named_supernatural_entity,鳥取県,,claim_0385,source_0266,database_record,1,1,,single_claim; single_source; kana_unrecorded; period_unrecorded; database_only; source_date_unrecorded,7,structural_pass; individual source recheck pending
344,ryugu_no_hanatare_kozo,竜宮のはなたれ小僧,,,named_supernatural_entity,鳥取県,,claim_0386,source_0267,database_record,1,1,,single_claim; single_source; kana_unrecorded; period_unrecorded; database_only; source_date_unrecorded,7,structural_pass; individual source recheck pending
345,hikonano_yaobikuni,彦名の八百比丘尼,,,named_supernatural_entity,鳥取県,,claim_0387,source_0268,database_record,1,1,,single_claim; single_source; kana_unrecorded; period_unrecorded; database_only; source_date_unrecorded,7,structural_pass; individual source recheck pending
346,utsubukiyama_no_tennyo,打吹山の天女,,,folklore_being,鳥取県,,claim_0388,source_0269,database_record,1,1,,single_claim; single_source; kana_unrecorded; period_unrecorded; database_only; source_date_unrecorded,7,structural_pass; individual source recheck pending
347,binbogami,貧乏神,,,folklore_being,鳥取県,,claim_0389,source_0270,database_record,1,1,,single_claim; single_source; kana_unrecorded; period_unrecorded; database_only; source_date_unrecorded,7,structural_pass; individual source recheck pending
348,okutomi_osandon_mujina,奥富のおさんどんに化けたムジナ,,,folklore_being,埼玉県,,claim_0390,source_0271,institutional_explanation,1,1,,single_claim; single_source; kana_unrecorded; period_unrecorded; explanation_only,3,structural_pass; individual source recheck pending
349,mizuno_bakejizo_densho,水野の化け地蔵伝承,,,supernatural_phenomenon,埼玉県,,claim_0391,source_0272; source_0273,institutional_catalog; institutional_explanation,1,2,,single_claim; kana_unrecorded; period_unrecorded,1,structural_pass; individual source recheck pending
350,sanzo_bakeneko_hachinohe,三蔵（八戸の化け猫）,,,named_supernatural_entity,青森県,,claim_0392,source_0274,database_record,1,1,research/source-deepening/sanzo_bakeneko_hachinohe/evidence-pack-v001.md,single_claim; single_source; kana_unrecorded; period_unrecorded; database_only,6,structural_pass; individual source recheck pending
351,kojoro_gitsune_iga,小女良狐,こじょろうぎつね,,named_supernatural_entity,三重県,,claim_0393,source_0275,institutional_explanation,1,1,,single_claim; single_source; period_unrecorded; explanation_only; source_date_unrecorded,4,structural_pass; individual source recheck pending
352,oneja_tanuki,おねじゃたぬき,おねじゃたぬき,,named_supernatural_entity,三重県,,claim_0394,source_0276,institutional_explanation,1,1,,single_claim; single_source; period_unrecorded; explanation_only; source_date_unrecorded,4,structural_pass; individual source recheck pending
353,manyama_gitsune,まん山ギツネ,まんやまぎつね,,folklore_being,三重県,,claim_0395,source_0277,institutional_explanation,1,1,,single_claim; single_source; period_unrecorded; explanation_only; source_date_unrecorded,4,structural_pass; individual source recheck pending
354,tashirogaike_shiroi_ryu,田代が池の白い龍,たしろがいけのしろいりゅう,,folklore_being,三重県,,claim_0396,source_0278,institutional_explanation,1,1,,single_claim; single_source; period_unrecorded; explanation_only; source_date_unrecorded,4,structural_pass; individual source recheck pending
355,jaike_no_daija,蛇池の大蛇,じゃいけのだいじゃ,,folklore_being,三重県,,claim_0397,source_0279,institutional_explanation,1,1,,single_claim; single_source; period_unrecorded; explanation_only; source_date_unrecorded,4,structural_pass; individual source recheck pending
356,gokashoura_ushi_oni,五ケ所浦の牛鬼,ごかしょうらのうしおに,,folklore_being,三重県,,claim_0398,source_0280,institutional_explanation,1,1,,single_claim; single_source; period_unrecorded; explanation_only; source_date_unrecorded,4,structural_pass; individual source recheck pending
357,nagashima_kankara_koboshi,長島浦のかんからこぼしの親方,,,folklore_being,三重県,,claim_0399,source_0281,institutional_explanation,1,1,,single_claim; single_source; kana_unrecorded; period_unrecorded; explanation_only; source_date_unrecorded,4,structural_pass; individual source recheck pending
358,yokoyama_hachidai_ryuo,横山の八大竜王,よこやまのはちだいりゅうおう,,named_supernatural_entity,三重県,,claim_0400,source_0282,institutional_explanation,1,1,,single_claim; single_source; period_unrecorded; explanation_only; source_date_unrecorded,4,structural_pass; individual source recheck pending
359,roppano_kaonashi_jizo,六把野の顔なし地蔵,ろっぱののかおなしじぞう,,object_spirit,三重県,,claim_0401,source_0283,institutional_explanation,1,1,,single_claim; single_source; period_unrecorded; explanation_only; source_date_unrecorded,4,structural_pass; individual source recheck pending
360,yokkaichi_onudo,四日市の大入道,よっかいちのおおにゅうどう,,named_supernatural_entity,三重県,,claim_0402,source_0284,institutional_explanation,1,1,,single_claim; single_source; period_unrecorded; explanation_only; source_date_unrecorded,4,structural_pass; individual source recheck pending
361,otaki_karakasa_matsu,大多喜のからかさ松,,,object_spirit,千葉県,,claim_0403,source_0285,institutional_explanation,1,1,research/source-deepening/otaki_karakasa_matsu/evidence-pack-v001.md,single_claim; single_source; kana_unrecorded; period_unrecorded; explanation_only,3,structural_pass; individual source recheck pending
362,tagoro_hihi,狒狒の田五郎,ひひのたごろう,,named_supernatural_entity,千葉県,,claim_0404,source_0286,institutional_explanation,1,1,,single_claim; single_source; period_unrecorded; explanation_only,3,structural_pass; individual source recheck pending
363,kamitaki_kubikiri_jizo,上瀑の首切り地蔵,かみたきのくびきりじぞう,,object_spirit,千葉県,,claim_0405,source_0287,institutional_explanation,1,1,,single_claim; single_source; period_unrecorded; explanation_only,3,structural_pass; individual source recheck pending
364,shobo_in_izuna_shisha_gitsune,正宝院の飯綱大明神の使者狐,,,folklore_being,千葉県,,claim_0406,source_0288,institutional_explanation,1,1,,single_claim; single_source; kana_unrecorded; period_unrecorded; explanation_only,3,structural_pass; individual source recheck pending
365,otaki_seiryu_gongen,大多喜の青龍権現,おおたきのせいりゅうごんげん,,named_supernatural_entity,千葉県,,claim_0407,source_0289,institutional_explanation,1,1,,single_claim; single_source; period_unrecorded; explanation_only,3,structural_pass; individual source recheck pending
366,ishigami_mochinoki,石神のモチノキ,,,object_spirit,千葉県,,claim_0408,source_0290,institutional_explanation,1,1,,single_claim; single_source; kana_unrecorded; period_unrecorded; explanation_only,3,structural_pass; individual source recheck pending
367,tashirodaki_shiroi_daija,田代滝の白い大蛇,,,folklore_being,千葉県,,claim_0409,source_0291,institutional_explanation,1,1,,single_claim; single_source; kana_unrecorded; period_unrecorded; explanation_only,3,structural_pass; individual source recheck pending
368,yureizawa_tengu,幽霊沢の天狗,ゆうれいさわのてんぐ,,folklore_being,千葉県,,claim_0410,source_0292,institutional_explanation,1,1,,single_claim; single_source; period_unrecorded; explanation_only,3,structural_pass; individual source recheck pending
369,otaki_yonaki_ishi,大多喜の夜泣き石,おおたきのよなきいし,,object_spirit,千葉県,,claim_0411,source_0293,institutional_explanation,1,1,,single_claim; single_source; period_unrecorded; explanation_only,3,structural_pass; individual source recheck pending
370,hoshiibata_inari,星井畑のお稲荷さん,ほしいばたのおいなりさん,,named_supernatural_entity,千葉県,,claim_0412,source_0294,institutional_explanation,1,1,,single_claim; single_source; period_unrecorded; explanation_only,3,structural_pass; individual source recheck pending
371,takenoko_doji_sanuki,竹の子童子,,,folklore_being,香川県,,claim_0413,source_0295,primary_or_early_source,1,1,research/source-deepening/takenoko_doji_sanuki/evidence-pack-v001.md,single_claim; single_source; kana_unrecorded; period_unrecorded,3,structural_pass; individual source recheck pending
372,hozo_in_kobozo,宝藏院の小坊主,,,object_spirit,香川県,,claim_0414,source_0295,primary_or_early_source,1,1,,single_claim; single_source; kana_unrecorded; period_unrecorded,3,structural_pass; individual source recheck pending
373,yamadera_shirogitsune,山寺の白狐,,,folklore_being,香川県,,claim_0415,source_0295,primary_or_early_source,1,1,,single_claim; single_source; kana_unrecorded; period_unrecorded,3,structural_pass; individual source recheck pending
374,wanigawamiya_sankei,和仁川宮の三鶏,,,folklore_being,香川県,,claim_0416,source_0295,primary_or_early_source,1,1,,single_claim; single_source; kana_unrecorded; period_unrecorded,3,structural_pass; individual source recheck pending
375,higashino_ushigashira,東野の牛頭,,,folklore_being,香川県,,claim_0417,source_0295,primary_or_early_source,1,1,,single_claim; single_source; kana_unrecorded; period_unrecorded,3,structural_pass; individual source recheck pending
376,minamino_miyaike_koi,南の宮池の鯉魚,,,folklore_being,香川県,,claim_0418,source_0295,primary_or_early_source,1,1,,single_claim; single_source; kana_unrecorded; period_unrecorded,3,structural_pass; individual source recheck pending
377,mashima_obake,眞島のおばけ,,,folklore_being,香川県,,claim_0419,source_0295,primary_or_early_source,1,1,,single_claim; single_source; kana_unrecorded; period_unrecorded,3,structural_pass; individual source recheck pending
378,shichi_majimun,シチマジムン,,,folklore_being,沖縄県,,claim_0420,source_0296,database_record,1,1,,single_claim; single_source; kana_unrecorded; period_unrecorded; database_only; source_date_unrecorded,7,structural_pass; individual source recheck pending
379,ahiru_majimun,アヒルマジムン,,,folklore_being,沖縄県,,claim_0421,source_0296,database_record,1,1,,single_claim; single_source; kana_unrecorded; period_unrecorded; database_only; source_date_unrecorded,7,structural_pass; individual source recheck pending
380,inabo_majuunu,イナボーマジューヌ,,,folklore_being,沖縄県,,claim_0422,source_0297,database_record,1,1,,single_claim; single_source; kana_unrecorded; period_unrecorded; database_only; source_date_unrecorded,7,structural_pass; individual source recheck pending
381,yachiba,ヤチバー,,,folklore_being,沖縄県,,claim_0423,source_0298,database_record,1,1,,single_claim; single_source; kana_unrecorded; period_unrecorded; database_only; source_date_unrecorded,7,structural_pass; individual source recheck pending
382,shikina_inenbi,識名の遺念火,,,supernatural_phenomenon,沖縄県,,claim_0424,source_0299,database_record,1,1,research/source-deepening/shikina_inenbi/evidence-pack-v001.md,single_claim; single_source; kana_unrecorded; period_unrecorded; database_only; source_date_unrecorded,7,structural_pass; individual source recheck pending
383,madanbashi_inenbi,真玉橋の遺念火,,,supernatural_phenomenon,沖縄県,,claim_0425,source_0300,database_record,1,1,,single_claim; single_source; kana_unrecorded; period_unrecorded; database_only; source_date_unrecorded,7,structural_pass; individual source recheck pending
384,yara_muruchi_ja,屋良ムルチのジャー,,,folklore_being,沖縄県,,claim_0426,source_0301,database_record,1,1,,single_claim; single_source; kana_unrecorded; period_unrecorded; database_only; source_date_unrecorded,7,structural_pass; individual source recheck pending
385,sakugawa_borei,佐久川の亡霊,,,named_supernatural_entity,沖縄県,,claim_0427,source_0302,database_record,1,1,,single_claim; single_source; kana_unrecorded; period_unrecorded; database_only; source_date_unrecorded,7,structural_pass; individual source recheck pending
386,ayajo_odori_namakubi,綾門大道の生首,,,folklore_being,沖縄県,,claim_0428,source_0303,database_record,1,1,,single_claim; single_source; kana_unrecorded; period_unrecorded; database_only; source_date_unrecorded,7,structural_pass; individual source recheck pending
387,sennen_hebi_kunigami,千年蛇,,,folklore_being,沖縄県,,claim_0429,source_0304,database_record,1,1,,single_claim; single_source; kana_unrecorded; period_unrecorded; database_only; source_date_unrecorded,7,structural_pass; individual source recheck pending
388,sataya_mo_yurei,サーターヤー毛の幽霊,,,folklore_being,沖縄県,,claim_0430,source_0305,database_record,1,1,,single_claim; single_source; kana_unrecorded; period_unrecorded; database_only; source_date_unrecorded,7,structural_pass; individual source recheck pending
389,yukibaba_gojome,雪ばば,ゆきばば,,folklore_being,秋田県,,claim_0431,source_0306,database_record,1,1,,single_claim; single_source; period_unrecorded; database_only; source_date_unrecorded,7,structural_pass; individual source recheck pending
390,kanetsuke_babaa,カネつけ婆あ,かねつけばばあ,,folklore_being,秋田県,,claim_0432,source_0307,database_record,1,1,,single_claim; single_source; period_unrecorded; database_only; source_date_unrecorded,7,structural_pass; individual source recheck pending
391,kakushi_baba_oga,かくし婆,,,folklore_being,秋田県,,claim_0433,source_0308,database_record,1,1,,single_claim; single_source; kana_unrecorded; period_unrecorded; database_only; source_date_unrecorded,7,structural_pass; individual source recheck pending
392,yonaki_buton_ani,夜泣き布団,よなきぶとん,,object_spirit,秋田県,,claim_0434,source_0309,database_record,1,1,research/source-deepening/yonaki_buton_ani/evidence-pack-v001.md,single_claim; single_source; period_unrecorded; database_only; source_date_unrecorded,7,structural_pass; individual source recheck pending
393,yanagi_no_rei_kubota,柳の霊,やなぎのれい,,object_spirit,秋田県,,claim_0435,source_0310,database_record,1,1,,single_claim; single_source; period_unrecorded; database_only; source_date_unrecorded,7,structural_pass; individual source recheck pending
394,kubosegawa_namazu,窪堰川七曲の主なまず,,,named_supernatural_entity,秋田県,,claim_0436,source_0311,database_record,1,1,,single_claim; single_source; kana_unrecorded; period_unrecorded; database_only; source_date_unrecorded,7,structural_pass; individual source recheck pending
395,bachibuchi_bachihebi,バチ淵のバチ蛇,,,named_supernatural_entity,秋田県,,claim_0437,source_0312,database_record,1,1,,single_claim; single_source; kana_unrecorded; period_unrecorded; database_only; source_date_unrecorded,7,structural_pass; individual source recheck pending
396,andoji_akari,アンドジの灯,あんどじのあかり,,supernatural_phenomenon,秋田県,,claim_0438,source_0313,database_record,1,1,,single_claim; single_source; period_unrecorded; database_only; source_date_unrecorded,7,structural_pass; individual source recheck pending
397,kin_tamezo_borei,金為蔵の亡霊,きんためぞうのぼうれい,,named_supernatural_entity,秋田県,,claim_0439,source_0314,database_record,1,1,,single_claim; single_source; period_unrecorded; database_only; source_date_unrecorded,7,structural_pass; individual source recheck pending
398,akubyo_no_kami_sawaguchi,悪病の神,あくびょうのかみ,,folklore_being,秋田県,,claim_0440,source_0315,database_record,1,1,,single_claim; single_source; period_unrecorded; database_only; source_date_unrecorded,7,structural_pass; individual source recheck pending
399,onnen_no_hitokubi,怨念の人首,おんねんのひとくび,,supernatural_phenomenon,秋田県,,claim_0441,source_0316,database_record,1,1,,single_claim; single_source; period_unrecorded; database_only; source_date_unrecorded,7,structural_pass; individual source recheck pending
400,taibyo_onna_yurei,大病女の幽霊,たいびょうおんなのゆうれい,,folklore_being,秋田県,,claim_0442,source_0317,database_record,1,1,,single_claim; single_source; period_unrecorded; database_only; source_date_unrecorded,7,structural_pass; individual source recheck pending
401,asada_hebi,浅立の蛇,,,folklore_being,山形県,,claim_0443,source_0318,primary_or_early_source,1,1,,single_claim; single_source; kana_unrecorded; period_unrecorded; source_date_unrecorded,4,structural_pass; individual source recheck pending
402,korori_yurei_yonezawa,コロリの幽霊,,,folklore_being,山形県,,claim_0444,source_0318,primary_or_early_source,1,1,,single_claim; single_source; kana_unrecorded; period_unrecorded; source_date_unrecorded,4,structural_pass; individual source recheck pending
403,inaba_tsuchigumo,稲場の土ぐも,,,folklore_being,山形県,,claim_0445,source_0318,primary_or_early_source,1,1,,single_claim; single_source; kana_unrecorded; period_unrecorded; source_date_unrecorded,4,structural_pass; individual source recheck pending
404,kerappo_toge_kitsune,けらっぽ峠のきつね,,,folklore_being,山形県,,claim_0446,source_0318,primary_or_early_source,1,1,,single_claim; single_source; kana_unrecorded; period_unrecorded; source_date_unrecorded,4,structural_pass; individual source recheck pending
405,uo_nyobo_yonezawa,魚女房,,,folklore_being,山形県,,claim_0447,source_0318,primary_or_early_source,1,1,,single_claim; single_source; kana_unrecorded; period_unrecorded; source_date_unrecorded,4,structural_pass; individual source recheck pending
406,takayasu_mujina,高安のむじな,,,folklore_being,山形県,,claim_0448,source_0318,primary_or_early_source,1,1,,single_claim; single_source; kana_unrecorded; period_unrecorded; source_date_unrecorded,4,structural_pass; individual source recheck pending
407,kasedori_kitsune,カセドリの狐,,,folklore_being,山形県,,claim_0449,source_0318,primary_or_early_source,1,1,,single_claim; single_source; kana_unrecorded; period_unrecorded; source_date_unrecorded,4,structural_pass; individual source recheck pending
408,ito_ke_daija,伊藤家の大蛇,,,folklore_being,山形県,,claim_0450,source_0318,primary_or_early_source,1,1,,single_claim; single_source; kana_unrecorded; period_unrecorded; source_date_unrecorded,4,structural_pass; individual source recheck pending
409,gojukimachi_neko_myojin,五十騎町の猫明神,,,named_supernatural_entity,山形県,,claim_0451,source_0318,primary_or_early_source,1,1,,single_claim; single_source; kana_unrecorded; period_unrecorded; source_date_unrecorded,4,structural_pass; individual source recheck pending
410,irobeno_mikoshi_nyudo,色部野のみこし入道,,,folklore_being,山形県,,claim_0452,source_0319,primary_or_early_source,1,1,,single_claim; single_source; kana_unrecorded; period_unrecorded; source_date_unrecorded,4,structural_pass; individual source recheck pending
411,tsuyufuji_dekinuma_hebi,露藤出来沼の蛇,,,folklore_being,山形県,,claim_0453,source_0319,primary_or_early_source,1,1,,single_claim; single_source; kana_unrecorded; period_unrecorded; source_date_unrecorded,4,structural_pass; individual source recheck pending
412,tsuyufuji_osangitsune,露藤のおさん狐,,,named_supernatural_entity,山形県,,claim_0454,source_0319,primary_or_early_source,1,1,research/source-deepening/tsuyufuji_osangitsune/evidence-pack-v001.md,single_claim; single_source; kana_unrecorded; period_unrecorded; source_date_unrecorded,4,structural_pass; individual source recheck pending
413,choemon_bakeneko,長右ヱ門の化猫,,,folklore_being,山形県,,claim_0455,source_0319,primary_or_early_source,1,1,,single_claim; single_source; kana_unrecorded; period_unrecorded; source_date_unrecorded,4,structural_pass; individual source recheck pending
414,okuyama_tsuma_yuki,女の怨霊（露藤）,,,folklore_being,山形県,,claim_0456,source_0319,primary_or_early_source,1,1,,single_claim; single_source; kana_unrecorded; period_unrecorded; source_date_unrecorded,4,structural_pass; individual source recheck pending
415,nyubuta_toka,入生田のトカ,,,named_supernatural_entity,山形県,,claim_0457,source_0319,primary_or_early_source,1,1,research/source-deepening/nyubuta_toka/evidence-pack-v001.md,single_claim; single_source; kana_unrecorded; period_unrecorded; source_date_unrecorded,4,structural_pass; individual source recheck pending
416,mizue_kappa,水江河童の怪物,,,folklore_being,山形県,,claim_0458,source_0319,primary_or_early_source,1,1,,single_claim; single_source; kana_unrecorded; period_unrecorded; source_date_unrecorded,4,structural_pass; individual source recheck pending
417,fujinoki_no_sei,藤の木の精,,,folklore_being,山形県,,claim_0459,source_0319,primary_or_early_source,1,1,,single_claim; single_source; kana_unrecorded; period_unrecorded; source_date_unrecorded,4,structural_pass; individual source recheck pending
418,dobusuma_dossari,どぶすまのどっさり,,,supernatural_phenomenon,山形県,,claim_0460,source_0319,primary_or_early_source,1,1,research/source-deepening/dobusuma_dossari/evidence-pack-v001.md,single_claim; single_source; kana_unrecorded; period_unrecorded; source_date_unrecorded,4,structural_pass; individual source recheck pending
419,sanmaidoko_hososune_nyudo,三枚床細すね入道,,,folklore_being,山形県,,claim_0461,source_0319,primary_or_early_source,1,1,,single_claim; single_source; kana_unrecorded; period_unrecorded; source_date_unrecorded,4,structural_pass; individual source recheck pending
420,oyonegitsune_nukanome,およね狐,,,folklore_being,山形県,,claim_0462,source_0319,primary_or_early_source,1,1,,single_claim; single_source; kana_unrecorded; period_unrecorded; source_date_unrecorded,4,structural_pass; individual source recheck pending
421,miyazaki_onihachi,鬼八,,,named_supernatural_entity,宮崎県,,claim_0463,source_0320,institutional_explanation,1,1,,single_claim; single_source; kana_unrecorded; period_unrecorded; explanation_only; source_date_unrecorded,4,structural_pass; individual source recheck pending
422,onitsukime_oni_fufu,鬼付目山の鬼夫婦,,,folklore_being,宮崎県,,claim_0464,source_0320,institutional_explanation,1,1,,single_claim; single_source; kana_unrecorded; period_unrecorded; explanation_only; source_date_unrecorded,4,structural_pass; individual source recheck pending
423,akae_hama_ogumo,赤江浜の大蜘蛛,,,folklore_being,宮崎県,,claim_0465,source_0320,institutional_explanation,1,1,,single_claim; single_source; kana_unrecorded; period_unrecorded; explanation_only; source_date_unrecorded,4,structural_pass; individual source recheck pending
424,yakihata_hebi_gami,焼畑の蛇神様,,,folklore_being,宮崎県,,claim_0466,source_0320,institutional_explanation,1,1,,single_claim; single_source; kana_unrecorded; period_unrecorded; explanation_only; source_date_unrecorded,4,structural_pass; individual source recheck pending
425,mawatari_tengu,馬渡天狗,,,named_supernatural_entity,宮崎県,,claim_0467,source_0321,institutional_explanation,1,1,,single_claim; single_source; kana_unrecorded; period_unrecorded; explanation_only; source_date_unrecorded,4,structural_pass; individual source recheck pending
426,mantaro_gitsune,万太郎狐,,,named_supernatural_entity,宮崎県,,claim_0468,source_0321,institutional_explanation,1,1,,single_claim; single_source; kana_unrecorded; period_unrecorded; explanation_only; source_date_unrecorded,4,structural_pass; individual source recheck pending
427,miyazaki_yagoro_don,大人弥五郎どん,,,named_supernatural_entity,宮崎県,,claim_0469,source_0321,institutional_explanation,1,1,,single_claim; single_source; kana_unrecorded; period_unrecorded; explanation_only; source_date_unrecorded,4,structural_pass; individual source recheck pending
428,hyosunbo_hyuga,日向の国のひょすんぼ,,,folklore_being,宮崎県,,claim_0470,source_0321,institutional_explanation,1,1,,single_claim; single_source; kana_unrecorded; period_unrecorded; explanation_only; source_date_unrecorded,4,structural_pass; individual source recheck pending
429,kisosaki_fox_group,木曽岬の狐たち,,,folklore_being,三重県,,claim_0471,source_0322,institutional_explanation,1,1,,single_claim; single_source; kana_unrecorded; period_unrecorded; explanation_only; source_date_unrecorded,4,structural_pass; individual source recheck pending
430,akasuka_kaminari,赤須賀の雷さま,,,folklore_being,三重県,,claim_0472,source_0323,institutional_explanation,1,1,,single_claim; single_source; kana_unrecorded; period_unrecorded; explanation_only; source_date_unrecorded,4,structural_pass; individual source recheck pending
431,unrin_in_dragon,雲林院の龍,,,folklore_being,三重県,,claim_0473,source_0324,institutional_explanation,1,1,,single_claim; single_source; kana_unrecorded; period_unrecorded; explanation_only; source_date_unrecorded,4,structural_pass; individual source recheck pending
432,daiojima_dandarabocchi,大王島のダンダラボッチ,だんだらぼっち,,named_supernatural_entity,三重県,,claim_0474,source_0325,institutional_explanation,1,1,,single_claim; single_source; period_unrecorded; explanation_only; source_date_unrecorded,4,structural_pass; individual source recheck pending
433,yokitogi_jizo,よきとぎ地蔵,よきとぎじぞう,,object_spirit,三重県,,claim_0475,source_0326,institutional_explanation,1,1,,single_claim; single_source; period_unrecorded; explanation_only; source_date_unrecorded,4,structural_pass; individual source recheck pending
434,nanjo_rokkaku_jizo,南条の六角地蔵,ろっかくじぞう,,object_spirit,三重県,,claim_0476,source_0327,institutional_explanation,1,1,,single_claim; single_source; period_unrecorded; explanation_only; source_date_unrecorded,4,structural_pass; individual source recheck pending
435,nishikawa_kawadachi_jizo,西川の川立ち地蔵,かわだちじぞう,,object_spirit,三重県,,claim_0477,source_0328,institutional_explanation,1,1,,single_claim; single_source; period_unrecorded; explanation_only; source_date_unrecorded,4,structural_pass; individual source recheck pending
436,shimono_enmei_jizo,下ノ郷の延命地蔵,えんめいじぞう,,object_spirit,三重県,,claim_0478,source_0329,institutional_explanation,1,1,,single_claim; single_source; period_unrecorded; explanation_only; source_date_unrecorded,4,structural_pass; individual source recheck pending
437,kusawa_osato_yaobikuni,草生のお里（八百比丘尼）,,,named_supernatural_entity,三重県,,claim_0479,source_0330,institutional_explanation,1,1,,single_claim; single_source; kana_unrecorded; period_unrecorded; explanation_only; source_date_unrecorded,4,structural_pass; individual source recheck pending
438,katahi_mambo_tanuki,片樋マンボの狸,,,folklore_being,三重県,,claim_0480,source_0331,institutional_explanation,1,1,,single_claim; single_source; kana_unrecorded; period_unrecorded; explanation_only; source_date_unrecorded,4,structural_pass; individual source recheck pending
439,mamineike_chikara_no_kamisama,真峯池の力の神さま,,,object_spirit,三重県,,claim_0481,source_0332,institutional_explanation,1,1,,single_claim; single_source; kana_unrecorded; period_unrecorded; explanation_only; source_date_unrecorded,4,structural_pass; individual source recheck pending
440,udono_garaboshi,鵜殿のガラボシ,がらぼし,,folklore_being,三重県,,claim_0482,source_0333,institutional_explanation,1,1,,single_claim; single_source; period_unrecorded; explanation_only; source_date_unrecorded,4,structural_pass; individual source recheck pending
441,otaki_local_inugami,大多喜の犬神さま,,,named_supernatural_entity,千葉県,,claim_0483,source_0334,institutional_explanation,1,1,,single_claim; single_source; kana_unrecorded; period_unrecorded; explanation_only; source_date_unrecorded,4,structural_pass; individual source recheck pending
442,tsutsumori_toichihime,筒森神社の十市姫,といちひめ,,named_supernatural_entity,千葉県,,claim_0484,source_0335,institutional_explanation,1,1,,single_claim; single_source; period_unrecorded; explanation_only; source_date_unrecorded,4,structural_pass; individual source recheck pending
443,joshuji_yobimodoshi_bell,浄宗寺の呼びもどしの鐘,,,object_spirit,千葉県,,claim_0485,source_0336,institutional_explanation,1,1,,single_claim; single_source; kana_unrecorded; period_unrecorded; explanation_only; source_date_unrecorded,4,structural_pass; individual source recheck pending
444,otaki_shiroyama_musha_spirits,大多喜城山の武者の魂,,,supernatural_phenomenon,千葉県,,claim_0486,source_0337,institutional_explanation,1,1,,single_claim; single_source; kana_unrecorded; period_unrecorded; explanation_only; source_date_unrecorded,4,structural_pass; individual source recheck pending
445,funazukabashi_fox,船塚橋の狐,,,folklore_being,千葉県,,claim_0487,source_0338,institutional_explanation,1,1,,single_claim; single_source; kana_unrecorded; period_unrecorded; explanation_only; source_date_unrecorded,4,structural_pass; individual source recheck pending
446,aomori_kawa_onna,川女,,,folklore_being,青森県,,claim_0488,source_0339,institutional_explanation,1,1,,single_claim; single_source; kana_unrecorded; period_unrecorded; explanation_only,3,structural_pass; individual source recheck pending
447,seki_jizo,関の地蔵,せきのじぞう,,object_spirit,三重県,,claim_0489,source_0340,institutional_explanation,1,1,,single_claim; single_source; period_unrecorded; explanation_only; source_date_unrecorded,4,structural_pass; individual source recheck pending
448,aomori_himadara_hagi,火斑剥ぎ,,,folklore_being,青森県,,claim_0490,source_0339,institutional_explanation,1,1,,single_claim; single_source; kana_unrecorded; period_unrecorded; explanation_only,3,structural_pass; individual source recheck pending
449,aomori_tatarimoke,祟りもけ,,,folklore_being,青森県,,claim_0491,source_0339,institutional_explanation,1,1,,single_claim; single_source; kana_unrecorded; period_unrecorded; explanation_only,3,structural_pass; individual source recheck pending
450,aomori_enma_baba,エンマババ,,,folklore_being,青森県,,claim_0492,source_0339,institutional_explanation,1,1,,single_claim; single_source; kana_unrecorded; period_unrecorded; explanation_only,3,structural_pass; individual source recheck pending
451,otakiji_nekomata,大滝寺の猫又,,,folklore_being,香川県,,claim_0493,source_0341,primary_or_early_source,1,1,research/source-deepening/otakiji_nekomata/evidence-pack-v001.md,single_claim; single_source; kana_unrecorded; period_unrecorded,3,structural_pass; individual source recheck pending
452,shingyo_in_tanuki,信行院のたぬき,,,folklore_being,香川県,,claim_0494,source_0342,institutional_explanation,1,1,,single_claim; single_source; kana_unrecorded; period_unrecorded; explanation_only,3,structural_pass; individual source recheck pending
453,manpachi_tanuki,万八狸,,,named_supernatural_entity,香川県,,claim_0495,source_0342,institutional_explanation,1,1,,single_claim; single_source; kana_unrecorded; period_unrecorded; explanation_only,3,structural_pass; individual source recheck pending
454,chigyojiyama_kinnoniwatori,智行寺山の金のにわとり,,,folklore_being,香川県,,claim_0496,source_0342,institutional_explanation,1,1,,single_claim; single_source; kana_unrecorded; period_unrecorded; explanation_only,3,structural_pass; individual source recheck pending
455,jisenji_nekomata,慈泉寺の猫又,,,folklore_being,香川県,,claim_0497,source_0343,primary_or_early_source,1,1,,single_claim; single_source; kana_unrecorded; period_unrecorded,3,structural_pass; individual source recheck pending
456,okiku_tanuki_tadotsu,おきく狸,,,named_supernatural_entity,香川県,,claim_0498,source_0343,primary_or_early_source,1,1,,single_claim; single_source; kana_unrecorded; period_unrecorded,3,structural_pass; individual source recheck pending
457,kihachi_neko,喜八猫,,,named_supernatural_entity,香川県,,claim_0499,source_0343,primary_or_early_source,1,1,,single_claim; single_source; kana_unrecorded; period_unrecorded,3,structural_pass; individual source recheck pending
458,inzai_otsuru,お鶴（印西の大蛇譚）,,,named_supernatural_entity,千葉県,,claim_0500,source_0344,institutional_explanation,1,1,,single_claim; single_source; kana_unrecorded; period_unrecorded; explanation_only; source_date_unrecorded,4,structural_pass; individual source recheck pending
459,sofukebara_kitsune,草深原の狐,,,folklore_being,千葉県,,claim_0501,source_0345,institutional_explanation,1,1,,single_claim; single_source; kana_unrecorded; period_unrecorded; explanation_only; source_date_unrecorded,4,structural_pass; individual source recheck pending
460,komido_no_ryu,光堂の竜,,,folklore_being,千葉県,,claim_0502,source_0346,institutional_explanation,1,1,,single_claim; single_source; kana_unrecorded; period_unrecorded; explanation_only; source_date_unrecorded,4,structural_pass; individual source recheck pending
461,ibaraki_sanno_osan,山王のおさん,,,named_supernatural_entity,茨城県,,claim_0503,source_0347,database_record,1,1,,single_claim; single_source; kana_unrecorded; period_unrecorded; database_only,6,structural_pass; individual source recheck pending
462,kasama_monzaburo_gitsune,笠間稲荷の紋三郎狐,,,named_supernatural_entity,茨城県,,claim_0504,source_0348,database_record,1,1,,single_claim; single_source; kana_unrecorded; period_unrecorded; database_only,6,structural_pass; individual source recheck pending
463,kezo_in_no_neko,華蔵院の猫,,,folklore_being,茨城県,,claim_0505,source_0349,database_record,1,1,,single_claim; single_source; kana_unrecorded; period_unrecorded; database_only,6,structural_pass; individual source recheck pending
464,onabake_no_hara_shirogitsune,女化の原の白狐,,,folklore_being,茨城県,,claim_0506,source_0350,database_record,1,1,,single_claim; single_source; kana_unrecorded; period_unrecorded; database_only,6,structural_pass; individual source recheck pending
465,kasamajo_no_daija,笠間城の大蛇,,,folklore_being,茨城県,,claim_0507,source_0351,database_record,1,1,,single_claim; single_source; kana_unrecorded; period_unrecorded; database_only,6,structural_pass; individual source recheck pending
466,ryujinsan_no_meryu,龍神山の女竜,,,folklore_being,茨城県,,claim_0508,source_0352,database_record,1,1,,single_claim; single_source; kana_unrecorded; period_unrecorded; database_only,6,structural_pass; individual source recheck pending
467,jokojinuma_no_ryu,常光寺沼の竜,,,folklore_being,茨城県,,claim_0509,source_0353,database_record,1,1,,single_claim; single_source; kana_unrecorded; period_unrecorded; database_only,6,structural_pass; individual source recheck pending
468,sanoko_no_kappa,佐野子の河童,,,folklore_being,茨城県,,claim_0510,source_0354,database_record,1,1,,single_claim; single_source; kana_unrecorded; period_unrecorded; database_only,6,structural_pass; individual source recheck pending
469,ju_no_ji_mujina,十の字むじな,じゅうのじ むじな,,named_supernatural_entity,茨城県,,claim_0511,source_0355,database_record,1,1,,single_claim; single_source; period_unrecorded; database_only,6,structural_pass; individual source recheck pending
470,okon_gitsune_itako,おこん狐,,,named_supernatural_entity,茨城県,,claim_0512,source_0356,database_record,1,1,research/source-deepening/okon_gitsune_itako/evidence-pack-v001.md,single_claim; single_source; kana_unrecorded; period_unrecorded; database_only,6,structural_pass; individual source recheck pending
471,ebina_shirotsubaki_no_sei,国分薬師の白椿の精,,,named_supernatural_entity,神奈川県,,claim_0513,source_0357,institutional_explanation,1,1,,single_claim; single_source; kana_unrecorded; period_unrecorded; explanation_only,3,structural_pass; individual source recheck pending
472,ebina_nozoki_kozo,大谷観音堂ののぞき小僧,,,folklore_being,神奈川県,,claim_0514,source_0358,institutional_explanation,1,1,,single_claim; single_source; kana_unrecorded; period_unrecorded; explanation_only,3,structural_pass; individual source recheck pending
473,ebina_mizunomi_ryu,下大谷観音堂の水飲み竜,,,folklore_being,神奈川県,,claim_0515,source_0359,institutional_explanation,1,1,,single_claim; single_source; kana_unrecorded; period_unrecorded; explanation_only,3,structural_pass; individual source recheck pending
474,aruka_hime,有鹿姫,,,named_supernatural_entity,神奈川県,,claim_0516,source_0360,institutional_explanation,1,1,,single_claim; single_source; kana_unrecorded; period_unrecorded; explanation_only,3,structural_pass; individual source recheck pending
475,otsukappara_yukijoro,大塚っ原の雪女郎,,,folklore_being,神奈川県,,claim_0517,source_0361,institutional_explanation,1,1,,single_claim; single_source; kana_unrecorded; period_unrecorded; explanation_only,3,structural_pass; individual source recheck pending
476,shage_mishimasha_daija,社家三島社の大蛇,,,folklore_being,神奈川県,,claim_0518,source_0362,institutional_explanation,1,1,,single_claim; single_source; kana_unrecorded; period_unrecorded; explanation_only,3,structural_pass; individual source recheck pending
477,noe_hime,能恵姫,のえひめ,,named_supernatural_entity,秋田県,,claim_0519,source_0363,institutional_explanation,1,1,,single_claim; single_source; period_unrecorded; explanation_only,3,structural_pass; individual source recheck pending
478,misakiyama_tenaga_ashinaga,三崎山の手長足長,てながあしなが,,named_supernatural_entity,秋田県,,claim_0520,source_0364,institutional_explanation,1,1,,single_claim; single_source; period_unrecorded; explanation_only; source_date_unrecorded,4,structural_pass; individual source recheck pending
479,kikazu_dorokujin,不聞どうろく神,きかずどうろくじん,,named_supernatural_entity,長野県,,claim_0521,source_0365,institutional_explanation,1,1,,single_claim; single_source; period_unrecorded; explanation_only; source_date_unrecorded,4,structural_pass; individual source recheck pending
480,tendare_nezumi_kannon,天垂れのねずみ観音,,,named_supernatural_entity,栃木県,,claim_0522,source_0366,institutional_explanation,1,1,,single_claim; single_source; kana_unrecorded; period_unrecorded; explanation_only; source_date_unrecorded,4,structural_pass; individual source recheck pending
481,kotono_taki_no_ushi_oni,琴の滝の牛鬼,,,folklore_being,和歌山県,,claim_0523,source_0367,institutional_explanation,1,1,,single_claim; single_source; kana_unrecorded; period_unrecorded; explanation_only; source_date_unrecorded,4,structural_pass; individual source recheck pending
482,shirahama_no_gouraboushi,白良浜の甲羅法師,ごうらぼうし,,folklore_being,和歌山県,,claim_0524,source_0368,institutional_explanation,1,1,,single_claim; single_source; period_unrecorded; explanation_only; source_date_unrecorded,4,structural_pass; individual source recheck pending
483,doro_no_nushi_wakayama,瀞の主,どろのぬし,,folklore_being,和歌山県,,claim_0525,source_0369,institutional_explanation,1,1,,single_claim; single_source; period_unrecorded; explanation_only; source_date_unrecorded,4,structural_pass; individual source recheck pending
484,kunishibuchi_no_daija,国主淵の大蛇,,,folklore_being,和歌山県,,claim_0526,source_0370,institutional_explanation,1,1,,single_claim; single_source; kana_unrecorded; period_unrecorded; explanation_only; source_date_unrecorded,4,structural_pass; individual source recheck pending
485,kinokawa_kakou_no_daija,紀ノ川河口の大蛇,,,folklore_being,和歌山県,,claim_0527,source_0371,institutional_explanation,1,1,,single_claim; single_source; kana_unrecorded; period_unrecorded; explanation_only; source_date_unrecorded,4,structural_pass; individual source recheck pending
486,jujigaike_no_daija,住持池の大蛇,,,folklore_being,和歌山県,,claim_0528,source_0372,institutional_explanation,1,1,,single_claim; single_source; kana_unrecorded; period_unrecorded; explanation_only; source_date_unrecorded,4,structural_pass; individual source recheck pending
487,tenjinzaki_no_shoujou_no_musume,天神崎の狸々の娘,,,folklore_being,和歌山県,,claim_0529,source_0373,institutional_explanation,1,1,,single_claim; single_source; kana_unrecorded; period_unrecorded; explanation_only; source_date_unrecorded,4,structural_pass; individual source recheck pending
488,komatagawa_no_makuragaeshi,小又川の枕がえし,,,supernatural_phenomenon,和歌山県,,claim_0530,source_0374,institutional_explanation,1,1,,single_claim; single_source; kana_unrecorded; period_unrecorded; explanation_only; source_date_unrecorded,4,structural_pass; individual source recheck pending
489,uchita_no_kyojin,打田の巨人,,,folklore_being,和歌山県,,claim_0531,source_0375,institutional_explanation,1,1,,single_claim; single_source; kana_unrecorded; period_unrecorded; explanation_only; source_date_unrecorded,4,structural_pass; individual source recheck pending
490,tengu_tokubei,てんぐの徳兵衛,てんぐのとくべえ,,named_supernatural_entity,和歌山県,,claim_0532,source_0376,institutional_explanation,1,1,,single_claim; single_source; period_unrecorded; explanation_only; source_date_unrecorded,4,structural_pass; individual source recheck pending
491,tateshinayama_no_koga_saburo,蓼科山の甲賀三郎,たてしなやまのこうがさぶろう,,named_supernatural_entity,長野県,,claim_0533,source_0377,institutional_explanation,1,1,,single_claim; single_source; period_unrecorded; explanation_only; source_date_unrecorded,4,structural_pass; individual source recheck pending
492,tobayama_no_furugitsune,鳥羽山の古狐,とばやまのふるぎつね,,folklore_being,長野県,,claim_0534,source_0378,institutional_explanation,1,1,,single_claim; single_source; period_unrecorded; explanation_only; source_date_unrecorded,4,structural_pass; individual source recheck pending
493,suguji_no_hashi_azukitogi_onna,小豆とぎの女,あずきとぎのおんな,,supernatural_phenomenon,長野県,,claim_0535,source_0379,institutional_explanation,1,1,,single_claim; single_source; period_unrecorded; explanation_only; source_date_unrecorded,4,structural_pass; individual source recheck pending
494,akanuma_no_kappa,赤沼の河童,,,folklore_being,長野県,,claim_0536,source_0380,institutional_explanation,1,1,,single_claim; single_source; kana_unrecorded; period_unrecorded; explanation_only; source_date_unrecorded,4,structural_pass; individual source recheck pending
495,ninosaka_no_oman_danuki,二の坂のおまん狸,,,named_supernatural_entity,熊本県,,claim_0537,source_0381,institutional_explanation,1,1,,single_claim; single_source; kana_unrecorded; period_unrecorded; explanation_only; source_date_unrecorded,4,structural_pass; individual source recheck pending
496,hizenjin_no_kurobeko,肥前陣の黒ベコ,,,named_supernatural_entity,熊本県,,claim_0538,source_0381,institutional_explanation,1,1,,single_claim; single_source; kana_unrecorded; period_unrecorded; explanation_only; source_date_unrecorded,4,structural_pass; individual source recheck pending
497,moda_no_moze,茂田のモゼ,,,named_supernatural_entity,熊本県,,claim_0539,source_0381,institutional_explanation,1,1,,single_claim; single_source; kana_unrecorded; period_unrecorded; explanation_only; source_date_unrecorded,4,structural_pass; individual source recheck pending
498,tatara_no_tazen,多々良のタゼン,,,named_supernatural_entity,熊本県,,claim_0540,source_0381,institutional_explanation,1,1,,single_claim; single_source; kana_unrecorded; period_unrecorded; explanation_only; source_date_unrecorded,4,structural_pass; individual source recheck pending
499,akkai_gohou_zenjin,閼伽井護法善神,あかいごほうぜんじん,,named_supernatural_entity,京都府,,claim_0541,source_0382,institutional_explanation,1,1,,single_claim; single_source; period_unrecorded; explanation_only,3,structural_pass; individual source recheck pending
500,fukanuma_kaido_no_kitsune,深沼街道の狐,,,folklore_being,山形県,,claim_0542,source_0383,institutional_catalog,1,1,,single_claim; single_source; kana_unrecorded; period_unrecorded; catalog_only; source_date_unrecorded,8,structural_pass; individual source recheck pending
501,kitayama_no_daija_kochi,北山の大蛇,,,folklore_being,高知県,,claim_0543,source_0384,institutional_explanation,1,1,,single_claim; single_source; kana_unrecorded; period_unrecorded; explanation_only; source_date_unrecorded,4,structural_pass; individual source recheck pending
502,hiruman_bozu,ヒルマンぼうず,,,folklore_being,高知県,,claim_0544,source_0384,institutional_explanation,1,1,,single_claim; single_source; kana_unrecorded; period_unrecorded; explanation_only; source_date_unrecorded,4,structural_pass; individual source recheck pending
503,hounosaka_no_shibaten,ほうの坂のしばてん,,,folklore_being,高知県,,claim_0545,source_0384,institutional_explanation,1,1,,single_claim; single_source; kana_unrecorded; period_unrecorded; explanation_only; source_date_unrecorded,4,structural_pass; individual source recheck pending
504,takegashi_no_enko,竹河岸のえんこう,,,folklore_being,高知県,,claim_0546,source_0384,institutional_explanation,1,1,,single_claim; single_source; kana_unrecorded; period_unrecorded; explanation_only; source_date_unrecorded,4,structural_pass; individual source recheck pending
505,tejigatani_no_hitama,てじが谷の火玉,,,supernatural_phenomenon,高知県,,claim_0547,source_0384,institutional_explanation,1,1,,single_claim; single_source; kana_unrecorded; period_unrecorded; explanation_only; source_date_unrecorded,4,structural_pass; individual source recheck pending
506,inari_shinzaemon_matsue,稲荷新左衛門,,,named_supernatural_entity,島根県,,claim_0548,source_0385,institutional_explanation,1,1,,single_claim; single_source; kana_unrecorded; period_unrecorded; explanation_only; source_date_unrecorded,4,structural_pass; individual source recheck pending
507,seikoin_no_matsukaze,清光院の松風,,,named_supernatural_entity,島根県,,claim_0549,source_0385,institutional_explanation,1,1,,single_claim; single_source; kana_unrecorded; period_unrecorded; explanation_only; source_date_unrecorded,4,structural_pass; individual source recheck pending
508,gesshoji_no_kame_sekizo,月照寺の亀の石像,,,object_spirit,島根県,,claim_0550,source_0385,institutional_explanation,1,1,,single_claim; single_source; kana_unrecorded; period_unrecorded; explanation_only; source_date_unrecorded,4,structural_pass; individual source recheck pending
509,nishiboriike_no_ishijizo,弘岡下西堀池の石地蔵,,,object_spirit,高知県,,claim_0551,source_0384,institutional_explanation,1,1,,single_claim; single_source; kana_unrecorded; period_unrecorded; explanation_only; source_date_unrecorded,4,structural_pass; individual source recheck pending
510,shii_yamaguchi,シイ,,,folklore_being,山口県,,claim_0552,source_0386,institutional_explanation,1,1,,single_claim; single_source; kana_unrecorded; period_unrecorded; explanation_only; source_date_unrecorded,4,structural_pass; individual source recheck pending
511,odode_sama_kunohe,オドデ様,,,named_supernatural_entity,岩手県,,claim_0553,source_0387,institutional_explanation,1,1,,single_claim; single_source; kana_unrecorded; period_unrecorded; explanation_only; source_date_unrecorded,4,structural_pass; individual source recheck pending
512,hanamaki_sakurabuchi_kappa,桜淵の河童,,,folklore_being,岩手県,,claim_0554,source_0388,institutional_explanation,1,1,,single_claim; single_source; kana_unrecorded; period_unrecorded; explanation_only,3,structural_pass; individual source recheck pending
513,kamegamori_migawari_kannon,亀ケ森の身代わり観音,,,object_spirit,岩手県,,claim_0555,source_0389,institutional_explanation,1,1,,single_claim; single_source; kana_unrecorded; period_unrecorded; explanation_only,3,structural_pass; individual source recheck pending
514,oga_shintamaike_daija,新玉の池の大蛇,,,folklore_being,秋田県,,claim_0556,source_0390,institutional_explanation,1,1,,single_claim; single_source; kana_unrecorded; period_unrecorded; explanation_only,3,structural_pass; individual source recheck pending
515,yomiya_sanpu_gitsune,夜宮の森の産婦狐,,,folklore_being,福岡県,,claim_0557,source_0391,institutional_explanation,1,1,,single_claim; single_source; kana_unrecorded; period_unrecorded; explanation_only,3,structural_pass; individual source recheck pending
516,shiunji_ofuku,紫雲寺潟のお福,,,named_supernatural_entity,新潟県,,claim_0558,source_0392,research_article,1,1,,single_claim; single_source; kana_unrecorded; period_unrecorded; source_date_unrecorded,4,structural_pass; individual source recheck pending
517,zenshoji_bell_niigata,善照寺の鐘,,,object_spirit,新潟県,,claim_0559,source_0392,research_article,1,1,,single_claim; single_source; kana_unrecorded; period_unrecorded; source_date_unrecorded,4,structural_pass; individual source recheck pending
518,toyanogata_ryuto,鳥屋野潟の竜灯,,,supernatural_phenomenon,新潟県,,claim_0560,source_0392,research_article,1,1,research/source-deepening/toyanogata_ryuto/evidence-pack-v001.md,single_claim; single_source; kana_unrecorded; period_unrecorded; source_date_unrecorded,4,structural_pass; individual source recheck pending
519,hakusangame_niigata,白山亀,,,named_supernatural_entity,新潟県,,claim_0561,source_0392,research_article,1,1,research/source-deepening/hakusangame_niigata/evidence-pack-v001.md,single_claim; single_source; kana_unrecorded; period_unrecorded; source_date_unrecorded,4,structural_pass; individual source recheck pending
520,shikama_kappa,色麻の河童,,,folklore_being,宮城県,,claim_0562,source_0393,institutional_explanation,1,1,,single_claim; single_source; kana_unrecorded; period_unrecorded; explanation_only,3,structural_pass; individual source recheck pending
521,kamiichi_tsuburaike_daija,つぶら池の大蛇,,,folklore_being,富山県,,claim_0563,source_0394,institutional_explanation,1,1,,single_claim; single_source; kana_unrecorded; period_unrecorded; explanation_only,3,structural_pass; individual source recheck pending
522,kamiichi_takibashi_daija,滝橋の大蛇,,,folklore_being,富山県,,claim_0564,source_0394,institutional_explanation,1,1,,single_claim; single_source; kana_unrecorded; period_unrecorded; explanation_only,3,structural_pass; individual source recheck pending
523,kamiichi_ganzaburo_kappa,かっぱのガンザブロウ,,,named_supernatural_entity,富山県,,claim_0565,source_0395,institutional_explanation,1,1,,single_claim; single_source; kana_unrecorded; period_unrecorded; explanation_only,3,structural_pass; individual source recheck pending
524,shimoda_yokogawa_kazono_kitsune_lights,横川・加増野の狐の嫁入りの灯,,,supernatural_phenomenon,静岡県,,claim_0566,source_0396,institutional_explanation,1,1,,single_claim; single_source; kana_unrecorded; period_unrecorded; explanation_only,3,structural_pass; individual source recheck pending
525,moriyama_himatsuri_daija,守山の火まつりの大蛇,,,folklore_being,滋賀県,,claim_0567,source_0397,institutional_explanation,1,1,,single_claim; single_source; kana_unrecorded; period_unrecorded; explanation_only,3,structural_pass; individual source recheck pending
526,kashozan_chuho,中峰（迦葉山）,,,named_supernatural_entity,群馬県,,claim_0568,source_0398,institutional_explanation,1,1,,single_claim; single_source; kana_unrecorded; period_unrecorded; explanation_only,3,structural_pass; individual source recheck pending
527,futatsudosomura_enko,二つ道祖村の猿猴,,,folklore_being,山口県,,claim_0569,source_0399,institutional_explanation,1,1,,single_claim; single_source; kana_unrecorded; period_unrecorded; explanation_only; source_date_unrecorded,4,structural_pass; individual source recheck pending
528,hagi_chozoji_enko,萩長蔵寺の猿猴,,,folklore_being,山口県,,claim_0570,source_0399,institutional_explanation,1,1,,single_claim; single_source; kana_unrecorded; period_unrecorded; explanation_only; source_date_unrecorded,4,structural_pass; individual source recheck pending
529,ryumonnotaki_daija,龍門の滝の大蛇,,,folklore_being,栃木県,,claim_0571,source_0400,institutional_explanation,1,1,,single_claim; single_source; kana_unrecorded; period_unrecorded; explanation_only,3,structural_pass; individual source recheck pending
530,kumanbo_daigongen_tounji,九万坊大権現,,,named_supernatural_entity,石川県,,claim_0572,source_0401,institutional_explanation,1,1,,single_claim; single_source; kana_unrecorded; period_unrecorded; explanation_only; source_date_unrecorded,4,structural_pass; individual source recheck pending
531,taroten_yayama,太郎天,,屋山太郎惣大行事,named_supernatural_entity,大分県,heian,claim_0573,source_0402,institutional_catalog,1,1,,single_claim; single_source; kana_unrecorded; catalog_only; source_date_unrecorded,8,structural_pass; individual source recheck pending
532,himeshima_ukita_daija,姫島浮田の大蛇,,,folklore_being,大分県,,claim_0574,source_0403,institutional_explanation,1,1,,single_claim; single_source; kana_unrecorded; period_unrecorded; explanation_only,3,structural_pass; individual source recheck pending
533,jajima_daija,蛇島の大蛇,,,folklore_being,京都府,,claim_0575,source_0404,institutional_explanation,1,1,,single_claim; single_source; kana_unrecorded; period_unrecorded; explanation_only,3,structural_pass; individual source recheck pending
534,nijo_gataki_ryujin,二畳ヶ滝の竜神,,,named_supernatural_entity,愛知県,,claim_0576,source_0405,institutional_explanation,1,1,,single_claim; single_source; kana_unrecorded; period_unrecorded; explanation_only,3,structural_pass; individual source recheck pending
535,kuramadera_osu_daija,鞍馬寺の雄大蛇,,,folklore_being,京都府,,claim_0577,source_0382,institutional_explanation,1,1,,single_claim; single_source; kana_unrecorded; period_unrecorded; explanation_only,3,structural_pass; individual source recheck pending
536,kogenji_ameya_yurei,光源寺の飴屋の幽霊,,,folklore_being,長崎県,,claim_0578,source_0406,institutional_explanation,1,1,,single_claim; single_source; kana_unrecorded; period_unrecorded; explanation_only; source_date_unrecorded,4,structural_pass; individual source recheck pending
537,katasode_engi_mojo,片袖縁起の亡女,,,folklore_being,大阪府,,claim_0579,source_0407,institutional_explanation,1,1,,single_claim; single_source; kana_unrecorded; period_unrecorded; explanation_only; source_date_unrecorded,4,structural_pass; individual source recheck pending
538,keizobo_kitsune,経蔵坊,,慶蔵坊; 桂蔵坊,named_supernatural_entity,鳥取県,,claim_0580,source_0408,institutional_explanation,1,1,,single_claim; single_source; kana_unrecorded; period_unrecorded; explanation_only; source_date_unrecorded,4,structural_pass; individual source recheck pending
539,sochiyama_sakon,曽地山左近,,,named_supernatural_entity,兵庫県,,claim_0581,source_0409,institutional_explanation,1,1,,single_claim; single_source; kana_unrecorded; period_unrecorded; explanation_only,3,structural_pass; individual source recheck pending
540,hata_tenguyama_no_tengu,波多の天狗山の天狗,,,folklore_being,鳥取県,,claim_0582,source_0410,database_record,1,1,,single_claim; single_source; kana_unrecorded; period_unrecorded; database_only; source_date_unrecorded,7,structural_pass; individual source recheck pending
541,yashaka_mannaka_no_oni,満仲の鬼,,,folklore_being,長野県,,claim_0583,source_0411,institutional_explanation,1,1,,single_claim; single_source; kana_unrecorded; period_unrecorded; explanation_only,3,structural_pass; individual source recheck pending
542,ooiwa_no_oni,大岩の鬼,,,folklore_being,長野県,,claim_0584,source_0411,institutional_explanation,1,1,,single_claim; single_source; kana_unrecorded; period_unrecorded; explanation_only,3,structural_pass; individual source recheck pending
543,mawari_sakama_kappa,廻りサカマの河童,,,folklore_being,熊本県,,claim_0585,source_0412,institutional_explanation,1,1,,single_claim; single_source; kana_unrecorded; period_unrecorded; explanation_only,3,structural_pass; individual source recheck pending
544,saruoni,猿鬼,さるおに,,folklore_being,石川県,,claim_0586,source_0413,institutional_explanation,1,1,,single_claim; single_source; period_unrecorded; explanation_only; source_date_unrecorded,4,structural_pass; individual source recheck pending
545,chota_mujina,長太ムジナ,,,folklore_being,石川県,,claim_0587,source_0413,institutional_explanation,1,1,,single_claim; single_source; kana_unrecorded; period_unrecorded; explanation_only; source_date_unrecorded,4,structural_pass; individual source recheck pending
546,nawagaike_ryujin,縄が池の竜神,,,folklore_being,富山県,,claim_0588,source_0414,institutional_explanation,1,1,,single_claim; single_source; kana_unrecorded; period_unrecorded; explanation_only,3,structural_pass; individual source recheck pending
547,sambutaro_miho,三穂太郎,さんぶたろう,,named_supernatural_entity,岡山県,,claim_0589,source_0415,institutional_explanation,1,1,,single_claim; single_source; period_unrecorded; explanation_only,3,structural_pass; individual source recheck pending
548,jana_no_daija_gifu,蛇穴の大蛇,,,folklore_being,岐阜県,,claim_0590,source_0416,institutional_explanation,1,1,,single_claim; single_source; kana_unrecorded; period_unrecorded; explanation_only,3,structural_pass; individual source recheck pending
549,oyamajo_icho_hime_rei,城山公孫樹の姫君の霊,,,folklore_being,栃木県,,claim_0591,source_0417,institutional_explanation,1,1,,single_claim; single_source; kana_unrecorded; period_unrecorded; explanation_only,3,structural_pass; individual source recheck pending
550,nekonoshima_oomukade,猫ノ島の大ムカデ,,,folklore_being,石川県,,claim_0592,source_0413,institutional_explanation,1,1,,single_claim; single_source; kana_unrecorded; period_unrecorded; explanation_only; source_date_unrecorded,4,structural_pass; individual source recheck pending
551,sumiyoshiike_daija_aira,住吉池の大蛇,,,folklore_being,鹿児島県,,claim_0593,source_0418,institutional_explanation,1,1,,single_claim; single_source; kana_unrecorded; period_unrecorded; explanation_only,3,structural_pass; individual source recheck pending
552,yagi_daija_hiroshima,八木の大蛇,,,folklore_being,広島県,,claim_0594,source_0419,institutional_explanation,1,1,,single_claim; single_source; kana_unrecorded; period_unrecorded; explanation_only,3,structural_pass; individual source recheck pending
553,oronion_oguninuma,オロニョン,,,named_supernatural_entity,福島県,,claim_0595,source_0420,institutional_explanation,1,1,,single_claim; single_source; kana_unrecorded; period_unrecorded; explanation_only,3,structural_pass; individual source recheck pending
554,kotokuji_daija_kagoshima,皇徳寺の大蛇,,,folklore_being,鹿児島県,,claim_0596,source_0421,primary_or_early_source,1,1,,single_claim; single_source; kana_unrecorded; period_unrecorded,3,structural_pass; individual source recheck pending
555,sairyu_shinpu,犀竜,,,named_supernatural_entity,長野県,edo,claim_0597,source_0422,primary_or_early_source,1,1,,single_claim; single_source; kana_unrecorded; source_date_unrecorded,4,structural_pass; individual source recheck pending
556,hakuryuo_shinpu,白竜王,,,named_supernatural_entity,長野県,edo,claim_0598,source_0422,primary_or_early_source,1,1,,single_claim; single_source; kana_unrecorded; source_date_unrecorded,4,structural_pass; individual source recheck pending
557,nikko_izumi_kotaro,日光泉小太郎,,,named_supernatural_entity,長野県,edo,claim_0599,source_0422,primary_or_early_source,1,1,research/source-deepening/nikko_izumi_kotaro/evidence-pack-v001.md,single_claim; single_source; kana_unrecorded; source_date_unrecorded,4,structural_pass; individual source recheck pending
558,madoou_nakabusa,魔道王,,,named_supernatural_entity,長野県,edo,claim_0600,source_0422,primary_or_early_source,1,1,,single_claim; single_source; kana_unrecorded; source_date_unrecorded,4,structural_pass; individual source recheck pending
559,hitotsudatara_kumano,一つだたら,,,folklore_being,和歌山県,,claim_0601,source_0423,institutional_explanation,1,1,,single_claim; single_source; kana_unrecorded; period_unrecorded; explanation_only,3,structural_pass; individual source recheck pending
560,nikusui_kumano,肉吸い,,,folklore_being,和歌山県,,claim_0602,source_0423,institutional_explanation,1,1,,single_claim; single_source; kana_unrecorded; period_unrecorded; explanation_only,3,structural_pass; individual source recheck pending
561,iwakajiri_taiji,岩かじり,,,folklore_being,和歌山県,,claim_0603,source_0423,institutional_explanation,1,1,,single_claim; single_source; kana_unrecorded; period_unrecorded; explanation_only,3,structural_pass; individual source recheck pending
562,kishimayama_matsu_no_sei,杵島山の松の精,,,folklore_being,佐賀県,,claim_0604,source_0424,database_record,1,1,,single_claim; single_source; kana_unrecorded; period_unrecorded; database_only; source_date_unrecorded,7,structural_pass; individual source recheck pending
563,misogorodon,ミソゴロドン,,,named_supernatural_entity,佐賀県,,claim_0605,source_0424,database_record,1,1,,single_claim; single_source; kana_unrecorded; period_unrecorded; database_only; source_date_unrecorded,7,structural_pass; individual source recheck pending
564,kijigoya_mura_no_daija,木地小屋村の大蛇,,,folklore_being,福島県,,claim_0606,source_0425,primary_or_early_source,1,1,,single_claim; single_source; kana_unrecorded; period_unrecorded,3,structural_pass; individual source recheck pending
565,daionji_no_bake_doro,大恩寺の化け灯籠,,,supernatural_phenomenon,福島県,,claim_0607,source_0425,primary_or_early_source,1,1,,single_claim; single_source; kana_unrecorded; period_unrecorded,3,structural_pass; individual source recheck pending
566,koanji_no_hanatori_jizo,鼻取り地蔵,はなとりじぞう,,named_supernatural_entity,静岡県,,claim_0608; claim_0609; claim_0644,source_0426; source_0427; source_0455,institutional_catalog; institutional_explanation,3,3,,period_unrecorded; duplicate_source_url; source_date_unrecorded,6,structural_pass; individual source recheck pending
567,yuganji_no_daija_no_keshin,唯願寺の大蛇の化身,,,folklore_being,岐阜県,,claim_0610,source_0428,institutional_explanation,1,1,,single_claim; single_source; kana_unrecorded; period_unrecorded; explanation_only,3,structural_pass; individual source recheck pending
568,yoshita_ogojo_no_rei,ヨシタオゴジョの霊,,,named_supernatural_entity,鹿児島県,,claim_0611,source_0246,institutional_explanation,1,1,,single_claim; single_source; kana_unrecorded; period_unrecorded; explanation_only,3,structural_pass; individual source recheck pending
569,miyama_ike_no_nushi,みやま池の主,,,folklore_being,鹿児島県,,claim_0612,source_0246,institutional_explanation,1,1,,single_claim; single_source; kana_unrecorded; period_unrecorded; explanation_only,3,structural_pass; individual source recheck pending
570,neko_gan_uto,ネコガン,,,folklore_being,鹿児島県,,claim_0613,source_0246,institutional_explanation,1,1,,single_claim; single_source; kana_unrecorded; period_unrecorded; explanation_only,3,structural_pass; individual source recheck pending
571,arakawa_matsuo_jinja_no_kami,荒川の松尾神社の神様,,,folklore_being,鹿児島県,,claim_0614,source_0246,institutional_explanation,1,1,,single_claim; single_source; kana_unrecorded; period_unrecorded; explanation_only,3,structural_pass; individual source recheck pending
572,ibori_no_daija,井堀の大蛇,,,folklore_being,愛知県,,claim_0615,source_0429,institutional_explanation,1,1,,single_claim; single_source; kana_unrecorded; period_unrecorded; explanation_only,3,structural_pass; individual source recheck pending
573,yago_no_katame_no_hebi,片目のへび,,,folklore_being,愛知県,,claim_0616,source_0430,institutional_explanation,1,1,,single_claim; single_source; kana_unrecorded; period_unrecorded; explanation_only,3,structural_pass; individual source recheck pending
574,hokkeji_mujinatanuki,むじなたぬき,,,folklore_being,愛知県,,claim_0617,source_0431,institutional_explanation,1,1,,single_claim; single_source; kana_unrecorded; period_unrecorded; explanation_only,3,structural_pass; individual source recheck pending
575,funabashi_kikyo_no_mae,桔梗の前,,,named_supernatural_entity,千葉県,,claim_0618,source_0432,institutional_explanation,1,1,,single_claim; single_source; kana_unrecorded; period_unrecorded; explanation_only,3,structural_pass; individual source recheck pending
576,nakano_tan_jizo,たん地蔵,,,object_spirit,愛知県,,claim_0619,source_0433,institutional_explanation,1,1,,single_claim; single_source; kana_unrecorded; period_unrecorded; explanation_only,3,structural_pass; individual source recheck pending
577,kataharaisshiki_yonaki_jizo,夜泣き地蔵,,,object_spirit,愛知県,,claim_0620,source_0434,institutional_explanation,1,1,,single_claim; single_source; kana_unrecorded; period_unrecorded; explanation_only,3,structural_pass; individual source recheck pending
578,houosan_no_daija,宝尾山の大蛇,ほうおさんのだいじゃ,,folklore_being,福井県,,claim_0621,source_0435,institutional_explanation,1,1,,single_claim; single_source; period_unrecorded; explanation_only,3,structural_pass; individual source recheck pending
579,nakanomata_no_nekomata,中ノ俣の猫又,,,folklore_being,新潟県,,claim_0622,source_0436,institutional_explanation,1,1,,single_claim; single_source; kana_unrecorded; period_unrecorded; explanation_only,3,structural_pass; individual source recheck pending
580,minamata_sokonashi_numa_daija,底なし沼の大蛇,,,folklore_being,熊本県,,claim_0623,source_0437,institutional_explanation,1,1,,single_claim; single_source; kana_unrecorded; period_unrecorded; explanation_only,3,structural_pass; individual source recheck pending
581,miyako_issunbo,一寸坊,,,named_supernatural_entity,福岡県,,claim_0624,source_0438,institutional_explanation,1,1,,single_claim; single_source; kana_unrecorded; period_unrecorded; explanation_only,3,structural_pass; individual source recheck pending
582,komatsugaike_no_daija,小松ヶ池の大蛇,,,folklore_being,福岡県,,claim_0625,source_0438,institutional_explanation,1,1,,single_claim; single_source; kana_unrecorded; period_unrecorded; explanation_only,3,structural_pass; individual source recheck pending
583,minamata_konjin_don,金神どん,こんじんどん,,object_spirit,熊本県,,claim_0626,source_0439,institutional_explanation,1,1,,single_claim; single_source; period_unrecorded; explanation_only,3,structural_pass; individual source recheck pending
584,sanbanmagari_no_furudanuki,三番曲りの古狸,,,folklore_being,熊本県,,claim_0627,source_0440,institutional_explanation,1,1,,single_claim; single_source; kana_unrecorded; period_unrecorded; explanation_only,3,structural_pass; individual source recheck pending
585,mitsudomi_no_kawanton,光冨のカワントン,,,folklore_being,福岡県,,claim_0628,source_0441,institutional_explanation,1,1,,single_claim; single_source; kana_unrecorded; period_unrecorded; explanation_only,3,structural_pass; individual source recheck pending
586,minamata_kenuki_kappa,毛抜きカッパ,,,folklore_being,熊本県,,claim_0629,source_0381,institutional_explanation,1,1,,single_claim; single_source; kana_unrecorded; period_unrecorded; explanation_only; source_date_unrecorded,4,structural_pass; individual source recheck pending
587,onizawa_no_oni,鬼沢の鬼,,,folklore_being,青森県,,claim_0630,source_0442,institutional_explanation,1,1,,single_claim; single_source; kana_unrecorded; period_unrecorded; explanation_only; source_date_unrecorded,4,structural_pass; individual source recheck pending
588,natori_saemon_taro,名取左衛門太郎,,名取太郎,named_supernatural_entity,山形県,,claim_0631,source_0443,institutional_explanation,1,1,,single_claim; single_source; kana_unrecorded; period_unrecorded; explanation_only,3,structural_pass; individual source recheck pending
589,iizuna_gongen,飯縄権現,,,named_supernatural_entity,新潟県,,claim_0632,source_0444,institutional_explanation,1,1,,single_claim; single_source; kana_unrecorded; period_unrecorded; explanation_only,3,structural_pass; individual source recheck pending
590,mitsuishi_sama,三ツ石様,,,object_spirit,岩手県,,claim_0633,source_0445,institutional_explanation,1,1,,single_claim; single_source; kana_unrecorded; period_unrecorded; explanation_only,3,structural_pass; individual source recheck pending
591,buzen_ibo_kamisama,久路土のいぼ神様,,,named_supernatural_entity,福岡県,,claim_0634,source_0446,institutional_explanation,1,1,,single_claim; single_source; kana_unrecorded; period_unrecorded; explanation_only; source_date_unrecorded,4,structural_pass; individual source recheck pending
592,jabami_white_snake_spirit,蛇喰の白蛇の霊,,,folklore_being,千葉県,,claim_0635,source_0447,institutional_explanation,1,1,,single_claim; single_source; kana_unrecorded; period_unrecorded; explanation_only,3,structural_pass; individual source recheck pending
593,rendaiji_enma_head,蓮台寺の閻魔大王の首,,,object_spirit,千葉県,,claim_0636,source_0448,institutional_explanation,1,1,,single_claim; single_source; kana_unrecorded; period_unrecorded; explanation_only,3,structural_pass; individual source recheck pending
594,honami_old_woman_yokai,穂波郡の老婆の妖怪,,,folklore_being,福岡県,,claim_0637,source_0449,institutional_explanation,1,1,,single_claim; single_source; kana_unrecorded; period_unrecorded; explanation_only; source_date_unrecorded,4,structural_pass; individual source recheck pending
595,joza_yajo,上座郡の野女,じょうざぐんのやじょ,,folklore_being,福岡県,,claim_0638,source_0449,institutional_explanation,1,1,,single_claim; single_source; period_unrecorded; explanation_only; source_date_unrecorded,4,structural_pass; individual source recheck pending
596,oshikiri_kuma_jizo,押切の熊地蔵,,,object_spirit,埼玉県,,claim_0639,source_0450,institutional_explanation,1,1,,single_claim; single_source; kana_unrecorded; period_unrecorded; explanation_only; source_date_unrecorded,4,structural_pass; individual source recheck pending
597,shinkawa_giant_eel,新川の大うなぎ,,,folklore_being,埼玉県,,claim_0640,source_0451,institutional_explanation,1,1,,single_claim; single_source; kana_unrecorded; period_unrecorded; explanation_only; source_date_unrecorded,4,structural_pass; individual source recheck pending
598,monjuji_lion,文殊寺の獅子,,,object_spirit,埼玉県,,claim_0641,source_0452,institutional_explanation,1,1,,single_claim; single_source; kana_unrecorded; period_unrecorded; explanation_only; source_date_unrecorded,4,structural_pass; individual source recheck pending
599,ganeko_blue_meowing_cat,我如古長柵の青鳴き猫,,,named_supernatural_entity,沖縄県,,claim_0642,source_0453,database_record,1,1,,single_claim; single_source; kana_unrecorded; period_unrecorded; database_only; source_date_unrecorded,7,structural_pass; individual source recheck pending
600,yonago_tama_cat,今在家のタマ,,,named_supernatural_entity,鳥取県,,claim_0643,source_0454,database_record,1,1,,single_claim; single_source; kana_unrecorded; period_unrecorded; database_only; source_date_unrecorded,7,structural_pass; individual source recheck pending
601,kurokane_zasu,黒金座主,,,named_supernatural_entity,沖縄県,,claim_0645,source_0456,database_record,1,1,,single_claim; single_source; kana_unrecorded; period_unrecorded; database_only; source_date_unrecorded,7,structural_pass; individual source recheck pending
602,kasuya_white_bakemono,糟屋郡の白いばけもの,,,folklore_being,福岡県,,claim_0646,source_0449,institutional_explanation,1,1,,single_claim; single_source; kana_unrecorded; period_unrecorded; explanation_only; source_date_unrecorded,4,structural_pass; individual source recheck pending
603,naka_mikoshi_nyudo,那珂郡の見越入道,,,folklore_being,福岡県,,claim_0647,source_0449,institutional_explanation,1,1,,single_claim; single_source; kana_unrecorded; period_unrecorded; explanation_only; source_date_unrecorded,4,structural_pass; individual source recheck pending
604,oohara_fox,大原狐,,,folklore_being,埼玉県,,claim_0648,source_0457,institutional_explanation,1,1,,single_claim; single_source; kana_unrecorded; period_unrecorded; explanation_only,3,structural_pass; individual source recheck pending
605,oonuma_white_snake,大沼の白蛇,,,folklore_being,埼玉県,,claim_0649,source_0458,institutional_explanation,1,1,,single_claim; single_source; kana_unrecorded; period_unrecorded; explanation_only,3,structural_pass; individual source recheck pending
606,ohata_head_seeking_serpent,大幡の首を求める大蛇,,,folklore_being,埼玉県,,claim_0650,source_0459,institutional_explanation,1,1,,single_claim; single_source; kana_unrecorded; period_unrecorded; explanation_only,3,structural_pass; individual source recheck pending
607,tsuyufuji_okunoin_pond_turtle,露藤・奥の院沼の大亀,,,folklore_being,山形県,,claim_0651,source_0319,primary_or_early_source,1,1,,single_claim; single_source; kana_unrecorded; period_unrecorded; source_date_unrecorded,4,structural_pass; individual source recheck pending
608,dehaya_bakeneko,出葉屋の化け猫,,,folklore_being,島根県,,claim_0652,source_0460,primary_or_early_source,1,1,,single_claim; single_source; kana_unrecorded; period_unrecorded; source_date_unrecorded,4,structural_pass; individual source recheck pending
609,ibara_river_enko,井原川のエンコウ,,,folklore_being,島根県,,claim_0653,source_0461,primary_or_early_source,1,1,research/source-deepening/ibara_river_enko/evidence-pack-v001.md,single_claim; single_source; kana_unrecorded; period_unrecorded; source_date_unrecorded,4,structural_pass; individual source recheck pending
610,ushigamine_serpent,牛が峰の大蛇,,,folklore_being,兵庫県,,claim_0654,source_0462,institutional_explanation,1,1,,single_claim; single_source; kana_unrecorded; period_unrecorded; explanation_only; source_date_unrecorded,4,structural_pass; individual source recheck pending
611,oton_joro_fox,オトン女郎,,,named_supernatural_entity,鳥取県,,claim_0655,source_0463,institutional_explanation,1,1,,single_claim; single_source; kana_unrecorded; period_unrecorded; explanation_only; source_date_unrecorded,4,structural_pass; individual source recheck pending
612,aka_tenugui_fox,赤テヌグイ,,,named_supernatural_entity,鳥取県,,claim_0656,source_0463,institutional_explanation,1,1,,single_claim; single_source; kana_unrecorded; period_unrecorded; explanation_only; source_date_unrecorded,4,structural_pass; individual source recheck pending
613,gaida_baba,ガイダ婆,,,named_supernatural_entity,兵庫県,,claim_0657,source_0464,institutional_explanation,1,1,,single_claim; single_source; kana_unrecorded; period_unrecorded; explanation_only; source_date_unrecorded,4,structural_pass; individual source recheck pending
614,kishin_dayu_tsugaru,鬼神太夫,,,named_supernatural_entity,青森県,,claim_0658; claim_0659,source_0465; source_0466,institutional_explanation; research_article,2,2,research/source-deepening/kishin_dayu_tsugaru/evidence-pack-v001.md,kana_unrecorded; period_unrecorded; source_date_unrecorded,1,structural_pass; individual source recheck pending
615,kawatari_osan_gitsune,お三ギツネ,おさんぎつね,,named_supernatural_entity,新潟県,,claim_0660,source_0467,institutional_explanation,1,1,,single_claim; single_source; period_unrecorded; explanation_only; source_date_unrecorded,4,structural_pass; individual source recheck pending
616,hitotsu_tatara_nachi,一つたたら,ひとつたたら,,folklore_being,和歌山県,,claim_0661,source_0468,institutional_explanation,1,1,,single_claim; single_source; period_unrecorded; explanation_only; source_date_unrecorded,4,structural_pass; individual source recheck pending
617,tenchibo_tengu,天地坊,,,named_supernatural_entity,茨城県,,claim_0662,source_0469,database_record,1,1,,single_claim; single_source; kana_unrecorded; period_unrecorded; database_only,6,structural_pass; individual source recheck pending
618,saizaburo_gitsune_takeda,才三郎狐,,,named_supernatural_entity,茨城県,,claim_0663,source_0470,database_record,1,1,research/source-deepening/saizaburo_gitsune_takeda/evidence-pack-v001.md,single_claim; single_source; kana_unrecorded; period_unrecorded; database_only,6,structural_pass; individual source recheck pending
619,magozaemon_numano_nushi,孫左衛門,,,named_supernatural_entity,茨城県,,claim_0664,source_0471,database_record,1,1,,single_claim; single_source; kana_unrecorded; period_unrecorded; database_only,6,structural_pass; individual source recheck pending
620,ippaku_no_rei,イッパクの霊,いっぱくのれい,,named_supernatural_entity,福井県,,claim_0665,source_0254,institutional_explanation,1,1,,single_claim; single_source; period_unrecorded; explanation_only,3,structural_pass; individual source recheck pending
621,osano_gitsune_kadoma,おさの狐,おさのきつね,おさ狐,named_supernatural_entity,大阪府,,claim_0666,source_0472,institutional_explanation,1,1,,single_claim; single_source; period_unrecorded; explanation_only,3,structural_pass; individual source recheck pending
622,okon_yagoto,おこん,おこん,,named_supernatural_entity,愛知県,,claim_0667,source_0473,institutional_explanation,1,1,,single_claim; single_source; period_unrecorded; explanation_only,3,structural_pass; individual source recheck pending
623,ozaki_hakuzaemon,尾崎白左衛門,,白左衛門,named_supernatural_entity,愛知県,,claim_0668,source_0473,institutional_explanation,1,1,,single_claim; single_source; kana_unrecorded; period_unrecorded; explanation_only,3,structural_pass; individual source recheck pending
624,miko_no_yabu_danuki,神子の藪狸,,神子の藪狸大明神,named_supernatural_entity,徳島県,,claim_0669,source_0474,institutional_explanation,1,1,,single_claim; single_source; kana_unrecorded; period_unrecorded; explanation_only,3,structural_pass; individual source recheck pending
625,otonoki_danuki,鳳ノ木狸,,鳳ノ木狸大明神,named_supernatural_entity,徳島県,,claim_0670,source_0474,institutional_explanation,1,1,,single_claim; single_source; kana_unrecorded; period_unrecorded; explanation_only,3,structural_pass; individual source recheck pending
626,enoki_danuki_komatsushima,榎狸,,榎狸大明神,named_supernatural_entity,徳島県,,claim_0671,source_0474,institutional_explanation,1,1,,single_claim; single_source; kana_unrecorded; period_unrecorded; explanation_only,3,structural_pass; individual source recheck pending
627,yushichi_daimyojin,祐七大明神,,祐七,named_supernatural_entity,徳島県,,claim_0672,source_0474,institutional_explanation,1,1,,single_claim; single_source; kana_unrecorded; period_unrecorded; explanation_only,3,structural_pass; individual source recheck pending
628,sanko_oga,サンコ,さんこ,石山のサンコ,named_supernatural_entity,秋田県,,claim_0673,source_0475,database_record,1,1,,single_claim; single_source; period_unrecorded; database_only,6,structural_pass; individual source recheck pending
629,miyoshimine_no_sanko,三吉峰のさん子,,さん子,named_supernatural_entity,秋田県,,claim_0674,source_0476,database_record,1,1,,single_claim; single_source; kana_unrecorded; period_unrecorded; database_only,6,structural_pass; individual source recheck pending
630,sayama_no_sankichi_tanuki,狭山の三吉,,三吉,named_supernatural_entity,秋田県,,claim_0675,source_0476,database_record,1,1,,single_claim; single_source; kana_unrecorded; period_unrecorded; database_only,6,structural_pass; individual source recheck pending
631,okuno_ani_gitsune,オクノ,おくの,,named_supernatural_entity,秋田県,,claim_0676,source_0477,database_record,1,1,,single_claim; single_source; period_unrecorded; database_only,6,structural_pass; individual source recheck pending
632,futodon_imutaike,フトドン,ふとどん,太殿,named_supernatural_entity,鹿児島県,,claim_0677,source_0246,institutional_explanation,1,1,,single_claim; single_source; period_unrecorded; explanation_only,3,structural_pass; individual source recheck pending
633,iimureyama_no_ooni,飯牟礼山の大鬼,,,folklore_being,鹿児島県,,claim_0678,source_0246,institutional_explanation,1,1,,single_claim; single_source; kana_unrecorded; period_unrecorded; explanation_only,3,structural_pass; individual source recheck pending
634,koshikijima_no_toshidon,甑島のトシドン,こしきじまのとしどん,,folklore_being,鹿児島県,,claim_0679,source_0478,institutional_explanation,1,1,,single_claim; single_source; period_unrecorded; explanation_only; source_date_unrecorded,4,structural_pass; individual source recheck pending
635,satsumaioujima_no_mendon,薩摩硫黄島のメンドン,,,folklore_being,鹿児島県,,claim_0680,source_0479,institutional_explanation,1,1,,single_claim; single_source; kana_unrecorded; period_unrecorded; explanation_only,3,structural_pass; individual source recheck pending
636,akusekijima_no_boze,悪石島のボゼ,あくせきじまのぼぜ,,folklore_being,鹿児島県,,claim_0681,source_0480,institutional_explanation,1,1,,single_claim; single_source; period_unrecorded; explanation_only; source_date_unrecorded,4,structural_pass; individual source recheck pending
637,yoshihama_no_suneka,吉浜のスネカ,よしはまのすねか,,folklore_being,岩手県,,claim_0682,source_0481,institutional_explanation,1,1,,single_claim; single_source; period_unrecorded; explanation_only; source_date_unrecorded,4,structural_pass; individual source recheck pending
638,mishima_no_kasedori_saga,見島のカセドリ,みしまのかせどり,,folklore_being,佐賀県,,claim_0683,source_0482,institutional_explanation,1,1,,single_claim; single_source; period_unrecorded; explanation_only; source_date_unrecorded,4,structural_pass; individual source recheck pending
639,yuza_no_amahage,遊佐のアマハゲ,ゆざのあまはげ,,folklore_being,山形県,,claim_0684,source_0483,institutional_explanation,1,1,,single_claim; single_source; period_unrecorded; explanation_only; source_date_unrecorded,4,structural_pass; individual source recheck pending
640,noto_no_amamehagi,能登のアマメハギ,のとのあまめはぎ,,folklore_being,石川県,,claim_0685,source_0484,institutional_explanation,1,1,,single_claim; single_source; period_unrecorded; explanation_only; source_date_unrecorded,4,structural_pass; individual source recheck pending
641,noshiro_no_nagomehagi,能代のナゴメハギ,のしろのなごめはぎ,,folklore_being,秋田県,,claim_0686,source_0485,institutional_explanation,1,1,,single_claim; single_source; period_unrecorded; explanation_only; source_date_unrecorded,4,structural_pass; individual source recheck pending
642,atamanashi_bori_no_oohebi,頭無堀の大蛇,,,folklore_being,新潟県,,claim_0687,source_0392,research_article,1,1,,single_claim; single_source; kana_unrecorded; period_unrecorded; source_date_unrecorded,4,structural_pass; individual source recheck pending
643,marugata_bakemono,丸潟化物,,丸潟化けもん,supernatural_phenomenon,新潟県,,claim_0688,source_0392,research_article,1,1,,single_claim; single_source; kana_unrecorded; period_unrecorded; source_date_unrecorded,4,structural_pass; individual source recheck pending
644,kawaguchi_no_ikijizo,川口の生き地蔵,,,object_spirit,新潟県,,claim_0689,source_0392,research_article,1,1,,single_claim; single_source; kana_unrecorded; period_unrecorded; source_date_unrecorded,4,structural_pass; individual source recheck pending
645,akaike_no_daija,赤池の大蛇,,,folklore_being,新潟県,,claim_0690,source_0392,research_article,1,1,,single_claim; single_source; kana_unrecorded; period_unrecorded; source_date_unrecorded,4,structural_pass; individual source recheck pending
646,setsuan,蛻庵,,,named_supernatural_entity,長野県,,claim_0691,source_0486,database_record,1,1,,single_claim; single_source; kana_unrecorded; period_unrecorded; database_only,6,structural_pass; individual source recheck pending
647,naha_hachiro,那波八郎,,,named_supernatural_entity,群馬県,,claim_0692,source_0487,database_record,1,1,,single_claim; single_source; kana_unrecorded; period_unrecorded; database_only,6,structural_pass; individual source recheck pending
648,otane_fox_mihonoseki,お種,おたね,,named_supernatural_entity,島根県,,claim_0693,source_0488,database_record,1,1,,single_claim; single_source; period_unrecorded; database_only,6,structural_pass; individual source recheck pending
649,nandobashi_no_kaibutsu,納戸橋の怪物,なんどばしのかいぶつ,,folklore_being,石川県,,claim_0694,source_0489,database_record,1,1,,single_claim; single_source; period_unrecorded; database_only,6,structural_pass; individual source recheck pending
650,yoshima_no_fuchi_no_nushi,好間の淵の主,,,folklore_being,福島県,,claim_0695,source_0490,database_record,1,1,,single_claim; single_source; kana_unrecorded; period_unrecorded; database_only,6,structural_pass; individual source recheck pending
651,sekino_taira_no_yamaoji,関の平の山おじ,,,folklore_being,和歌山県,,claim_0696,source_0491,institutional_explanation,1,1,,single_claim; single_source; kana_unrecorded; period_unrecorded; explanation_only; source_date_unrecorded,4,structural_pass; individual source recheck pending
652,konoyama_no_daija,鴻野山の大蛇,,,folklore_being,茨城県,,claim_0697,source_0492,database_record,1,1,,single_claim; single_source; kana_unrecorded; period_unrecorded; database_only,6,structural_pass; individual source recheck pending
653,shinike_no_kitsune_ishioka,新池の狐,しんいけのきつね,,folklore_being,茨城県,,claim_0698,source_0493,database_record,1,1,,single_claim; single_source; period_unrecorded; database_only,6,structural_pass; individual source recheck pending
654,iijima_no_oman_gitsune,飯島のおまん狐,,,named_supernatural_entity,茨城県,,claim_0699,source_0494,database_record,1,1,,single_claim; single_source; kana_unrecorded; period_unrecorded; database_only,6,structural_pass; individual source recheck pending
655,aotsuka_no_osen_gitsune,青塚のおせん狐,,,named_supernatural_entity,茨城県,,claim_0700,source_0494,database_record,1,1,,single_claim; single_source; kana_unrecorded; period_unrecorded; database_only,6,structural_pass; individual source recheck pending
656,dozonoike_no_daija,堂園池の大蛇,,,folklore_being,熊本県,,claim_0701,source_0495,institutional_explanation,1,1,,single_claim; single_source; kana_unrecorded; period_unrecorded; explanation_only,3,structural_pass; individual source recheck pending
657,kizaemon_tanuki_saijo,喜左衛門狸,,,named_supernatural_entity,愛媛県,,claim_0702,source_0496,institutional_explanation,1,1,,single_claim; single_source; kana_unrecorded; period_unrecorded; explanation_only,3,structural_pass; individual source recheck pending
658,yage_dani_no_bakeneko,ヤゲ谷の化猫,,,folklore_being,愛媛県,,claim_0703,source_0497,institutional_explanation,1,1,,single_claim; single_source; kana_unrecorded; period_unrecorded; explanation_only,3,structural_pass; individual source recheck pending
659,hyotanike_no_ogaeru,ひょうたん池の大蛙,,,folklore_being,愛媛県,,claim_0704,source_0498,institutional_explanation,1,1,,single_claim; single_source; kana_unrecorded; period_unrecorded; explanation_only,3,structural_pass; individual source recheck pending
660,hyotanike_no_mori_no_daija,ひょうたん池の森の大蛇,,,folklore_being,愛媛県,,claim_0705,source_0498,institutional_explanation,1,1,,single_claim; single_source; kana_unrecorded; period_unrecorded; explanation_only,3,structural_pass; individual source recheck pending
661,kuwamura_no_ema_no_uma,桑村の絵馬の馬,,,object_spirit,愛媛県,,claim_0706,source_0499,institutional_explanation,1,1,,single_claim; single_source; kana_unrecorded; period_unrecorded; explanation_only,3,structural_pass; individual source recheck pending
662,koenji_no_nikutsuki_no_men,香園寺の肉付きの面,,,object_spirit,愛媛県,,claim_0707,source_0500,institutional_explanation,1,1,research/source-deepening/koenji_no_nikutsuki_no_men/evidence-pack-v001.md,single_claim; single_source; kana_unrecorded; period_unrecorded; explanation_only,3,structural_pass; individual source recheck pending
663,kurotaki_no_fushigi_na_kagura,黒滝の不思議な神かぐら,,,supernatural_phenomenon,愛媛県,,claim_0708,source_0501,institutional_explanation,1,1,,single_claim; single_source; kana_unrecorded; period_unrecorded; explanation_only,3,structural_pass; individual source recheck pending
664,nene_nikkosan,祢々,,,folklore_being,栃木県,,claim_0709,source_0502,institutional_explanation,1,1,,single_claim; single_source; kana_unrecorded; period_unrecorded; explanation_only; source_date_unrecorded,4,structural_pass; individual source recheck pending
665,koishimaru_inukami,小石丸,,,named_supernatural_entity,滋賀県,,claim_0710,source_0503,institutional_explanation,1,1,,single_claim; single_source; kana_unrecorded; period_unrecorded; explanation_only; source_date_unrecorded,4,structural_pass; individual source recheck pending
666,hirakisawa_no_daija,平木沢の大蛇,,,folklore_being,滋賀県,,claim_0711,source_0504,institutional_explanation,1,1,,single_claim; single_source; kana_unrecorded; period_unrecorded; explanation_only; source_date_unrecorded,4,structural_pass; individual source recheck pending
667,kuranuma_no_daija,鞍沼の大蛇,,,folklore_being,青森県,,claim_0712,source_0505,institutional_explanation,1,1,,single_claim; single_source; kana_unrecorded; period_unrecorded; explanation_only,3,structural_pass; individual source recheck pending
668,ryugu_no_uma_higashidori,竜宮の馬,,,folklore_being,青森県,,claim_0713,source_0506,database_record,1,1,,single_claim; single_source; kana_unrecorded; period_unrecorded; database_only,6,structural_pass; individual source recheck pending
669,numanosawa_no_shirokimono_no_onna,沼の沢の白い着物の女,,,folklore_being,北海道,,claim_0714,source_0507,institutional_explanation,1,1,,single_claim; single_source; kana_unrecorded; period_unrecorded; explanation_only; source_date_unrecorded,4,structural_pass; individual source recheck pending
670,kikonai_no_komochiishi,子持ち石,,,object_spirit,北海道,,claim_0715,source_0507,institutional_explanation,1,1,,single_claim; single_source; kana_unrecorded; period_unrecorded; explanation_only; source_date_unrecorded,4,structural_pass; individual source recheck pending
671,asahata_no_numa_no_baasan,沼のばあさん,,,folklore_being,静岡県,,claim_0716,source_0508,institutional_explanation,1,1,,single_claim; single_source; kana_unrecorded; period_unrecorded; explanation_only,3,structural_pass; individual source recheck pending
672,yuriko_zawa_no_ojizo_sama,百合子沢のお地蔵さま,,,object_spirit,北海道,,claim_0717,source_0507,institutional_explanation,1,1,,single_claim; single_source; kana_unrecorded; period_unrecorded; explanation_only; source_date_unrecorded,4,structural_pass; individual source recheck pending
673,saraki_no_na_wo_yobu_kitsune,更木の人の名を呼ぶキツネ,,,folklore_being,北海道,,claim_0718,source_0507,institutional_explanation,1,1,,single_claim; single_source; kana_unrecorded; period_unrecorded; explanation_only; source_date_unrecorded,4,structural_pass; individual source recheck pending
674,ahime_kawahara,阿池姫,,,named_supernatural_entity,長崎県,,claim_0719,source_0509,institutional_explanation,1,1,,single_claim; single_source; kana_unrecorded; period_unrecorded; explanation_only,3,structural_pass; individual source recheck pending
675,ryuzugan_no_daija,龍頭巌の大蛇,,,folklore_being,長崎県,,claim_0720,source_0510,institutional_explanation,1,1,,single_claim; single_source; kana_unrecorded; period_unrecorded; explanation_only; source_date_unrecorded,4,structural_pass; individual source recheck pending
676,oji_ike_no_oji,オジ池のオジ,,,named_supernatural_entity,新潟県,,claim_0721,source_0511,research_article,1,1,research/source-deepening/oji_ike_no_oji/evidence-pack-v001.md,single_claim; single_source; kana_unrecorded; period_unrecorded; source_date_unrecorded,4,structural_pass; individual source recheck pending
677,arashigata_no_daija,嵐潟の大蛇,,,folklore_being,新潟県,,claim_0722,source_0511,research_article,1,1,,single_claim; single_source; kana_unrecorded; period_unrecorded; source_date_unrecorded,4,structural_pass; individual source recheck pending
678,nakanogata_no_ogame,中ノ潟の大亀,,,folklore_being,新潟県,,claim_0723,source_0511,research_article,1,1,,single_claim; single_source; kana_unrecorded; period_unrecorded; source_date_unrecorded,4,structural_pass; individual source recheck pending
679,otome_tanuki_niihama,乙女狸,,,named_supernatural_entity,愛媛県,,claim_0724,source_0512,institutional_explanation,1,1,,single_claim; single_source; kana_unrecorded; period_unrecorded; explanation_only,3,structural_pass; individual source recheck pending
680,kojoro_tanuki_niihama,小女郎狸,,,named_supernatural_entity,愛媛県,,claim_0725,source_0514,institutional_explanation,1,1,,single_claim; single_source; kana_unrecorded; period_unrecorded; explanation_only,3,structural_pass; individual source recheck pending
681,hachiro_tanuki_niihama,八郎狸,,,named_supernatural_entity,愛媛県,,claim_0726,source_0513,institutional_explanation,1,1,,single_claim; single_source; kana_unrecorded; period_unrecorded; explanation_only,3,structural_pass; individual source recheck pending
682,kaimon_yashiki_no_neko,かいもん屋敷の猫,,,folklore_being,佐賀県,,claim_0727,source_0515,database_record,1,1,,single_claim; single_source; kana_unrecorded; period_unrecorded; database_only; source_date_unrecorded,7,structural_pass; individual source recheck pending
683,muroya_no_katsurahime,室家の桂姫,,,named_supernatural_entity,和歌山県,,claim_0728,source_0372,institutional_explanation,1,1,,single_claim; single_source; kana_unrecorded; period_unrecorded; explanation_only; source_date_unrecorded,4,structural_pass; individual source recheck pending
684,ukishima_no_mori_no_daija,浮島の森の大蛇,,,folklore_being,和歌山県,,claim_0729,source_0516,institutional_explanation,1,1,,single_claim; single_source; kana_unrecorded; period_unrecorded; explanation_only; source_date_unrecorded,4,structural_pass; individual source recheck pending
685,kishaburoyama_no_dairo_gitsune,喜三郎山の大六キツネ,,,named_supernatural_entity,和歌山県,,claim_0730,source_0517,institutional_explanation,1,1,,single_claim; single_source; kana_unrecorded; period_unrecorded; explanation_only,3,structural_pass; individual source recheck pending
686,tamanoi_bashi_no_onnarei,玉の井の橋の女霊,,,folklore_being,和歌山県,,claim_0731,source_0517,institutional_explanation,1,1,,single_claim; single_source; kana_unrecorded; period_unrecorded; explanation_only,3,structural_pass; individual source recheck pending
687,kooyazaka_no_tengu_no_hi,高野坂の天狗の火,,,supernatural_phenomenon,和歌山県,,claim_0732,source_0517,institutional_explanation,1,1,,single_claim; single_source; kana_unrecorded; period_unrecorded; explanation_only,3,structural_pass; individual source recheck pending
688,koeji_no_oozaru,越路の大猿,,,folklore_being,和歌山県,,claim_0733,source_0517,institutional_explanation,1,1,,single_claim; single_source; kana_unrecorded; period_unrecorded; explanation_only,3,structural_pass; individual source recheck pending
689,kuwanoki_no_taki_no_amenouo,桑の木の滝のアメノウオ,,,folklore_being,和歌山県,,claim_0734,source_0517,institutional_explanation,1,1,,single_claim; single_source; kana_unrecorded; period_unrecorded; explanation_only,3,structural_pass; individual source recheck pending
690,jakusenzan_no_daija,寂仙山の大蛇,,,folklore_being,山口県,,claim_0735,source_0518,institutional_explanation,1,1,,single_claim; single_source; kana_unrecorded; period_unrecorded; explanation_only; source_date_unrecorded,4,structural_pass; individual source recheck pending
691,taikoiwa_no_ootaiko,太鼓岩の大太鼓,,,object_spirit,山口県,,claim_0736,source_0518,institutional_explanation,1,1,,single_claim; single_source; kana_unrecorded; period_unrecorded; explanation_only; source_date_unrecorded,4,structural_pass; individual source recheck pending
692,ryumonji_no_ryu,竜文寺の竜,,,folklore_being,山口県,,claim_0737,source_0518,institutional_explanation,1,1,,single_claim; single_source; kana_unrecorded; period_unrecorded; explanation_only; source_date_unrecorded,4,structural_pass; individual source recheck pending
693,hobenyama_no_ougonba,方便山の黄金馬,,,folklore_being,山口県,,claim_0738,source_0518,institutional_explanation,1,1,,single_claim; single_source; kana_unrecorded; period_unrecorded; explanation_only; source_date_unrecorded,4,structural_pass; individual source recheck pending
694,oshizu_gitsune,お静狐,,お静,named_supernatural_entity,山口県,,claim_0739,source_0519,institutional_catalog,1,1,,single_claim; single_source; kana_unrecorded; period_unrecorded; catalog_only; source_date_unrecorded,8,structural_pass; individual source recheck pending
695,chidorigaike_no_chidori,千鳥ヶ池の千鳥,,,named_supernatural_entity,福岡県,,claim_0740,source_0520,institutional_explanation,1,1,,single_claim; single_source; kana_unrecorded; period_unrecorded; explanation_only,3,structural_pass; individual source recheck pending
696,futagamiyama_no_daija,二上山の大蛇,,,folklore_being,富山県,,claim_0741,source_0521,institutional_explanation,1,1,,single_claim; single_source; kana_unrecorded; period_unrecorded; explanation_only; source_date_unrecorded,4,structural_pass; individual source recheck pending
697,yatsuguro_no_shika,八畔鹿,やつぐろのしか,,named_supernatural_entity,島根県,,claim_0742,source_0522,institutional_explanation,1,1,,single_claim; single_source; period_unrecorded; explanation_only,3,structural_pass; individual source recheck pending
698,hongakuji_no_enko,本覚寺のえんこう,,,folklore_being,島根県,,claim_0743,source_0522,institutional_explanation,1,1,,single_claim; single_source; kana_unrecorded; period_unrecorded; explanation_only,3,structural_pass; individual source recheck pending
699,sabumi_no_enko,左鐙のえんこう,,,folklore_being,島根県,,claim_0744,source_0522,institutional_explanation,1,1,,single_claim; single_source; kana_unrecorded; period_unrecorded; explanation_only,3,structural_pass; individual source recheck pending
700,futamata_no_enko,二俣のえんこう,,,folklore_being,島根県,,claim_0745,source_0522,institutional_explanation,1,1,,single_claim; single_source; kana_unrecorded; period_unrecorded; explanation_only,3,structural_pass; individual source recheck pending
701,ushinoe_no_muko_kappa,牛ノ江の婿河童,,,folklore_being,鹿児島県,,claim_0746,source_0246,institutional_explanation,1,1,,single_claim; single_source; kana_unrecorded; period_unrecorded; explanation_only,3,structural_pass; individual source recheck pending
702,seifuku_no_garappa,生福のガラッパ,,,folklore_being,鹿児島県,,claim_0747,source_0246,institutional_explanation,1,1,,single_claim; single_source; kana_unrecorded; period_unrecorded; explanation_only,3,structural_pass; individual source recheck pending
703,kitchon_no_kammuridake_tengu,キッチョンと話す冠岳の天狗,,,folklore_being,鹿児島県,,claim_0748,source_0246,institutional_explanation,1,1,,single_claim; single_source; kana_unrecorded; period_unrecorded; explanation_only,3,structural_pass; individual source recheck pending
704,taikyuji_no_bake_yokozuchi,退休寺の化け横槌,,,object_spirit,鳥取県,,claim_0749,source_0523,database_record,1,1,,single_claim; single_source; kana_unrecorded; period_unrecorded; database_only; source_date_unrecorded,7,structural_pass; individual source recheck pending
705,misogi_toge_no_osaki_shirozaemon,尾先白左衛門,,,named_supernatural_entity,兵庫県,,claim_0750,source_0524,institutional_explanation,1,1,,single_claim; single_source; kana_unrecorded; period_unrecorded; explanation_only,3,structural_pass; individual source recheck pending
706,chubeiyabu_no_oonudo,忠兵衛薮の大入道,,,folklore_being,兵庫県,,claim_0751,source_0525,institutional_explanation,1,1,,single_claim; single_source; kana_unrecorded; period_unrecorded; explanation_only,3,structural_pass; individual source recheck pending
707,matsunosaka_no_jingoro_gitsune,松ノ坂の甚五郎ぎつね,,,named_supernatural_entity,兵庫県,,claim_0752,source_0526,institutional_explanation,1,1,,single_claim; single_source; kana_unrecorded; period_unrecorded; explanation_only,3,structural_pass; individual source recheck pending
708,shorinji_dani_no_zunberabo,松林寺谷のずんべらぼう,,,named_supernatural_entity,兵庫県,,claim_0753,source_0527,institutional_explanation,1,1,,single_claim; single_source; kana_unrecorded; period_unrecorded; explanation_only,3,structural_pass; individual source recheck pending
709,kankoin_no_konnyaku_no_bakemono,乾亨院のコンニャクの化け物,,,folklore_being,佐賀県,,claim_0754,source_0528,database_record,1,1,,single_claim; single_source; kana_unrecorded; period_unrecorded; database_only; source_date_unrecorded,7,structural_pass; individual source recheck pending
710,hokumen_tenmangu_no_kappa_mokuzo,北面天満宮の河童木像,,,object_spirit,佐賀県,,claim_0755,source_0529,database_record,1,1,research/source-deepening/hokumen_tenmangu_no_kappa_mokuzo/evidence-pack-v001.md,single_claim; single_source; kana_unrecorded; period_unrecorded; database_only; source_date_unrecorded,7,structural_pass; individual source recheck pending
711,yata_no_sainokami_no_ishi,矢田の賽の神の石,,,object_spirit,大阪府,,claim_0756,source_0530,institutional_explanation,1,1,,single_claim; single_source; kana_unrecorded; period_unrecorded; explanation_only,3,structural_pass; individual source recheck pending
712,itachigawa_no_oita_itachi,鼬川の老いた鼬,,,folklore_being,大阪府,,claim_0757,source_0531,institutional_explanation,1,1,,single_claim; single_source; kana_unrecorded; period_unrecorded; explanation_only,3,structural_pass; individual source recheck pending
713,omoigawa_no_daija,思川の大蛇,,,folklore_being,栃木県,,claim_0758,source_0532,institutional_explanation,1,1,,single_claim; single_source; kana_unrecorded; period_unrecorded; explanation_only; source_date_unrecorded,4,structural_pass; individual source recheck pending
714,hoshinomiya_no_obake,星の宮のお化け,,,folklore_being,栃木県,,claim_0759,source_0533,institutional_explanation,1,1,,single_claim; single_source; kana_unrecorded; period_unrecorded; explanation_only; source_date_unrecorded,4,structural_pass; individual source recheck pending
715,tsuga_no_ongaeshi_kappa,都賀の恩返し河童,,,folklore_being,栃木県,,claim_0760,source_0534,institutional_explanation,1,1,,single_claim; single_source; kana_unrecorded; period_unrecorded; explanation_only; source_date_unrecorded,4,structural_pass; individual source recheck pending
716,fujioka_no_samurai_ni_baketa_kitsune,藤岡のさむらいに化けた狐,,,folklore_being,栃木県,,claim_0761,source_0535,institutional_explanation,1,1,,single_claim; single_source; kana_unrecorded; period_unrecorded; explanation_only; source_date_unrecorded,4,structural_pass; individual source recheck pending
717,ohira_no_taue_jizo,大平の田植え地蔵,,,object_spirit,栃木県,,claim_0762,source_0536,institutional_explanation,1,1,,single_claim; single_source; kana_unrecorded; period_unrecorded; explanation_only; source_date_unrecorded,4,structural_pass; individual source recheck pending
718,amenomiya_no_daija,天の宮の大蛇,,,folklore_being,群馬県,,claim_0763,source_0537,institutional_explanation,1,1,,single_claim; single_source; kana_unrecorded; period_unrecorded; explanation_only,3,structural_pass; individual source recheck pending
719,ninomiya_miyagawa_no_kappa,二之宮の宮川の河童,,,folklore_being,群馬県,,claim_0764,source_0537,institutional_explanation,1,1,,single_claim; single_source; kana_unrecorded; period_unrecorded; explanation_only,3,structural_pass; individual source recheck pending
720,hino_taki_no_kitsune,樋の滝の狐,,,folklore_being,群馬県,,claim_0765,source_0538,institutional_explanation,1,1,,single_claim; single_source; kana_unrecorded; period_unrecorded; explanation_only; source_date_unrecorded,4,structural_pass; individual source recheck pending
721,hino_taki_no_higoi,樋の滝の緋鯉,,,folklore_being,群馬県,,claim_0766,source_0538,institutional_explanation,1,1,,single_claim; single_source; kana_unrecorded; period_unrecorded; explanation_only; source_date_unrecorded,4,structural_pass; individual source recheck pending
722,kugamimi_no_mikasa,陸耳御笠,くがみみのみかさ,,named_supernatural_entity,京都府,,claim_0767,source_0539,institutional_explanation,1,1,,single_claim; single_source; period_unrecorded; explanation_only; source_date_unrecorded,4,structural_pass; individual source recheck pending
723,eiko_oni,英胡,えいこ,,named_supernatural_entity,京都府,,claim_0768,source_0539,institutional_explanation,1,1,,single_claim; single_source; period_unrecorded; explanation_only; source_date_unrecorded,4,structural_pass; individual source recheck pending
724,karuashi_oni,軽足,かるあし,,named_supernatural_entity,京都府,,claim_0769,source_0539,institutional_explanation,1,1,,single_claim; single_source; period_unrecorded; explanation_only; source_date_unrecorded,4,structural_pass; individual source recheck pending
725,tsuchiguma_oni,土熊,つちぐま,,named_supernatural_entity,京都府,,claim_0770,source_0539,institutional_explanation,1,1,,single_claim; single_source; period_unrecorded; explanation_only; source_date_unrecorded,4,structural_pass; individual source recheck pending
726,koyama_no_daija_yamashina,山科小山の大蛇,,,folklore_being,京都府,,claim_0771,source_0540,institutional_explanation,1,1,,single_claim; single_source; kana_unrecorded; period_unrecorded; explanation_only; source_date_unrecorded,4,structural_pass; individual source recheck pending
727,ippaimori_no_chojiro_gitsune,一盃森の長次郎狐,いっぱいもりのちょうじろうぎつね,,named_supernatural_entity,福島県,,claim_0772,source_0541,institutional_explanation,1,1,,single_claim; single_source; period_unrecorded; explanation_only; source_date_unrecorded,4,structural_pass; individual source recheck pending
728,ishigamori_no_kamozaemon_gitsune,石ヶ森の鴨左衛門狐,,,named_supernatural_entity,福島県,,claim_0773,source_0541,institutional_explanation,1,1,,single_claim; single_source; kana_unrecorded; period_unrecorded; explanation_only; source_date_unrecorded,4,structural_pass; individual source recheck pending
729,shinobuyama_no_gonbo_gitsune,信夫山のゴンボ狐,,御坊狐,named_supernatural_entity,福島県,,claim_0774,source_0541,institutional_explanation,1,1,,single_claim; single_source; kana_unrecorded; period_unrecorded; explanation_only; source_date_unrecorded,4,structural_pass; individual source recheck pending
730,hyakudo_no_watashi_san_kappa,百堂の渡しの三河童,,,folklore_being,大分県,,claim_0775,source_0542,institutional_explanation,1,1,,single_claim; single_source; kana_unrecorded; period_unrecorded; explanation_only,3,structural_pass; individual source recheck pending
731,dorodani_no_sumo_kappa,泥谷の相撲河童,,,folklore_being,大分県,,claim_0776,source_0543,institutional_explanation,1,1,,single_claim; single_source; kana_unrecorded; period_unrecorded; explanation_only,3,structural_pass; individual source recheck pending
732,hebiji_no_daija,蛇渕の大蛇,,,folklore_being,大分県,,claim_0777,source_0544,institutional_explanation,1,1,,single_claim; single_source; kana_unrecorded; period_unrecorded; explanation_only,3,structural_pass; individual source recheck pending
733,higashinarita_no_daija,東成田の大蛇,,,folklore_being,宮城県,,claim_0778,source_0545,institutional_explanation,1,1,,single_claim; single_source; kana_unrecorded; period_unrecorded; explanation_only,3,structural_pass; individual source recheck pending
734,oshu_no_hebidou,奥州の蛇藤,,,supernatural_phenomenon,宮城県,,claim_0779,source_0546,institutional_explanation,1,1,,single_claim; single_source; kana_unrecorded; period_unrecorded; explanation_only,3,structural_pass; individual source recheck pending
735,takayama_jinya_no_daija,高山陣屋の大蛇,,,folklore_being,岐阜県,,claim_0780,source_0547,institutional_explanation,1,1,,single_claim; single_source; kana_unrecorded; period_unrecorded; explanation_only,3,structural_pass; individual source recheck pending
736,randou_fox_okayama,乱堂,らんどう,,named_supernatural_entity,岡山県,,claim_0781,source_0548,database_record,1,1,,single_claim; single_source; period_unrecorded; database_only,6,structural_pass; individual source recheck pending
737,kaikogitsune_tomata,カイコギツネ,かいこぎつね,,folklore_being,岡山県,,claim_0782,source_0549,database_record,1,1,,single_claim; single_source; period_unrecorded; database_only; source_date_unrecorded,7,structural_pass; individual source recheck pending
738,oume_danuki_horagatani,お梅狸,,,named_supernatural_entity,香川県,,claim_0783,source_0550,primary_or_early_source,1,1,,single_claim; single_source; kana_unrecorded; period_unrecorded,3,structural_pass; individual source recheck pending
739,fujigoro_danuki_sanuki,藤五郎狸,,,named_supernatural_entity,香川県,,claim_0784,source_0550,primary_or_early_source,1,1,,single_claim; single_source; kana_unrecorded; period_unrecorded,3,structural_pass; individual source recheck pending
740,manpachi_tanuki_miki,万八狸（三木）,まんぱちたぬき,,named_supernatural_entity,兵庫県,,claim_0785,source_0551,institutional_explanation,1,1,,single_claim; single_source; period_unrecorded; explanation_only,3,structural_pass; individual source recheck pending
741,oman_gitsune_miki,お万狐,おまんきつね,,named_supernatural_entity,兵庫県,,claim_0786,source_0551,institutional_explanation,1,1,,single_claim; single_source; period_unrecorded; explanation_only,3,structural_pass; individual source recheck pending
742,togakushi_kuzuryu_okami,戸隠の九頭龍大神,,,named_supernatural_entity,長野県,,claim_0787; claim_0788,source_0552; source_0553,institutional_catalog; institutional_explanation,2,2,,kana_unrecorded; period_unrecorded; source_date_unrecorded,1,structural_pass; individual source recheck pending
743,kuragarisawa_daija,くらがり沢の大蛇,,,folklore_being,長野県,,claim_0789,source_0554,institutional_explanation,1,1,,single_claim; single_source; kana_unrecorded; period_unrecorded; explanation_only; source_date_unrecorded,4,structural_pass; individual source recheck pending
744,kaikuragaike_daija,貝鞍が池の大蛇,,,folklore_being,長野県,,claim_0790,source_0555,institutional_explanation,1,1,,single_claim; single_source; kana_unrecorded; period_unrecorded; explanation_only; source_date_unrecorded,4,structural_pass; individual source recheck pending
745,orino_oozato,おりの,おりの,,named_supernatural_entity,新潟県,,claim_0791,source_0556,institutional_explanation,1,1,,single_claim; single_source; period_unrecorded; explanation_only,3,structural_pass; individual source recheck pending
746,shogawa_blind_daija,庄川の盲目の大蛇,,,folklore_being,新潟県,,claim_0792,source_0557,institutional_explanation,1,1,,single_claim; single_source; kana_unrecorded; period_unrecorded; explanation_only,3,structural_pass; individual source recheck pending
747,chujobo_yakuri,中将坊,,,named_supernatural_entity,香川県,,claim_0793,source_0558,institutional_explanation,1,1,,single_claim; single_source; kana_unrecorded; period_unrecorded; explanation_only; source_date_unrecorded,4,structural_pass; individual source recheck pending
748,kokutai_ryuo_neba,黒体竜王,,,named_supernatural_entity,長野県,,claim_0794,source_0559,institutional_explanation,1,1,,single_claim; single_source; kana_unrecorded; period_unrecorded; explanation_only; source_date_unrecorded,4,structural_pass; individual source recheck pending
749,rasetsuki_mitsuishi,羅刹鬼（三ツ石伝説）,らせつき,,named_supernatural_entity,岩手県,,claim_0795,source_0445,institutional_explanation,1,1,,single_claim; single_source; period_unrecorded; explanation_only,3,structural_pass; individual source recheck pending
750,onumaike_daija,大沼池の大蛇,,,folklore_being,長野県,,claim_0796,source_0560,institutional_explanation,1,1,,single_claim; single_source; kana_unrecorded; period_unrecorded; explanation_only; source_date_unrecorded,4,structural_pass; individual source recheck pending
751,sakadachi_yurei_okinawa,逆立ち幽霊,,,folklore_being,沖縄県,,claim_0797,source_0561,database_record,1,1,,single_claim; single_source; kana_unrecorded; period_unrecorded; database_only; source_date_unrecorded,7,structural_pass; individual source recheck pending
752,ryugu_no_kuroi_daija_ichikawa,龍宮の黒い大蛇,,,folklore_being,千葉県,,claim_0798,source_0562,institutional_explanation,1,1,,single_claim; single_source; kana_unrecorded; period_unrecorded; explanation_only; source_date_unrecorded,4,structural_pass; individual source recheck pending
753,deedarabou_ichikawa,でえだらぼう（市川）,,だいだらぼっち,folklore_being,千葉県,,claim_0799,source_0563,institutional_explanation,1,1,,single_claim; single_source; kana_unrecorded; period_unrecorded; explanation_only; source_date_unrecorded,4,structural_pass; individual source recheck pending
754,kutabe,クタベ,くたべ,クダベ,named_supernatural_entity,,edo,claim_0800,source_0564,institutional_explanation,1,1,,single_claim; single_source; region_unrecorded; explanation_only; source_date_unrecorded,4,structural_pass; individual source recheck pending
755,himegyo_hirado,姫魚（平戸）,ひめぎょ,,named_supernatural_entity,長崎県,edo,claim_0801,source_0565,database_record,1,1,,single_claim; single_source; database_only; source_date_unrecorded,7,structural_pass; individual source recheck pending
756,yogenju_f320745,尼彦（明治十五年の錦絵）,,,named_supernatural_entity,熊本県,meiji,claim_0802,source_0566,database_record,1,1,research/source-deepening/yogenju_f320745/evidence-pack-v001.md,single_claim; single_source; kana_unrecorded; database_only,6,structural_pass; individual source recheck pending
757,yogenju_f320223,海出人（福嶋潟）,,,named_supernatural_entity,新潟県,edo,claim_0803,source_0567,database_record,1,1,research/source-deepening/yogenju_f320223/evidence-pack-v001.md,single_claim; single_source; kana_unrecorded; database_only; source_date_unrecorded,7,structural_pass; individual source recheck pending
758,hakutaku,白澤,はくたく,,named_supernatural_entity,,edo,claim_0804,source_0568,database_record,1,1,,single_claim; single_source; region_unrecorded; database_only; source_date_unrecorded,7,structural_pass; individual source recheck pending
759,toi_no_daija,都井の大蛇,,,folklore_being,宮崎県,,claim_0805,source_0569,institutional_explanation,1,1,,single_claim; single_source; kana_unrecorded; period_unrecorded; explanation_only,3,structural_pass; individual source recheck pending
760,daioji_amekau_onna,大雄寺の飴を買う女,,,folklore_being,島根県,,claim_0806,source_0570,institutional_explanation,1,1,,single_claim; single_source; kana_unrecorded; period_unrecorded; explanation_only; source_date_unrecorded,4,structural_pass; individual source recheck pending
761,kaminotozanai_mura_raiju,『雷の落ちない村』の雷獣,,,folklore_being,滋賀県,showa,claim_0807,source_0571,institutional_explanation,1,1,,single_claim; single_source; kana_unrecorded; explanation_only,3,structural_pass; individual source recheck pending
762,mii_no_bansho_ryujin_musume,『三井の晩鐘』の竜神の娘,,,folklore_being,滋賀県,showa,claim_0808,source_0571,institutional_explanation,1,1,,single_claim; single_source; kana_unrecorded; explanation_only,3,structural_pass; individual source recheck pending
763,ryuso_in_kanryu,龍巣院の乾龍,,,folklore_being,静岡県,,claim_0809,source_0572,primary_or_early_source,1,1,,single_claim; single_source; kana_unrecorded; period_unrecorded,3,structural_pass; individual source recheck pending
764,kisami_no_byakko,吉佐美の白狐,,,folklore_being,静岡県,,claim_0810,source_0573,primary_or_early_source,1,1,,single_claim; single_source; kana_unrecorded; period_unrecorded,3,structural_pass; individual source recheck pending
765,kogasen_baasan,コガセンばあさん,こがせんばあさん,,named_supernatural_entity,静岡県,,claim_0811,source_0574,primary_or_early_source,1,1,,single_claim; single_source; period_unrecorded,3,structural_pass; individual source recheck pending
766,otenpakusama,オテンパクサマ,おてんぱくさま,,named_supernatural_entity,静岡県,,claim_0812,source_0575,primary_or_early_source,1,1,research/source-deepening/otenpakusama/evidence-pack-v001.md,single_claim; single_source; period_unrecorded,3,structural_pass; individual source recheck pending
767,takayama_jinya_no_neko,高山陣屋の飼猫（根古石）,,,folklore_being,岐阜県,,claim_0813,source_0547,institutional_explanation,1,1,,single_claim; single_source; kana_unrecorded; period_unrecorded; explanation_only,3,structural_pass; individual source recheck pending
768,tamashima_no_otamasan,お玉さん,おたまさん,,named_supernatural_entity,岡山県,,claim_0814,source_0576,institutional_explanation,1,1,,single_claim; single_source; period_unrecorded; explanation_only,3,structural_pass; individual source recheck pending
769,koya_no_ryujinsama,木屋の竜神さま,こやのりゅうじんさま,,folklore_being,大阪府,,claim_0815,source_0577,institutional_explanation,1,1,,single_claim; single_source; period_unrecorded; explanation_only; source_date_unrecorded,4,structural_pass; individual source recheck pending
770,taima_no_ike_no_nushi,太間の池の主,,,folklore_being,大阪府,,claim_0816,source_0578,institutional_explanation,1,1,,single_claim; single_source; kana_unrecorded; period_unrecorded; explanation_only; source_date_unrecorded,4,structural_pass; individual source recheck pending
771,wakamiya_hishi_no_ryujinsama,菱に乗ってきた竜神さま,ひしにのってきたりゅうじんさま,,folklore_being,大阪府,,claim_0817,source_0579,institutional_explanation,1,1,,single_claim; single_source; period_unrecorded; explanation_only; source_date_unrecorded,4,structural_pass; individual source recheck pending
772,kawakita_no_kitsune,河北の狐,かわきたのきつね,,folklore_being,大阪府,,claim_0818,source_0580,institutional_explanation,1,1,,single_claim; single_source; period_unrecorded; explanation_only; source_date_unrecorded,4,structural_pass; individual source recheck pending
773,inukai_no_sarugami,犬飼村の猿神,,,folklore_being,兵庫県,,claim_0819,source_0581,institutional_explanation,1,1,,single_claim; single_source; kana_unrecorded; period_unrecorded; explanation_only; source_date_unrecorded,4,structural_pass; individual source recheck pending
774,hata_no_takebumi_no_borei,秦武文の亡霊,,,folklore_being,兵庫県,,claim_0820,source_0582,institutional_explanation,1,1,,single_claim; single_source; kana_unrecorded; period_unrecorded; explanation_only; source_date_unrecorded,4,structural_pass; individual source recheck pending
775,neya_nishizaka_no_oodanuki,寝屋の西坂の大狸,,,folklore_being,大阪府,,claim_0821,source_0583,institutional_explanation,1,1,,single_claim; single_source; kana_unrecorded; period_unrecorded; explanation_only; source_date_unrecorded,4,structural_pass; individual source recheck pending
776,akaei_sama,アカエイサマ,あかえいさま,,folklore_being,青森県,,claim_0822,source_0584,institutional_explanation,1,1,,single_claim; single_source; period_unrecorded; explanation_only,3,structural_pass; individual source recheck pending
777,uno_hana_hime,卯の花姫,うのはなひめ,,named_supernatural_entity,山形県,,claim_0823,source_0585,institutional_explanation,1,1,,single_claim; single_source; period_unrecorded; explanation_only; source_date_unrecorded,4,structural_pass; individual source recheck pending
778,kuwabatake_no_tateishisama,桑畑の立石様,,,folklore_being,青森県,,claim_0824,source_0584,institutional_explanation,1,1,,single_claim; single_source; kana_unrecorded; period_unrecorded; explanation_only,3,structural_pass; individual source recheck pending
779,shimofuro_no_tateishisama,下風呂の立石様,,,folklore_being,青森県,,claim_0825,source_0584,institutional_explanation,1,1,,single_claim; single_source; kana_unrecorded; period_unrecorded; explanation_only,3,structural_pass; individual source recheck pending
780,moniwa_no_daija,茂庭の大蛇,もにわのだいじゃ,,folklore_being,福島県,,claim_0826,source_0586,institutional_explanation,1,1,,single_claim; single_source; period_unrecorded; explanation_only; source_date_unrecorded,4,structural_pass; individual source recheck pending
781,tounji_no_kitsune,洞雲寺の狐,,,folklore_being,宮城県,,claim_0827,source_0587,institutional_explanation,1,1,,single_claim; single_source; kana_unrecorded; period_unrecorded; explanation_only; source_date_unrecorded,4,structural_pass; individual source recheck pending
782,sendai_nekozuka_mikeneko,仙台・猫塚の三毛猫,,,folklore_being,宮城県,,claim_0828,source_0588,institutional_explanation,1,1,,single_claim; single_source; kana_unrecorded; period_unrecorded; explanation_only; source_date_unrecorded,4,structural_pass; individual source recheck pending
783,kakudahama_nanatsugashira_daija,角田浜の七頭大蛇,,,folklore_being,新潟県,,claim_0829,source_0589,institutional_explanation,1,1,,single_claim; single_source; kana_unrecorded; period_unrecorded; explanation_only,3,structural_pass; individual source recheck pending
784,seya_gonbei_danuki,権兵衛狸,ごんべえだぬき,,folklore_being,神奈川県,,claim_0830,source_0590,institutional_explanation,1,1,,single_claim; single_source; period_unrecorded; explanation_only; source_date_unrecorded,4,structural_pass; individual source recheck pending
785,seya_myoko_bikuni,明光比丘尼,みょうこうびくに,,named_supernatural_entity,神奈川県,,claim_0831,source_0591,institutional_explanation,1,1,,single_claim; single_source; period_unrecorded; explanation_only; source_date_unrecorded,4,structural_pass; individual source recheck pending
786,azumano_deegami,東野の乳出神さま,あずまののでえーがみさま,,named_supernatural_entity,神奈川県,,claim_0832,source_0592,institutional_explanation,1,1,,single_claim; single_source; period_unrecorded; explanation_only; source_date_unrecorded,4,structural_pass; individual source recheck pending
787,amado_no_nushi,天渦の主,,,folklore_being,高知県,,claim_0833,source_0384,institutional_explanation,1,1,,single_claim; single_source; kana_unrecorded; period_unrecorded; explanation_only; source_date_unrecorded,4,structural_pass; individual source recheck pending
788,tamuramaro_densetsu_no_daija,田村麻呂伝説の大蛇,,,folklore_being,静岡県,,claim_0834,source_0593,institutional_explanation,1,1,,single_claim; single_source; kana_unrecorded; period_unrecorded; explanation_only,3,structural_pass; individual source recheck pending
789,nagusa_itsukushima_shiroi_daija,名草厳島神社の白い大蛇,,,folklore_being,栃木県,,claim_0835,source_0594,institutional_explanation,1,1,,single_claim; single_source; kana_unrecorded; period_unrecorded; explanation_only,3,structural_pass; individual source recheck pending
790,saru_tora_hebi_koka,さるとらへび,さるとらへび,,folklore_being,岐阜県,,claim_0836,source_0595,institutional_explanation,1,1,,single_claim; single_source; period_unrecorded; explanation_only,3,structural_pass; individual source recheck pending
791,kurokamiyama_no_daija,黒髪山の大蛇,,,folklore_being,佐賀県,,claim_0837,source_0596,institutional_explanation,1,1,,single_claim; single_source; kana_unrecorded; period_unrecorded; explanation_only; source_date_unrecorded,4,structural_pass; individual source recheck pending
792,onadesan_no_daija,大撫山の大蛇,,,folklore_being,兵庫県,,claim_0838,source_0597,institutional_explanation,1,1,,single_claim; single_source; kana_unrecorded; period_unrecorded; explanation_only,3,structural_pass; individual source recheck pending
793,nobo_no_sankichi_gitsune,野房の三吉狐,のぼうのさんきちぎつね,,named_supernatural_entity,千葉県,,claim_0839,source_0598,institutional_explanation,1,1,,single_claim; single_source; period_unrecorded; explanation_only,3,structural_pass; individual source recheck pending
794,kinokurayama_no_byakko,木の倉山の白狐,このくらやまのびゃっこ,,folklore_being,千葉県,,claim_0840,source_0599,institutional_explanation,1,1,,single_claim; single_source; period_unrecorded; explanation_only,3,structural_pass; individual source recheck pending
795,inunaki_fue_no_tengu,犬鳴の笛の天狗,,,folklore_being,福岡県,,claim_0841,source_0600,institutional_explanation,1,1,,single_claim; single_source; kana_unrecorded; period_unrecorded; explanation_only; source_date_unrecorded,4,structural_pass; individual source recheck pending
796,mushirochi_kumano_kurouma,筵内熊野神社の黒馬,,,folklore_being,福岡県,,claim_0842,source_0600,institutional_explanation,1,1,,single_claim; single_source; kana_unrecorded; period_unrecorded; explanation_only; source_date_unrecorded,4,structural_pass; individual source recheck pending
797,ikawahira_no_osanjo,井川平のオサンジョ,,,named_supernatural_entity,熊本県,,claim_0843,source_0381,institutional_explanation,1,1,,single_claim; single_source; kana_unrecorded; period_unrecorded; explanation_only; source_date_unrecorded,4,structural_pass; individual source recheck pending
798,utojin_no_sugurawara,宇土陣のスグルワラ,,,named_supernatural_entity,熊本県,,claim_0844,source_0381,institutional_explanation,1,1,,single_claim; single_source; kana_unrecorded; period_unrecorded; explanation_only; source_date_unrecorded,4,structural_pass; individual source recheck pending
799,tengu_tamonten,天狗多聞天,てんぐたもんてん,芝村の小太郎,named_supernatural_entity,静岡県,,claim_0845,source_0601,institutional_explanation,1,1,,single_claim; single_source; period_unrecorded; explanation_only,3,structural_pass; individual source recheck pending
800,isahaya_ofuji,おふじ,おふじ,,named_supernatural_entity,長崎県,,claim_0846,source_0602,institutional_explanation,1,1,,single_claim; single_source; period_unrecorded; explanation_only,3,structural_pass; individual source recheck pending
801,osen_takeishi,お仙,,,named_supernatural_entity,長野県,,claim_0847,source_0603,institutional_explanation,1,1,,single_claim; single_source; kana_unrecorded; period_unrecorded; explanation_only; source_date_unrecorded,4,structural_pass; individual source recheck pending
802,shobei_takeishi,庄兵衛,,,named_supernatural_entity,長野県,,claim_0848,source_0603,institutional_explanation,1,1,,single_claim; single_source; kana_unrecorded; period_unrecorded; explanation_only; source_date_unrecorded,4,structural_pass; individual source recheck pending
803,kinjiro_takeishi,金次郎,,,named_supernatural_entity,長野県,,claim_0849,source_0603,institutional_explanation,1,1,,single_claim; single_source; kana_unrecorded; period_unrecorded; explanation_only; source_date_unrecorded,4,structural_pass; individual source recheck pending
804,kitamae_no_tanuki,北前の狸,,,folklore_being,高知県,,claim_0850,source_0604,institutional_explanation,1,1,,single_claim; single_source; kana_unrecorded; period_unrecorded; explanation_only; source_date_unrecorded,4,structural_pass; individual source recheck pending
805,nanamura_sama_haruno,七村様,ななむらさま,,named_supernatural_entity,高知県,,claim_0851,source_0605,institutional_explanation,1,1,,single_claim; single_source; period_unrecorded; explanation_only; source_date_unrecorded,4,structural_pass; individual source recheck pending
806,hookiki_sama_haruno,ほおきき様,ほおききさま,法印坊様,named_supernatural_entity,高知県,,claim_0852,source_0606,institutional_explanation,1,1,,single_claim; single_source; period_unrecorded; explanation_only; source_date_unrecorded,4,structural_pass; individual source recheck pending
807,dairokuten_no_kitsune_sayama,第六天のキツネ,,,folklore_being,埼玉県,,claim_0853,source_0607,institutional_explanation,1,1,,single_claim; single_source; kana_unrecorded; period_unrecorded; explanation_only,3,structural_pass; individual source recheck pending
808,jizobuchi_no_kappa_minobu,お地蔵渕の河童,,,folklore_being,山梨県,,claim_0854,source_0608,institutional_explanation,1,1,,single_claim; single_source; kana_unrecorded; period_unrecorded; explanation_only; source_date_unrecorded,4,structural_pass; individual source recheck pending
809,minakuraseki_no_ounagi,皆倉堰の大鰻,,,folklore_being,千葉県,,claim_0855,source_0609,institutional_explanation,1,1,,single_claim; single_source; kana_unrecorded; period_unrecorded; explanation_only,3,structural_pass; individual source recheck pending
810,buchi_cat_oshio,ブチ,,,named_supernatural_entity,山梨県,,claim_0856,source_0610,institutional_explanation,1,1,,single_claim; single_source; kana_unrecorded; period_unrecorded; explanation_only; source_date_unrecorded,4,structural_pass; individual source recheck pending
811,mizukoidori_iwakake,水恋鳥,みずこいどり,,folklore_being,山梨県,,claim_0857,source_0611,institutional_explanation,1,1,,single_claim; single_source; period_unrecorded; explanation_only; source_date_unrecorded,4,structural_pass; individual source recheck pending
812,tazaemon_daimyojin_komatsushima,田左衛門大明神,,田左衛門,named_supernatural_entity,徳島県,,claim_0858,source_0474,institutional_explanation,1,1,,single_claim; single_source; kana_unrecorded; period_unrecorded; explanation_only,3,structural_pass; individual source recheck pending
813,kusakaribi_kamata,草刈火,,,supernatural_phenomenon,兵庫県,,claim_0859,source_0612,institutional_explanation,1,1,,single_claim; single_source; kana_unrecorded; period_unrecorded; explanation_only; source_date_unrecorded,4,structural_pass; individual source recheck pending
814,shirakamisama_kanaya,白神様,,,folklore_being,青森県,,claim_0860,source_0584,institutional_explanation,1,1,,single_claim; single_source; kana_unrecorded; period_unrecorded; explanation_only,3,structural_pass; individual source recheck pending
815,takamaru_tsugaru,高丸,たかまる,,named_supernatural_entity,青森県,,claim_0861,source_0466,research_article,1,1,,single_claim; single_source; period_unrecorded,3,structural_pass; individual source recheck pending
816,zenki_ennogyosha,前鬼,ぜんき,義覚,named_supernatural_entity,奈良県,,claim_0862; claim_0864,source_0613; source_0614,institutional_catalog; institutional_explanation,2,2,,period_unrecorded; source_date_unrecorded,1,structural_pass; individual source recheck pending
817,goki_ennogyosha,後鬼,ごき,義賢,named_supernatural_entity,奈良県,,claim_0863; claim_0865,source_0613; source_0614,institutional_catalog; institutional_explanation,2,2,,period_unrecorded; source_date_unrecorded,1,structural_pass; individual source recheck pending
818,seki_no_taro_oniiwa,関の太郎,せきのたろう,鬼の太郎,named_supernatural_entity,岐阜県,,claim_0866; claim_0867,source_0615; source_0616,institutional_explanation,2,2,,period_unrecorded; explanation_only; source_date_unrecorded,1,structural_pass; individual source recheck pending
819,asekaki_jizo_nakajima,汗かき地蔵,あせかきじぞう,奥州汗かき地蔵,object_spirit,福島県中島村代畑地区,,claim_0868; claim_0869,source_0617; source_0618,institutional_catalog; institutional_explanation,2,2,research/source-deepening/asekaki_jizo_nakajima/evidence-pack-v001.md,period_unrecorded; source_date_unrecorded,1,structural_pass; individual source recheck pending
820,tamayo_hime_anenuma,玉世姫,,,named_supernatural_entity,青森県上北郡六戸町,,claim_0870,source_0619,institutional_explanation,1,1,,single_claim; single_source; kana_unrecorded; period_unrecorded; explanation_only,3,structural_pass; individual source recheck pending
821,katsuyo_hime_ogawarako,勝世姫,,,named_supernatural_entity,青森県上北郡六戸町,,claim_0871,source_0619,institutional_explanation,1,1,,single_claim; single_source; kana_unrecorded; period_unrecorded; explanation_only,3,structural_pass; individual source recheck pending
822,ogon_no_koma_bandai,黄金の駒,,,object_spirit,福島県,,claim_0872,source_0620,institutional_explanation,1,1,,single_claim; single_source; kana_unrecorded; period_unrecorded; explanation_only,3,structural_pass; individual source recheck pending
823,kurondo_kaigaranuma,クロンド,,,named_supernatural_entity,福島県,,claim_0873,source_0620,institutional_explanation,1,1,,single_claim; single_source; kana_unrecorded; period_unrecorded; explanation_only,3,structural_pass; individual source recheck pending
824,miso_goro_unzen,みそ五郎,,,named_supernatural_entity,長崎県; 熊本県,,claim_0874,source_0621,institutional_explanation,1,1,,single_claim; single_source; kana_unrecorded; period_unrecorded; explanation_only,3,structural_pass; individual source recheck pending
825,kanra_unzen,歓羅,,,named_supernatural_entity,長崎県,,claim_0875,source_0621,institutional_explanation,1,1,,single_claim; single_source; kana_unrecorded; period_unrecorded; explanation_only,3,structural_pass; individual source recheck pending
826,kusenki_unzen,空仙鬼,,,named_supernatural_entity,長崎県,,claim_0876,source_0621,institutional_explanation,1,1,,single_claim; single_source; kana_unrecorded; period_unrecorded; explanation_only,3,structural_pass; individual source recheck pending
827,nanrinno_unzen,難林王,,,named_supernatural_entity,長崎県,,claim_0877,source_0621,institutional_explanation,1,1,,single_claim; single_source; kana_unrecorded; period_unrecorded; explanation_only,3,structural_pass; individual source recheck pending
828,tamagai_yokabi,タマガイ,,,supernatural_phenomenon,沖縄県,,claim_0878,source_0622,institutional_explanation,1,1,,single_claim; single_source; kana_unrecorded; period_unrecorded; explanation_only; source_date_unrecorded,4,structural_pass; individual source recheck pending
829,yozo_yozonuma,与蔵,,,named_supernatural_entity,山形県鮭川村,,claim_0879,source_0623,institutional_explanation,1,1,,single_claim; single_source; kana_unrecorded; period_unrecorded; explanation_only; source_date_unrecorded,4,structural_pass; individual source recheck pending
830,shirahigenuma_no_ryujin,白髭沼の龍神,,,folklore_being,山形県鮭川村,,claim_0880,source_0624,institutional_explanation,1,1,,single_claim; single_source; kana_unrecorded; period_unrecorded; explanation_only; source_date_unrecorded,4,structural_pass; individual source recheck pending
831,funado_no_ike_no_nushi,船戸の池の主,,,folklore_being,和歌山県北山村,,claim_0881,source_0625,institutional_explanation,1,1,,single_claim; single_source; kana_unrecorded; period_unrecorded; explanation_only; source_date_unrecorded,4,structural_pass; individual source recheck pending
832,omasu_tanuki_sumoto,お増,おます,,named_supernatural_entity,兵庫県洲本市,2002,claim_0882,source_0626,institutional_explanation,1,1,,single_claim; single_source; explanation_only,3,structural_pass; individual source recheck pending
833,masuemon_tanuki_sumoto,桝右衛門,ますえもん,,named_supernatural_entity,兵庫県洲本市,2002,claim_0883,source_0626,institutional_explanation,1,1,,single_claim; single_source; explanation_only,3,structural_pass; individual source recheck pending
834,yokodegasaki_no_onatsu,横出が崎のお夏,,,named_supernatural_entity,長野県松本市今井,2017,claim_0884,source_0627,institutional_explanation,1,1,,single_claim; single_source; kana_unrecorded; explanation_only,3,structural_pass; individual source recheck pending
835,genbanosuke_shiojiri,玄蕃之丞,げんばのじょう,,named_supernatural_entity,長野県塩尻市,2023,claim_0885,source_0628,institutional_explanation,1,1,,single_claim; single_source; explanation_only,3,structural_pass; individual source recheck pending
836,horodo_numa_no_nushi,ホロド沼の主,,,folklore_being,青森県階上町,2001,claim_0886,source_0629,institutional_explanation,1,1,,single_claim; single_source; kana_unrecorded; explanation_only,3,structural_pass; individual source recheck pending
837,chikiri_no_onna,勝の女,ちきりのおんな,,folklore_being,香川県高松市仏生山町,showa,claim_0888,source_0630,institutional_explanation,1,1,,single_claim; single_source; explanation_only,3,structural_pass; individual source recheck pending
838,shiraito_no_taki_no_shirogitsune,白糸の滝の白狐,,,folklore_being,長崎県長崎市愛宕3丁目,,claim_0889,source_0631,institutional_explanation,1,1,,single_claim; single_source; kana_unrecorded; period_unrecorded; explanation_only; source_date_unrecorded,4,structural_pass; individual source recheck pending
839,todoroki_no_taki_no_shinryu,轟の滝の神龍,,,folklore_being,長崎県長崎市田手原町,,claim_0890,source_0631,institutional_explanation,1,1,,single_claim; single_source; kana_unrecorded; period_unrecorded; explanation_only; source_date_unrecorded,4,structural_pass; individual source recheck pending
840,senjagaike_no_daija,千蛇ヶ池の大蛇,,,folklore_being,石川県・白山千蛇ヶ池,showa,claim_0891,source_0632,primary_or_early_source,1,1,,single_claim; single_source; kana_unrecorded,3,structural_pass; individual source recheck pending
841,karikomiike_no_daija,刈込池の大蛇,,,folklore_being,福井県大野市・刈込池,showa,claim_0892,source_0632,primary_or_early_source,1,1,,single_claim; single_source; kana_unrecorded,3,structural_pass; individual source recheck pending
842,nekkashima_no_bakeneko_tachi,ネッカシマの化猫たち,,,folklore_being,石川県石川郡尾口村字尾添・ネッカシマ,showa,claim_0893,source_0633,primary_or_early_source,1,1,research/source-deepening/nekkashima_no_bakeneko_tachi/evidence-pack-v001.md,single_claim; single_source; kana_unrecorded,3,structural_pass; individual source recheck pending
843,mekkodani_no_bakemono,目附谷の化物,めっこだにのばけもの,,folklore_being,石川県・白山目附谷,showa,claim_0894,source_0634,primary_or_early_source,1,1,,single_claim; single_source,3,structural_pass; individual source recheck pending
844,motojime_gitsune_sanuki,元締狐,,,folklore_being,香川県・徳島県境の山里／備前国の物語,heisei,claim_0895,source_0550,primary_or_early_source,1,1,,single_claim; single_source; kana_unrecorded,3,structural_pass; individual source recheck pending
845,ohana_danuki_takamatsu,お花狸,,,named_supernatural_entity,香川県高松市,heisei,claim_0896,source_0550,primary_or_early_source,1,1,,single_claim; single_source; kana_unrecorded,3,structural_pass; individual source recheck pending
846,magose_toge_no_daija,馬越峠の大蛇,,,folklore_being,三重県海山町・馬越峠／天狗倉山,,claim_0897,source_0635,institutional_explanation,1,1,,single_claim; single_source; kana_unrecorded; period_unrecorded; explanation_only; source_date_unrecorded,4,structural_pass; individual source recheck pending
847,chichigatani_no_ushioni,父ヶ谷の牛鬼,,,folklore_being,三重県宮川村・大杉父ヶ谷,,claim_0898,source_0636,institutional_explanation,1,1,,single_claim; single_source; kana_unrecorded; period_unrecorded; explanation_only; source_date_unrecorded,4,structural_pass; individual source recheck pending
848,takase_fuchi_no_daija,高瀬の淵の大蛇,,,folklore_being,三重県宮川村・大杉高瀬,,claim_0899,source_0636,institutional_explanation,1,1,,single_claim; single_source; kana_unrecorded; period_unrecorded; explanation_only; source_date_unrecorded,4,structural_pass; individual source recheck pending
849,fujiwara_mototo_no_rei,藤原基任の霊,,,named_supernatural_entity,奈良県吉野の物語,,claim_0900,source_0637,institutional_explanation,1,1,,single_claim; single_source; kana_unrecorded; period_unrecorded; explanation_only; source_date_unrecorded,4,structural_pass; individual source recheck pending
850,iwabe_no_daija,岩部の大蛇,,,folklore_being,兵庫県姫路市・岩部,,claim_0901,source_0638,institutional_explanation,1,1,,single_claim; single_source; kana_unrecorded; period_unrecorded; explanation_only; source_date_unrecorded,4,structural_pass; individual source recheck pending
851,shiratamahime_taniyama,白玉姫,,白玉姫命,named_supernatural_entity,鹿児島県谷山市・中村,showa,claim_0902,source_0421,primary_or_early_source,1,1,research/source-deepening/shiratamahime_taniyama/evidence-pack-v001.md,single_claim; single_source; kana_unrecorded,3,structural_pass; individual source recheck pending
852,tossaadon_taniyama,とっさあどん,とっさあどん,,named_supernatural_entity,鹿児島県谷山市・諏訪神社付近,showa,claim_0903,source_0421,primary_or_early_source,1,1,,single_claim; single_source,3,structural_pass; individual source recheck pending
853,mihonoseki_shichirui_no_tennin,美保関七類の天人,,,folklore_being,島根県松江市美保関町七類,showa,claim_0904,source_0639,primary_or_early_source,1,1,,single_claim; single_source; kana_unrecorded; source_date_unrecorded,4,structural_pass; individual source recheck pending
854,karasu_sunuma_no_nushi,空素沼の主,,,folklore_being,秋田県秋田市寺内・空素沼,heisei,claim_0905,source_0640,institutional_explanation,1,1,,single_claim; single_source; kana_unrecorded; explanation_only,3,structural_pass; individual source recheck pending
855,yashanuma_no_me_daija,八蛇沼の雌大蛇,,,folklore_being,福島県西会津町安座集落・八蛇沼,reiwa,claim_0906,source_0641,institutional_explanation,1,1,,single_claim; single_source; kana_unrecorded; explanation_only,3,structural_pass; individual source recheck pending
856,numazawanuma_no_o_daija,沼沢沼の雄大蛇,,,folklore_being,福島県金山町・沼沢沼,reiwa,claim_0907,source_0641,institutional_explanation,1,1,,single_claim; single_source; kana_unrecorded; explanation_only,3,structural_pass; individual source recheck pending
857,abikonuma_no_daija,阿彦沼の大蛇,,,folklore_being,秋田県秋田市上新城・阿彦沼,heisei,claim_0908,source_0642,research_article,1,1,,single_claim; single_source; kana_unrecorded,3,structural_pass; individual source recheck pending
858,rokuroshi_tsuyuzaemon,六呂師の梅雨左衛門,,,folklore_being,山口県岩国市・旧六呂師村,reiwa,claim_0909,source_0643,institutional_explanation,1,1,,single_claim; single_source; kana_unrecorded; explanation_only,3,structural_pass; individual source recheck pending
859,yashiro_tsuyuzaemon,八代村の梅雨左衛門,,,folklore_being,山口県周南市・旧八代村,reiwa,claim_0910,source_0643,institutional_explanation,1,1,,single_claim; single_source; kana_unrecorded; explanation_only,3,structural_pass; individual source recheck pending
860,okazuki_yanai,尾かづき,,,folklore_being,山口県柳井市新庄（旧岩国領）,edo,claim_0911,source_0644,institutional_explanation,1,1,,single_claim; single_source; kana_unrecorded; explanation_only; source_date_unrecorded,4,structural_pass; individual source recheck pending
861,niko_buchi_no_daija,にこ淵の大蛇,,,folklore_being,高知県いの町・にこ淵,reiwa,claim_0912,source_0645,institutional_explanation,1,1,,single_claim; single_source; kana_unrecorded; explanation_only,3,structural_pass; individual source recheck pending
862,kappa_no_rui_kun,かっぱのるいくん,かっぱのるいくん,,named_supernatural_entity,新潟県新潟市南区・月潟地区,reiwa,claim_0913,source_0646,primary_or_early_source,1,1,research/source-deepening/kappa_no_rui_kun/evidence-pack-v001.md,single_claim; single_source; source_date_unrecorded,4,structural_pass; individual source recheck pending
863,kohei_no_kitsune_san,小平のきつねさん,こへいのきつねさん,,named_supernatural_entity,新潟県新潟市南区・新飯田地区,reiwa,claim_0914,source_0646,primary_or_early_source,1,1,,single_claim; single_source; source_date_unrecorded,4,structural_pass; individual source recheck pending
864,sankakuyamabee,さんかくやまベェ,,,named_supernatural_entity,北海道札幌市西区,reiwa,claim_0915,source_0647,institutional_explanation,1,1,,single_claim; single_source; kana_unrecorded; explanation_only,3,structural_pass; individual source recheck pending
865,akagi_myojin_matagi,赤木明神,,,named_supernatural_entity,青森県田子町（巻物伝存）; 青森県新郷村（巻物伝存）,edo,claim_0916,source_0648,database_record,1,1,,single_claim; single_source; kana_unrecorded; database_only,6,structural_pass; individual source recheck pending
866,bougaiike_boutarou,坊太郎,,,named_supernatural_entity,新潟県上越市清里区・坊ヶ池,heisei,claim_0917,source_0649,institutional_explanation,1,1,,single_claim; single_source; kana_unrecorded; explanation_only,3,structural_pass; individual source recheck pending
867,ojiya_nakamachi_no_neko,中町の猫,なかまちのねこ,,folklore_being,新潟県小千谷市・中町; 新潟県南魚沼市・雲洞庵（物語内の移動先）,showa,claim_0918,source_0650,primary_or_early_source,1,1,,single_claim; single_source,3,structural_pass; individual source recheck pending
868,osato_myo_mikeneko,味明・泉永寺の三毛猫の精霊,,,folklore_being,宮城県大郷町味明地区・泉永寺,reiwa,claim_0919,source_0651,institutional_explanation,1,1,,single_claim; single_source; kana_unrecorded; explanation_only,3,structural_pass; individual source recheck pending
869,oriya_daija,おりや,おりや,,named_supernatural_entity,山形県上山市周辺（物語内の舞台）,,claim_0920,source_0652,database_record,1,1,,single_claim; single_source; period_unrecorded; database_only; source_date_unrecorded,7,structural_pass; individual source recheck pending
870,yanagihyoe_kitsune,柳兵衛,やなぎひょうえ,柳兵衛狐,named_supernatural_entity,,,claim_0921,source_0653,database_record,1,1,,single_claim; single_source; region_unrecorded; period_unrecorded; database_only; source_date_unrecorded,7,structural_pass; individual source recheck pending
871,eba_osangitsune,江波のおさん狐,,,named_supernatural_entity,広島県広島市中区江波,reiwa,claim_0922,source_0654,institutional_explanation,1,1,,single_claim; single_source; kana_unrecorded; explanation_only,3,structural_pass; individual source recheck pending
872,shibasuke_tanuki_sumoto,柴助狸,しばすけ,,named_supernatural_entity,兵庫県洲本市（博物館が紹介する物語の舞台）,,claim_0923,source_0655,institutional_explanation,1,1,,single_claim; single_source; period_unrecorded; explanation_only; source_date_unrecorded,4,structural_pass; individual source recheck pending
873,buzaemon_tanuki_sumoto,武左衛門狸,ぶざえもん,,named_supernatural_entity,兵庫県洲本市（博物館が紹介する物語の舞台）,,claim_0924,source_0655,institutional_explanation,1,1,,single_claim; single_source; period_unrecorded; explanation_only; source_date_unrecorded,4,structural_pass; individual source recheck pending
874,takuzaemon_tanuki_sumoto,宅左衛門狸,たくざえもん,,named_supernatural_entity,兵庫県洲本市（博物館が紹介する物語の舞台）,,claim_0925,source_0655,institutional_explanation,1,1,,single_claim; single_source; period_unrecorded; explanation_only; source_date_unrecorded,4,structural_pass; individual source recheck pending
875,omatsu_tanuki_sumoto,お松狸,おまつ,,named_supernatural_entity,兵庫県洲本市（博物館が紹介する物語の舞台）,,claim_0926,source_0655,institutional_explanation,1,1,,single_claim; single_source; period_unrecorded; explanation_only; source_date_unrecorded,4,structural_pass; individual source recheck pending
876,shizu_gentaro_gitsune,源太郎,,,named_supernatural_entity,茨城県那珂市・静／瓜連城（物語内）,heisei,claim_0927,source_0656,database_record,1,1,research/source-deepening/shizu_gentaro_gitsune/evidence-pack-v001.md,single_claim; single_source; kana_unrecorded; database_only,6,structural_pass; individual source recheck pending
877,shizu_jinjiro_gitsune,甚二郎,,,named_supernatural_entity,茨城県那珂市・米崎城（物語内）,heisei,claim_0928,source_0656,database_record,1,1,research/source-deepening/shizu_jinjiro_gitsune/evidence-pack-v001.md,single_claim; single_source; kana_unrecorded; database_only,6,structural_pass; individual source recheck pending
878,shizu_shirosuke_gitsune,四郎介,,,named_supernatural_entity,茨城県ひたちなか市・那珂湊（物語内）,heisei,claim_0929,source_0656,database_record,1,1,research/source-deepening/shizu_shirosuke_gitsune/evidence-pack-v001.md,single_claim; single_source; kana_unrecorded; database_only,6,structural_pass; individual source recheck pending
879,yoro_otama_gitsune,養老のおたま,,,named_supernatural_entity,千葉県鋸南町上佐久間・養老（物語内の舞台）,reiwa,claim_0930,source_0657,institutional_explanation,1,1,,single_claim; single_source; kana_unrecorded; explanation_only,3,structural_pass; individual source recheck pending
880,kyonan_yasuke_gitsune,弥助,やすけ,,named_supernatural_entity,千葉県鋸南町吉浜・妙本寺（物語内）,reiwa,claim_0931,source_0658,institutional_explanation,1,1,,single_claim; single_source; explanation_only,3,structural_pass; individual source recheck pending
881,hitoboneyama_no_oni,人骨山の鬼,ひとぼねやまのおに,,folklore_being,千葉県鋸南町大崩・畑地区の人骨山（物語内）,reiwa,claim_0932,source_0659,institutional_explanation,1,1,,single_claim; single_source; explanation_only,3,structural_pass; individual source recheck pending
882,dedepo_kyonan,デーデッポ,,,folklore_being,千葉県鋸南町・江月／浮島（物語内）,reiwa,claim_0933,source_0660,institutional_explanation,1,1,,single_claim; single_source; kana_unrecorded; explanation_only,3,structural_pass; individual source recheck pending
883,sannodaki_no_nushi,山王滝のぬし,,,folklore_being,鳥取県鳥取市佐治町中・山王滝,,claim_0934,source_0661,institutional_explanation,1,1,,single_claim; single_source; kana_unrecorded; period_unrecorded; explanation_only; source_date_unrecorded,4,structural_pass; individual source recheck pending
884,hakuran_san_totsukawa,はくらんさん,,,named_supernatural_entity,奈良県十津川村野広瀬・川津（再話内）,,claim_0935,source_0662,institutional_explanation,1,1,,single_claim; single_source; kana_unrecorded; period_unrecorded; explanation_only; source_date_unrecorded,4,structural_pass; individual source recheck pending
885,saimendaki_no_nushi,さいめん滝の主,,,folklore_being,奈良県十津川村・果無山ふそうき谷（再話内）,,claim_0936,source_0662,institutional_explanation,1,1,,single_claim; single_source; kana_unrecorded; period_unrecorded; explanation_only; source_date_unrecorded,4,structural_pass; individual source recheck pending
886,ootai_no_nushi,大泰の主,,,folklore_being,奈良県十津川村小川・大泰（再話内）,,claim_0937,source_0662,institutional_explanation,1,1,,single_claim; single_source; kana_unrecorded; period_unrecorded; explanation_only; source_date_unrecorded,4,structural_pass; individual source recheck pending
887,tamagaito_sokonashida_no_nushi,玉垣内の底なし田の主,,,folklore_being,奈良県十津川村玉垣内（再話内）,,claim_0938,source_0662,institutional_explanation,1,1,,single_claim; single_source; kana_unrecorded; period_unrecorded; explanation_only; source_date_unrecorded,4,structural_pass; individual source recheck pending
888,nekomata_no_nushi_totsukawa,猫又の主,,,folklore_being,奈良県十津川村折立・猫又の滝（再話内）,,claim_0939,source_0663,institutional_explanation,1,1,,single_claim; single_source; kana_unrecorded; period_unrecorded; explanation_only; source_date_unrecorded,4,structural_pass; individual source recheck pending
889,otachi_no_oni_izumo,乙立の鬼,,,folklore_being,島根県出雲市乙立町・佐田町大呂（物語内）,,claim_0940,source_0664,institutional_explanation,1,1,,single_claim; single_source; kana_unrecorded; period_unrecorded; explanation_only,3,structural_pass; individual source recheck pending
890,uonogiri_no_nushi,魚切りの主,,,folklore_being,島根県出雲市佐田町反辺・魚切り（物語内）,,claim_0941,source_0664,institutional_explanation,1,1,,single_claim; single_source; kana_unrecorded; period_unrecorded; explanation_only,3,structural_pass; individual source recheck pending
891,tagokoro_hime_totsukawa,たごころ姫,,,named_supernatural_entity,奈良県十津川村折立・中谷（再話内）,,claim_0942,source_0663,institutional_explanation,1,1,,single_claim; single_source; kana_unrecorded; period_unrecorded; explanation_only; source_date_unrecorded,4,structural_pass; individual source recheck pending
892,mema_jinai_totsukawa,目まじない,,,folklore_being,奈良県十津川村（再話の収録先）,,claim_0943,source_0663,institutional_explanation,1,1,,single_claim; single_source; kana_unrecorded; period_unrecorded; explanation_only; source_date_unrecorded,4,structural_pass; individual source recheck pending
893,joden_shonin_imabetsu,貞伝上人,,,historical_person_in_supernatural_tradition,青森県今別町（県史の記述）,,claim_0944,source_0466,research_article,1,1,,single_claim; single_source; kana_unrecorded; period_unrecorded,3,structural_pass; individual source recheck pending
894,yashiro_gitsune_yonezawa,弥八郎狐,,,named_supernatural_entity,山形県米沢市南原・糠山（伝説内）,,claim_0945,source_0665,institutional_explanation,1,1,,single_claim; single_source; kana_unrecorded; period_unrecorded; explanation_only,3,structural_pass; individual source recheck pending
895,natsui_ke_no_kaze_no_kami,夏井家の風の神,,,named_supernatural_entity,山形県米沢市城北二丁目・夏井家屋敷跡（解説内）,,claim_0946,source_0666,institutional_explanation,1,1,,single_claim; single_source; kana_unrecorded; period_unrecorded; explanation_only,3,structural_pass; individual source recheck pending
896,aimoto_no_ohikari,愛本のお光,,,named_supernatural_entity,富山県黒部川・愛本橋付近（伝説内）,,claim_0947,source_0667,institutional_explanation,1,1,,single_claim; single_source; kana_unrecorded; period_unrecorded; explanation_only,3,structural_pass; individual source recheck pending
897,iwakuraji_no_ogama,岩峅寺の大釜,,,object_spirit,富山県立山町岩峅寺・常願寺川（伝説内）,,claim_0948,source_0668,institutional_explanation,1,1,,single_claim; single_source; kana_unrecorded; period_unrecorded; explanation_only,3,structural_pass; individual source recheck pending
898,jouganjigawa_no_nushi,常願寺川の主,,,named_supernatural_entity,富山県常願寺川・立山町付近（伝説内）,,claim_0949,source_0668,institutional_explanation,1,1,,single_claim; single_source; kana_unrecorded; period_unrecorded; explanation_only,3,structural_pass; individual source recheck pending
899,eishoji_no_mimi_jizo,永昌寺の耳地蔵,,,object_spirit,富山県立山町・永昌寺（伝説内）,,claim_0950,source_0668,institutional_explanation,1,1,,single_claim; single_source; kana_unrecorded; period_unrecorded; explanation_only,3,structural_pass; individual source recheck pending
900,hebiishi_no_daija_uozu,蛇石の大蛇,,,folklore_being,富山県魚津市・片貝川上流南又谷（資料内）,,claim_0951,source_0669,institutional_explanation,1,1,,single_claim; single_source; kana_unrecorded; period_unrecorded; explanation_only; source_date_unrecorded,4,structural_pass; individual source recheck pending
901,techinbo_misasa,テッチン坊,,,object_spirit,鳥取県東伯郡三朝町吉尾（語り手の所在地。物語内の寺の位置は未詳）,,claim_0952,source_0670,primary_or_early_source,1,1,research/source-deepening/techinbo_misasa/evidence-pack-v001.md,single_claim; single_source; kana_unrecorded; period_unrecorded; source_date_unrecorded,4,structural_pass; individual source recheck pending
902,nonoi_no_daija,野々井の大蛇,,,folklore_being,茨城県石岡市・北ノ谷の野々井（公開本文内）,,claim_0953,source_0671,database_record,1,1,,single_claim; single_source; kana_unrecorded; period_unrecorded; database_only,6,structural_pass; individual source recheck pending
903,gongenyama_no_daija_shizuku,権現山の大蛇,,,folklore_being,茨城県かすみがうら市志筑・権現山（公開本文内）,,claim_0954,source_0672,database_record,1,1,,single_claim; single_source; kana_unrecorded; period_unrecorded; database_only,6,structural_pass; individual source recheck pending
904,otsuchijima_no_daija,大槌島の大蛇,,,folklore_being,香川県坂出市王越（話者の所在地）; 大槌島（物語内。『日比の町』の所在地は未同定）,showa,claim_0955,source_0673,primary_or_early_source,1,1,,single_claim; single_source; kana_unrecorded,3,structural_pass; individual source recheck pending
905,unagisawa_no_oounagi,うなぎ沢の大ウナギ,,,folklore_being,山梨県市川三郷町上野樋田のうなぎ沢（図書館の調査回答内）,,claim_0956,source_0674,institutional_explanation,1,1,,single_claim; single_source; kana_unrecorded; period_unrecorded; explanation_only; source_date_unrecorded,4,structural_pass; individual source recheck pending
906,satsukihime_nanbu,さつき姫,さつきひめ,,named_supernatural_entity,山梨県南巨摩郡南部町福士小久保・池の山の大池（図書館の調査回答内）,,claim_0957,source_0674,institutional_explanation,1,1,,single_claim; single_source; period_unrecorded; explanation_only; source_date_unrecorded,4,structural_pass; individual source recheck pending
907,osode_danuki_matsuyama,お袖狸,,,named_supernatural_entity,松山市堀之内・八股榎大明神（協会の案内内）,,claim_0958,source_0037,institutional_explanation,1,1,,single_claim; single_source; kana_unrecorded; period_unrecorded; explanation_only; source_date_unrecorded,4,structural_pass; individual source recheck pending
908,rokkakudo_danuki_matsuyama,六角堂狸,,,named_supernatural_entity,松山市勝山町（協会の案内内）,,claim_0959,source_0037,institutional_explanation,1,1,,single_claim; single_source; kana_unrecorded; period_unrecorded; explanation_only; source_date_unrecorded,4,structural_pass; individual source recheck pending
909,bishamon_danuki_matsuyama,毘沙門狸,びしゃもんだぬき,,named_supernatural_entity,松山市・松山城東雲口登城道付近の毘沙門堂（城の解説内）,,claim_0960,source_0675,institutional_explanation,1,1,,single_claim; single_source; period_unrecorded; explanation_only; source_date_unrecorded,4,structural_pass; individual source recheck pending
910,kinpei_danuki_matsuyama,金平狸,きんぺいだぬき,,named_supernatural_entity,松山市上野町・大宮八幡神社（協会の案内内）,,claim_0961,source_0037,institutional_explanation,1,1,,single_claim; single_source; period_unrecorded; explanation_only; source_date_unrecorded,4,structural_pass; individual source recheck pending
911,shiota_no_tsukimiso_no_sei,月見草の精,,,folklore_being,佐賀県嬉野市塩田町美野（掲載索引の語り手所在地）,,claim_0962,source_0424,database_record,1,1,,single_claim; single_source; kana_unrecorded; period_unrecorded; database_only; source_date_unrecorded,7,structural_pass; individual source recheck pending
912,seiryoji_no_itazura_danuki,清涼寺のいたずら狸,せいりょうじのいたずらたぬき,,folklore_being,茨城県石岡市国府・清涼寺（資料の舞台）,,claim_0963,source_0676,database_record,1,1,,single_claim; single_source; period_unrecorded; database_only,6,structural_pass; individual source recheck pending
913,uribokko_no_shirogitsune,瓜ボッコの白狐,うりぼっこのしろぎつね,,folklore_being,茨城県日立市会瀬町二丁目・瓜ボッコ（資料の舞台）,,claim_0964,source_0677,database_record,1,1,,single_claim; single_source; period_unrecorded; database_only,6,structural_pass; individual source recheck pending
914,iwamayama_no_chorakuji_tengu,長楽寺（岩間山の天狗）,,,named_supernatural_entity,茨城県笠間市・岩間山／愛宕山（掲載文の舞台）,,claim_0965,source_0678,database_record,1,1,,single_claim; single_source; kana_unrecorded; period_unrecorded; database_only,6,structural_pass; individual source recheck pending
915,iwasakijo_no_shirohebi,岩崎城の白蛇,,,folklore_being,秋田県湯沢市岩崎（掲載伝説の舞台）,,claim_0966,source_0363,institutional_explanation,1,1,,single_claim; single_source; kana_unrecorded; period_unrecorded; explanation_only,3,structural_pass; individual source recheck pending
916,kuragafuchi_no_daija,鞍が淵の大蛇,,,folklore_being,長野県上田市・独鈷山の鞍が淵（市広報の物語内）,showa,claim_0967,source_0679,institutional_explanation,1,1,,single_claim; single_source; kana_unrecorded; explanation_only,3,structural_pass; individual source recheck pending
917,utsunoya_toge_no_oni,宇津ノ谷峠の鬼,,,folklore_being,静岡県静岡市駿河区・宇津ノ谷峠（藤枝市掲載の再話内）,,claim_0968,source_0680,institutional_explanation,1,1,,single_claim; single_source; kana_unrecorded; period_unrecorded; explanation_only,3,structural_pass; individual source recheck pending
918,fujieda_aoike_no_daija,青池の大蛇,,,folklore_being,静岡県藤枝市・青池（市掲載の伝説内）,,claim_0969,source_0681,institutional_explanation,1,1,,single_claim; single_source; kana_unrecorded; period_unrecorded; explanation_only,3,structural_pass; individual source recheck pending
919,oniwaji_no_kuro,鬼岩寺のクロ,,,named_supernatural_entity,静岡県藤枝市・鬼岩寺（市掲載の伝説内）,,claim_0970,source_0682,institutional_explanation,1,1,,single_claim; single_source; kana_unrecorded; period_unrecorded; explanation_only,3,structural_pass; individual source recheck pending
920,oniwaji_no_oni,鬼岩寺の鬼,,,folklore_being,静岡県藤枝市・鬼岩寺周辺（市掲載の伝説内）,,claim_0971,source_0683,institutional_explanation,1,1,,single_claim; single_source; kana_unrecorded; period_unrecorded; explanation_only,3,structural_pass; individual source recheck pending
921,sakashita_jizodo_hanatori_jizo,坂下地蔵堂の鼻取り地蔵,,,named_supernatural_entity,静岡県藤枝市岡部町・坂下地蔵堂（掲載伝説内）,,claim_0972,source_0684,institutional_explanation,1,1,,single_claim; single_source; kana_unrecorded; period_unrecorded; explanation_only,3,structural_pass; individual source recheck pending
922,setogawa_kitsune_koyaku,瀬戸川の狐（狐こう薬の伝説）,,,folklore_being,静岡県藤枝市・瀬戸川（掲載伝説内）,,claim_0973,source_0685,institutional_explanation,1,1,,single_claim; single_source; kana_unrecorded; period_unrecorded; explanation_only,3,structural_pass; individual source recheck pending
923,koga_mura_no_furudanuki,古賀村の古狸,,,folklore_being,福岡県古賀市・旧古賀村（掲載民話内）,,claim_0974,source_0600,institutional_explanation,1,1,,single_claim; single_source; kana_unrecorded; period_unrecorded; explanation_only; source_date_unrecorded,4,structural_pass; individual source recheck pending
924,najima_yodohime_san,奈島の淀姫さん,,,named_supernatural_entity,京都府城陽市奈島・木津川堤防（掲載伝承・祭祀）,,claim_0975,source_0686,institutional_explanation,1,1,,single_claim; single_source; kana_unrecorded; period_unrecorded; explanation_only,3,structural_pass; individual source recheck pending
925,kannondo_amagoi_jizo,観音堂の雨乞い地蔵,,,named_supernatural_entity,京都府城陽市観音堂・常楽寺（掲載伝承）,,claim_0976,source_0687,institutional_explanation,1,1,,single_claim; single_source; kana_unrecorded; period_unrecorded; explanation_only,3,structural_pass; individual source recheck pending
926,biwasho_goisagi_kitsune,枇杷庄のゴイサギ狐,,,folklore_being,京都府城陽市枇杷庄・木津川堤防（掲載世間話）,,claim_0977,source_0688,institutional_explanation,1,1,,single_claim; single_source; kana_unrecorded; period_unrecorded; explanation_only,3,structural_pass; individual source recheck pending
927,momoyama_no_ryujin,桃山の竜神さん,,,named_supernatural_entity,愛知県大府市桃山・大府地区（掲載民話）,,claim_0978,source_0689,primary_or_early_source,1,1,,single_claim; single_source; kana_unrecorded; period_unrecorded,3,structural_pass; individual source recheck pending
928,obu_kaki_ryu,桃山の柿を食べる竜,,,folklore_being,愛知県大府市桃山東・峰畑（掲載民話）,,claim_0979,source_0689,primary_or_early_source,1,1,,single_claim; single_source; kana_unrecorded; period_unrecorded,3,structural_pass; individual source recheck pending
929,yokone_no_onyudo,横根の大入道,,,folklore_being,愛知県大府市横根・逢妻川（掲載民話）,,claim_0980,source_0689,primary_or_early_source,1,1,research/source-deepening/yokone_no_onyudo/evidence-pack-v001.md,single_claim; single_source; kana_unrecorded; period_unrecorded,3,structural_pass; individual source recheck pending
930,yokone_no_tengubi,横根の天狗火,,,supernatural_phenomenon,愛知県大府市横根・境川沿いの小川（掲載民話の解説）,,claim_0981,source_0689,primary_or_early_source,1,1,,single_claim; single_source; kana_unrecorded; period_unrecorded,3,structural_pass; individual source recheck pending
931,oshiroike_no_jizo,オシロ池の地蔵さん,,,named_supernatural_entity,愛知県大府市北崎地区・オシロ池（掲載民話の解説）,,claim_0982,source_0689,primary_or_early_source,1,1,research/source-deepening/oshiroike_no_jizo/evidence-pack-v001.md,single_claim; single_source; kana_unrecorded; period_unrecorded,3,structural_pass; individual source recheck pending
932,takanabe_osennyo_gitsune,お仙女ぎつね,,,folklore_being,宮崎県高鍋町・水谷原から永谷へ向かう道（掲載民話の場面）,,claim_0983,source_0690,primary_or_early_source,1,1,,single_claim; single_source; kana_unrecorded; period_unrecorded,3,structural_pass; individual source recheck pending
933,takanabe_sunegami_san,すね神さん,,,named_supernatural_entity,宮崎県高鍋町青木地区・老瀬坂付近（町公開再編集資料の記述。現社地は未確認）,,claim_0984,source_0691,institutional_explanation,1,1,,single_claim; single_source; kana_unrecorded; period_unrecorded; explanation_only,3,structural_pass; individual source recheck pending
934,takanabe_tongoshi,トンゴシ,,,named_supernatural_entity,宮崎県高鍋町・お崎のはな付近（掲載資料の地名）,,claim_0985,source_0692,institutional_explanation,1,1,,single_claim; single_source; kana_unrecorded; period_unrecorded; explanation_only,3,structural_pass; individual source recheck pending
935,myokeiji_no_tengu,妙慶寺の天狗,,,folklore_being,石川県金沢市寺町・妙慶寺（市公開民話の舞台）,,claim_0986,source_0693,institutional_explanation,1,1,,single_claim; single_source; kana_unrecorded; period_unrecorded; explanation_only; source_date_unrecorded,4,structural_pass; individual source recheck pending
936,hatta_suzuki_miyo,みよ,みよ,,named_supernatural_entity,石川県金沢市八田町・森本川下流（市公開民話の舞台）,,claim_0987,source_0694,institutional_explanation,1,1,,single_claim; single_source; period_unrecorded; explanation_only; source_date_unrecorded,4,structural_pass; individual source recheck pending
937,inegami_sama_sanuki,稲神さま,,稻神さま,named_supernatural_entity,,,claim_0988,source_0295,primary_or_early_source,1,1,research/source-deepening/inegami_sama_sanuki/evidence-pack-v001.md,single_claim; single_source; kana_unrecorded; region_unrecorded; period_unrecorded,3,structural_pass; individual source recheck pending
938,domen_san_sanuki,胴面さん,,,named_supernatural_entity,香川県（『東讃岐昔話集』の採集地域）,,claim_0989,source_0695,primary_or_early_source,1,1,,single_claim; single_source; kana_unrecorded; period_unrecorded,3,structural_pass; individual source recheck pending
939,otsuchi_kotsuchi_no_daija,大槌・小槌の大蛇,,,named_supernatural_entity,大槌島・小槌島の間（語りの舞台）,,claim_0990,source_0695,primary_or_early_source,1,1,,single_claim; single_source; kana_unrecorded; period_unrecorded,3,structural_pass; individual source recheck pending
940,tane_no_tosuke_no_okami_nyobo,多根の藤助の狼女房,,,folklore_being,鳥取県智頭町波多（採集地）,,claim_0991,source_0696,primary_or_early_source,1,1,,single_claim; single_source; kana_unrecorded; period_unrecorded; source_date_unrecorded,4,structural_pass; individual source recheck pending
941,ukinunoike_no_daija,浮布池の大蛇,,,folklore_being,島根県大田市・浮布池（物語の舞台）,,claim_0992,source_0697,institutional_explanation,1,1,,single_claim; single_source; kana_unrecorded; period_unrecorded; explanation_only; source_date_unrecorded,4,structural_pass; individual source recheck pending
942,hosenji_no_onezumi,法船寺の大ねずみ,,,folklore_being,石川県金沢市中央通町・法船寺（市公開民話の舞台）,,claim_0993,source_0698,institutional_explanation,1,1,,single_claim; single_source; kana_unrecorded; period_unrecorded; explanation_only; source_date_unrecorded,4,structural_pass; individual source recheck pending
943,hosogoe_no_nise_honzon_gitsune,細越のにせ本尊狐,,,folklore_being,鳥取県三朝町吉尾（語りの採集地。細越は物語内の地名）,,claim_0994,source_0699,primary_or_early_source,1,1,,single_claim; single_source; kana_unrecorded; period_unrecorded; source_date_unrecorded,4,structural_pass; individual source recheck pending
944,kinshoji_no_neko,金正寺の猫,,,folklore_being,静岡県富士市平垣・金正寺（掲載民話の舞台）,,claim_0995,source_0700,primary_or_early_source,1,1,,single_claim; single_source; kana_unrecorded; period_unrecorded,3,structural_pass; individual source recheck pending
945,yoshino_choja_no_tamaki,吉野長者の娘たまき,,,named_supernatural_entity,静岡県富士市天間と長者ヶ池（1982年掲載民話の舞台）,,claim_0996,source_0701,primary_or_early_source,1,1,research/source-deepening/yoshino_choja_no_tamaki/evidence-pack-v001.md,single_claim; single_source; kana_unrecorded; period_unrecorded,3,structural_pass; individual source recheck pending
946,kamiya_fudo_no_shirohebi,神谷のお不動さんの白蛇,,,folklore_being,静岡県富士市神谷・不動尊（1967年掲載伝説の舞台）,,claim_0997,source_0702,primary_or_early_source,1,1,,single_claim; single_source; kana_unrecorded; period_unrecorded,3,structural_pass; individual source recheck pending
947,gatanuma_no_okoma,潟沼のお駒,,,named_supernatural_entity,岩手県紫波町片寄・潟沼（1970年掲載伝説の舞台）,,claim_0998,source_0703,primary_or_early_source,1,1,research/source-deepening/gatanuma_no_okoma/evidence-pack-v001.md,single_claim; single_source; kana_unrecorded; period_unrecorded,3,structural_pass; individual source recheck pending
948,shiwa_kigisu_no_yonakiishi,キギスの夜泣石,,,object_spirit,岩手県紫波町（1970年掲載伝説の舞台）,,claim_0999,source_0704,primary_or_early_source,1,1,research/source-deepening/shiwa_kigisu_no_yonakiishi/evidence-pack-v001.md,single_claim; single_source; kana_unrecorded; period_unrecorded,3,structural_pass; individual source recheck pending
949,ukishimanuma_no_numano_banbaa,浮島沼の沼のばんばあ,,,folklore_being,静岡県富士市・浮島沼（1997年掲載民話の舞台）,,claim_1000,source_0705,primary_or_early_source,1,1,research/source-deepening/ukishimanuma_no_numano_banbaa/evidence-pack-v001.md,single_claim; single_source; kana_unrecorded; period_unrecorded,3,structural_pass; individual source recheck pending
950,shiwa_no_bozuishi,坊主石,,雨ごい地蔵,object_spirit,岩手県紫波町山屋（1971年掲載伝説の舞台）,,claim_1001,source_0706,primary_or_early_source,1,1,,single_claim; single_source; kana_unrecorded; period_unrecorded,3,structural_pass; individual source recheck pending
951,shiraito_legend_princess,寄姫,,,named_supernatural_entity,熊本県阿蘇郡西原村河原・白糸の滝（県解説の伝説の舞台）,,claim_1002,source_0707,institutional_explanation,1,1,,single_claim; single_source; kana_unrecorded; period_unrecorded; explanation_only; source_date_unrecorded,4,structural_pass; individual source recheck pending
952,koike_legend_princess,清夜姫,,,named_supernatural_entity,熊本県阿蘇市山田・小池七池（市広報の伝説の舞台）,,claim_1003,source_0708,institutional_explanation,1,1,,single_claim; single_source; kana_unrecorded; period_unrecorded; explanation_only,3,structural_pass; individual source recheck pending
953,kaeruiwa_no_oogaeru,蛙岩の大蛙,,,folklore_being,広島県福山市港町・蛙岩（市解説の伝説の舞台）,,claim_1004,source_0709,institutional_explanation,1,1,,single_claim; single_source; kana_unrecorded; period_unrecorded; explanation_only,3,structural_pass; individual source recheck pending
954,sangojuhime_ubaguchi,珊瑚珠姫,,珊瑚珠姫命,named_supernatural_entity,山梨県甲府市右左口町（祭宮社の社伝・鎮座地）,,claim_1005,source_0710,institutional_explanation,1,1,,single_claim; single_source; kana_unrecorded; period_unrecorded; explanation_only; source_date_unrecorded,4,structural_pass; individual source recheck pending
955,sakenosuke_oisawa,サケノスケ,さけのすけ,,folklore_being,山形県西川町大井沢（DBカードの採録地）,,claim_1006,source_0711,database_record,1,1,,single_claim; single_source; period_unrecorded; database_only; source_date_unrecorded,7,structural_pass; individual source recheck pending
956,ryuo_minamata_ryuzan,龍王（水俣龍山の亡霊）,,,named_supernatural_entity,熊本県水俣市南福寺・龍山（市公開物語の舞台）,,claim_1007,source_0381,institutional_explanation,1,1,,single_claim; single_source; kana_unrecorded; period_unrecorded; explanation_only; source_date_unrecorded,4,structural_pass; individual source recheck pending
957,minamata_ryoshi_no_bakeneko,水俣の猟師の化け猫,,,folklore_being,熊本県水俣市（市公開民話。具体的な猟場は未確認）,,claim_1008,source_0381,institutional_explanation,1,1,,single_claim; single_source; kana_unrecorded; period_unrecorded; explanation_only; source_date_unrecorded,4,structural_pass; individual source recheck pending
958,imari_no_yodaretare_kozo,伊万里の涎たれ小僧,,,named_supernatural_entity,佐賀県伊万里市立花町渚（県立図書館一覧の採話地）,,claim_1009,source_0424,database_record,1,1,research/source-deepening/imari_no_yodaretare_kozo/evidence-pack-v001.md,single_claim; single_source; kana_unrecorded; period_unrecorded; database_only; source_date_unrecorded,7,structural_pass; individual source recheck pending
959,imari_osho_no_mikeneko,伊万里の和尚の三毛猫,,,folklore_being,佐賀県伊万里市立花町渚（県立図書館一覧の採話地）,,claim_1010,source_0424,database_record,1,1,,single_claim; single_source; kana_unrecorded; period_unrecorded; database_only; source_date_unrecorded,7,structural_pass; individual source recheck pending
960,santa_gitsune_bungotakada,三太ぎつね,,,named_supernatural_entity,大分県豊後高田市田染・鈴が谷（市公開民話の舞台）,,claim_1011,source_0712,institutional_explanation,1,1,,single_claim; single_source; kana_unrecorded; period_unrecorded; explanation_only,3,structural_pass; individual source recheck pending
961,maguroura_no_daija,鮪浦の大蛇,,,folklore_being,大分県佐伯市鶴見・鮪浦（市公開伝説の舞台）,,claim_1012,source_0713,institutional_explanation,1,1,,single_claim; single_source; kana_unrecorded; period_unrecorded; explanation_only; source_date_unrecorded,4,structural_pass; individual source recheck pending
962,hanzaki_daimyojin_yubara,はんざき大明神,はんざきだいみょうじん,,named_supernatural_entity,岡山県真庭市湯原（県資料の神社所在地・国交省紹介の舞台）,,claim_1013; claim_1014,source_0714; source_0715,institutional_explanation,2,2,,period_unrecorded; explanation_only; source_date_unrecorded,1,structural_pass; individual source recheck pending
963,suiton_hiruzen,すいとん,すいとん,,folklore_being,岡山県真庭市蒜山地方（国交省の解説地域）,,claim_1015,source_0716,institutional_explanation,1,1,,single_claim; single_source; period_unrecorded; explanation_only,3,structural_pass; individual source recheck pending
964,kanayago_kami,金屋子神,,,named_supernatural_entity,島根県安来市広瀬地区（金屋子神社の所在地）,,claim_1016,source_0717,institutional_explanation,1,1,,single_claim; single_source; kana_unrecorded; period_unrecorded; explanation_only,3,structural_pass; individual source recheck pending
965,jincho_echigo_honjotsu,人蝶,,,folklore_being,越中国放生津（博物館解説が日記中の出現地として紹介）,edo,claim_1017,source_0718,institutional_explanation,1,1,,single_claim; single_source; kana_unrecorded; explanation_only; source_date_unrecorded,4,structural_pass; individual source recheck pending
966,ekokuji_no_ooniyudo,江國寺の大入道,,,folklore_being,滋賀県彦根市江國寺付近（博物館解説の怪異の舞台）,,claim_1018,source_0718,institutional_explanation,1,1,,single_claim; single_source; kana_unrecorded; period_unrecorded; explanation_only; source_date_unrecorded,4,structural_pass; individual source recheck pending
967,nijo_bo_kayahara,二丈坊,,,folklore_being,滋賀県犬上郡多賀町萱原（文化財協会が紹介する伝承・像の場所）,,claim_1019,source_0719,institutional_explanation,1,1,,single_claim; single_source; kana_unrecorded; period_unrecorded; explanation_only,3,structural_pass; individual source recheck pending
968,kikuishi_yogoko,菊石,きくいし,,named_supernatural_entity,滋賀県長浜市余呉湖・川並（文化財協会が紹介する伝承地）,edo,claim_1020,source_0720,institutional_explanation,1,1,,single_claim; single_source; explanation_only,3,structural_pass; individual source recheck pending
969,ishidome_myojin_nanakitagawa,石留明神,,,named_supernatural_entity,宮城県仙台市泉区七北田川・七北田橋下流（仙台市の説明地点）,,claim_1021,source_0721,institutional_explanation,1,1,,single_claim; single_source; kana_unrecorded; period_unrecorded; explanation_only,3,structural_pass; individual source recheck pending
970,omitsu_kitsune_gero,お美津狐,,,named_supernatural_entity,岐阜県下呂市萩原町上呂（大学掲載説明板の『上呂サイラノ』）,,claim_1022,source_0722,institutional_explanation,1,1,,single_claim; single_source; kana_unrecorded; period_unrecorded; explanation_only,3,structural_pass; individual source recheck pending
971,kuroboshi_daitengu_enrinji,黒法師大天狗,,,named_supernatural_entity,山梨県甲州市塩山藤木・恵林寺山（2024年調査要旨の伝承地）,,claim_1023; claim_1024,source_0723,research_article,2,1,,single_source; kana_unrecorded; period_unrecorded; source_date_unrecorded,3,structural_pass; individual source recheck pending
972,myokokuji_sotetsu,妙国寺の蘇鉄,,,object_spirit,大阪府堺市・妙国寺境内（堺市の伝説紹介地点）,,claim_1025,source_0724,institutional_explanation,1,1,research/source-deepening/myokokuji_sotetsu/evidence-pack-v001.md,single_claim; single_source; kana_unrecorded; period_unrecorded; explanation_only,3,structural_pass; individual source recheck pending
973,chagama_taki_no_tengu,茶釜滝の天狗,,,folklore_being,秋田県鹿角市・夜明島渓谷の茶釜滝（鹿角市掲載伝説の場所）,,claim_1026,source_0725,institutional_explanation,1,1,,single_claim; single_source; kana_unrecorded; period_unrecorded; explanation_only,3,structural_pass; individual source recheck pending
974,hikaru_kaicho_osarizawa,光る怪鳥,,,folklore_being,秋田県鹿角市尾去沢・大森山（鹿角市掲載伝説の場所）,,claim_1027,source_0726,institutional_explanation,1,1,,single_claim; single_source; kana_unrecorded; period_unrecorded; explanation_only,3,structural_pass; individual source recheck pending
975,omori_kojibei_ga_mita_kine,大森小治兵衛が見た杵,,,object_spirit,,,claim_1028,source_0727,institutional_explanation,1,1,,single_claim; single_source; kana_unrecorded; region_unrecorded; period_unrecorded; explanation_only,3,structural_pass; individual source recheck pending
976,sotobaba_no_kuronudo,外馬場の黒入道,,,folklore_being,石川県加賀市大聖寺・外馬場（現代語訳の場所表記）,,claim_1029,source_0727,institutional_explanation,1,1,,single_claim; single_source; kana_unrecorded; period_unrecorded; explanation_only,3,structural_pass; individual source recheck pending
977,tsuchinoko_kaga_account,ツチノコ,,,folklore_being,大聖寺藩の外馬場・前田靱負屋敷前（現代語訳が伝える目撃地点）,,claim_1030,source_0727,institutional_explanation,1,1,,single_claim; single_source; kana_unrecorded; period_unrecorded; explanation_only,3,structural_pass; individual source recheck pending
978,okori_no_kami_kaga,おこりの神,,,folklore_being,,,claim_1031,source_0727,institutional_explanation,1,1,,single_claim; single_source; kana_unrecorded; region_unrecorded; period_unrecorded; explanation_only,3,structural_pass; individual source recheck pending
979,miaki_ooike_no_daija,三秋の大池の大蛇,,,folklore_being,愛媛県伊予市三秋・三秋の大池（観光協会掲載伝説の場所）,,claim_1032,source_0728,institutional_explanation,1,1,,single_claim; single_source; kana_unrecorded; period_unrecorded; explanation_only; source_date_unrecorded,4,structural_pass; individual source recheck pending
980,kokokuji_no_tengu,興国寺の天狗,,,folklore_being,和歌山県日高郡由良町・興国寺（国交省解説の伝承地）,,claim_1033,source_0729,institutional_explanation,1,1,,single_claim; single_source; kana_unrecorded; period_unrecorded; explanation_only,3,structural_pass; individual source recheck pending
981,ryugaike_no_daija,龍が池の大蛇,,,folklore_being,滋賀県大津市・比叡山延暦寺横川の龍が池（国交省解説の伝承地）,,claim_1034,source_0730,institutional_explanation,1,1,,single_claim; single_source; kana_unrecorded; period_unrecorded; explanation_only,3,structural_pass; individual source recheck pending
982,usa_jingu_hyakudan_no_oni,宇佐神宮百段の鬼,,,folklore_being,大分県宇佐市・宇佐神宮百段（国交省解説の伝承地）,,claim_1035,source_0731,institutional_explanation,1,1,,single_claim; single_source; kana_unrecorded; period_unrecorded; explanation_only,3,structural_pass; individual source recheck pending
983,mu_densetsu_no_oohabu,ムー伝説の大ハブ,,,folklore_being,鹿児島県大島郡徳之島町母間・井之川岳（国交省解説の伝承地）,,claim_1036,source_0732,institutional_explanation,1,1,,single_claim; single_source; kana_unrecorded; period_unrecorded; explanation_only,3,structural_pass; individual source recheck pending
984,kirikomi_karikomi_no_daija,切込湖・刈込湖の大蛇,,,folklore_being,栃木県日光市・切込湖と刈込湖の周辺（国交省解説の伝承地）,,claim_1037,source_0733,institutional_explanation,1,1,,single_claim; single_source; kana_unrecorded; period_unrecorded; explanation_only,3,structural_pass; individual source recheck pending
985,todoroki_no_taki_ryujin_ureshino,嬉野・轟の滝の龍神,,,named_supernatural_entity,佐賀県嬉野市・轟の滝、白石町・縫ノ池（国交省解説の伝承地）,,claim_1038,source_0734,institutional_explanation,1,1,,single_claim; single_source; kana_unrecorded; period_unrecorded; explanation_only,3,structural_pass; individual source recheck pending
986,suga_yokobori_ke_no_kappa,須賀・横堀家の河童,,,folklore_being,新潟県新潟市西区須賀・西川（高橋報告の伝承地）,,claim_1039,source_0392,research_article,1,1,,single_claim; single_source; kana_unrecorded; period_unrecorded; source_date_unrecorded,4,structural_pass; individual source recheck pending
987,koguchi_noshirogawa_no_kappa,小口・能代川の河童,,,folklore_being,新潟県新潟市秋葉区小口・能代川（高橋報告の伝承地）,,claim_1040,source_0392,research_article,1,1,,single_claim; single_source; kana_unrecorded; period_unrecorded; source_date_unrecorded,4,structural_pass; individual source recheck pending
988,donchi_ike_no_kappa,ドンチ池の河童,,,folklore_being,新潟県新潟市西区・ドンチ池（高橋報告の伝承地）,,claim_1041,source_0392,research_article,1,1,,single_claim; single_source; kana_unrecorded; period_unrecorded; source_date_unrecorded,4,structural_pass; individual source recheck pending
989,shiyako_oni_shimoyu,下湯の津矢虎鬼,しやこ,,named_supernatural_entity,青森県青森市・下湯（市の紹介する伝承地）,,claim_1042,source_0735,institutional_explanation,1,1,,single_claim; single_source; period_unrecorded; explanation_only,3,structural_pass; individual source recheck pending
990,mitsuki_oni_shimoyu,下湯の身図鬼,みつき,,named_supernatural_entity,青森県青森市・下湯（市の紹介する伝承地）,,claim_1043,source_0735,institutional_explanation,1,1,,single_claim; single_source; period_unrecorded; explanation_only,3,structural_pass; individual source recheck pending
991,matsuejo_tengu_no_ma_no_onna,松江城天狗の間の女,,,folklore_being,島根県松江市・松江城天狗の間（市の調査コラムの伝承地）,,claim_1044,source_0736,research_article,1,1,research/source-deepening/matsuejo_tengu_no_ma_no_onna/evidence-pack-v001.md,single_claim; single_source; kana_unrecorded; period_unrecorded,3,structural_pass; individual source recheck pending
992,takaozan_no_oni_akita,秋田・高尾山の鬼,,,folklore_being,秋田県秋田市雄和・高尾山（市の紹介する伝承地）,,claim_1045,source_0737,institutional_explanation,1,1,,single_claim; single_source; kana_unrecorded; period_unrecorded; explanation_only,3,structural_pass; individual source recheck pending
993,ayaori_buchi_no_kappa,綾織渕の河童,,,folklore_being,高知県高知市・鏡川綾織渕（市の紹介する伝承地）,,claim_1046,source_0738,institutional_explanation,1,1,,single_claim; single_source; kana_unrecorded; period_unrecorded; explanation_only,3,structural_pass; individual source recheck pending
994,toi_misaki_no_daija,都井岬の大蛇,,,folklore_being,宮崎県串間市大納・都井岬（県の紹介する伝承地）,,claim_1047,source_0739,institutional_explanation,1,1,,single_claim; single_source; kana_unrecorded; period_unrecorded; explanation_only; source_date_unrecorded,4,structural_pass; individual source recheck pending
995,oni_no_iwaya_no_oni_saito,西都・鬼の窟の鬼,,,folklore_being,宮崎県西都市・鬼の窟（県の紹介する伝承地）,,claim_1048,source_0740,institutional_explanation,1,1,,single_claim; single_source; kana_unrecorded; period_unrecorded; explanation_only; source_date_unrecorded,4,structural_pass; individual source recheck pending
996,moere_numa_no_ryujin,モエレ沼の龍神,,,named_supernatural_entity,北海道札幌市東区・モエレ沼（市の聞き取りに記された伝承地）,,claim_1049,source_0741,institutional_explanation,1,1,,single_claim; single_source; kana_unrecorded; period_unrecorded; explanation_only,3,structural_pass; individual source recheck pending
997,kanoshimatsu_toge_no_kijin,鹿松峠の鬼人,,,folklore_being,兵庫県神戸市須磨区・鹿松峠（市の紹介する伝承地）,,claim_1050,source_0742,institutional_explanation,1,1,,single_claim; single_source; kana_unrecorded; period_unrecorded; explanation_only,3,structural_pass; individual source recheck pending
998,toida_gawa_no_enko,問田川のえんこう,,,folklore_being,山口県山口市大内問田・問田川（市の紹介する伝承地）,,claim_1051,source_0743,institutional_explanation,1,1,,single_claim; single_source; kana_unrecorded; period_unrecorded; explanation_only; source_date_unrecorded,4,structural_pass; individual source recheck pending
999,inari_esuji_no_shirogitsune,稲荷江筋の白狐,,,folklore_being,福島県双葉郡広野町・浅見川用水路（県の紹介する伝承地）,,claim_1052,source_0744,institutional_explanation,1,1,,single_claim; single_source; kana_unrecorded; period_unrecorded; explanation_only,3,structural_pass; individual source recheck pending
1000,itayado_hachimangu_no_tobimatsu,板宿八幡神社の飛び松,,,object_spirit,兵庫県神戸市須磨区・板宿八幡神社（市の紹介する伝承地）,,claim_1053,source_0742,institutional_explanation,1,1,,single_claim; single_source; kana_unrecorded; period_unrecorded; explanation_only,3,structural_pass; individual source recheck pending
