source_id,title,author,source_type,publication_date,period,repository,url,host,external_id,location,claim_count,entity_count,duplicate_url_ids,triage_flags,review_state
source_0001,鳥山石燕の描いた妖怪,国立国会図書館,institutional_catalog,,,国立国会図書館 NDLイメージバンク,https://www.ndl.go.jp/imagebank/theme/sekienyokai,www.ndl.go.jp,,資料リスト,12,12,,date_unrecorded,registered; direct source recheck pending
source_0002,鳥山石燕の妖怪図鑑でみる妖怪の世界,国立国会図書館,institutional_explanation,,,国立国会図書館 NDLイメージバンク,https://www.ndl.go.jp/imagebank/column/sekienyokai,www.ndl.go.jp,,各見出し,8,7,,date_unrecorded,registered; direct source recheck pending
source_0003,日野の歴史と民俗134（詳細版）,日野市郷土資料館 北村澄江,institutional_explanation,,,日野市郷土資料館,https://www.city.hino.lg.jp/_res/projects/default_project/_page_/001/024/157/rekimin134.pdf,www.city.hino.lg.jp,,『稲生物怪録』紹介、PDF 4ページ,1,1,,date_unrecorded,registered; direct source recheck pending
source_0004,天神様とは,九州国立博物館,institutional_explanation,,,九州国立博物館,https://www.kyuhaku.jp/museum/museum_info04-03.html,www.kyuhaku.jp,,本文：天神信仰と菅原道真,1,1,,date_unrecorded,registered; direct source recheck pending
source_0005,神田明神とは,神田明神,institutional_explanation,,,神田明神,https://www.kandamyoujin.or.jp/profile/,www.kandamyoujin.or.jp,,御祭神・平将門公の説明,1,1,,date_unrecorded,registered; direct source recheck pending
source_0006,テーマ展「崇徳院神霊、京都へかえる」,香川県,institutional_explanation,2018,modern,瀬戸内海歴史民俗資料館,https://www.pref.kagawa.lg.jp/kmuseum/setorekishi/exhib/pro201809022.html,www.pref.kagawa.lg.jp,,展示概要,1,1,,,registered; direct source recheck pending
source_0007,怪異・妖怪伝承データベース 異界コラム「口裂け女」,才津祐美子,institutional_explanation,,modern,国際日本文化研究センター,https://sekiei.nichibun.ac.jp/YoukaiDB3/ikai/report.html,sekiei.nichibun.ac.jp,,第32回「口裂け女」,1,1,,date_unrecorded,registered; direct source recheck pending
source_0008,幻想領域のメディア表象について―近世出版メディアから20世紀アニメーションに至る妖怪「ぬらりひょん」の変貌をめぐって,田辺龍,research_article,2016-01-31,modern,麗澤大学学術リポジトリ (record 926),https://reitaku.repo.nii.ac.jp/record/926/files/07%E7%94%B0%E8%BE%BA%E9%BE%8D.pdf,reitaku.repo.nii.ac.jp,doi:10.18901/00000834,"麗澤大学紀要 第99巻, pp. 71–78",2,1,,,registered; direct source recheck pending
source_0009,百鬼夜行絵巻,国立国会図書館,institutional_explanation,,,国立国会図書館 NDLイメージバンク,https://www.ndl.go.jp/imagebank/theme/100yagyoemaki,www.ndl.go.jp,,ページ冒頭の解説,1,1,,date_unrecorded,registered; direct source recheck pending
source_0010,「お岩の霊，蛇」事例（山中笑「四谷旧事談」）,山中笑,database_record,1915-09-01,modern,国際日本文化研究センター 怪異・妖怪伝承データベース,https://www.nichibun.ac.jp/cgi-bin/YoukaiDB3/youkai_card.cgi?ID=0640143,www.nichibun.ac.jp,Nichibun YoukaiDB:0640143,DB card 0640143; 原掲載: 『郷土研究』3巻7号（1915）pp.33–38、該当p.35（本文未照合）; 東京都,1,1,,,registered; direct source recheck pending
source_0011,座敷童子の話,小林文夫,database_record,1952-07-05,modern,国際日本文化研究センター 怪異・妖怪伝承データベース (record 2180289),https://sekiei.nichibun.ac.jp/cgi-bin/YoukaiDB3/youkai_card.cgi?ID=2180289,sekiei.nichibun.ac.jp,Nichibun YoukaiDB:2180289,"民間伝承 16巻7号, pp. 32–34; 掲載箇所 p. 33; DB record 2180289",1,1,,,registered; direct source recheck pending
source_0012,宮川舎漫筆,宮川政運,database_record,1976-02-15,modern,国際日本文化研究センター 怪異・妖怪伝承データベース (record 4680023),https://sekiei.nichibun.ac.jp/cgi-bin/YoukaiDB3/youkai_card.cgi?ID=4680023,sekiei.nichibun.ac.jp,Nichibun YoukaiDB:4680023,"日本随筆大成第一期 16巻, pp. 346–347; DB record 4680023",1,1,,,registered; direct source recheck pending
source_0013,お菊の水,岩手狂郷子,database_record,1914,modern,国際日本文化研究センター 怪異・妖怪伝承データベース (record 0640041),https://sekiei.nichibun.ac.jp/cgi-bin/YoukaiDB3/youkai_card.cgi?ID=0640041,sekiei.nichibun.ac.jp,Nichibun YoukaiDB:0640041,"郷土研究 2巻1号, pp. 56–57; DB record 0640041",1,1,,,registered; direct source recheck pending
source_0014,阿波に於ける狸傳説十八則―附「外道」について―,後藤捷一,database_record,1922-07-01,modern,"国際日本文化研究センター 怪異・妖怪伝承データベース (records 2400113, 2400120)",https://www.nichibun.ac.jp/cgi-bin/YoukaiDB3/youkai_card.cgi?ID=2400113,www.nichibun.ac.jp,Nichibun YoukaiDB:2400113; 2400120,"民族と歴史 8巻1号 (通巻43号), pp. 281–292; DB records 2400113 (pp. 281–282), 2400120 (pp. 288–290)",3,3,,,registered; direct source recheck pending
source_0015,吉備「鬼、城」史跡と「温羅」伝承,末藤小百合,database_record,1979-12-20,modern,国際日本文化研究センター 怪異・妖怪伝承データベース (record 2600008),https://sekiei.nichibun.ac.jp/cgi-bin/YoukaiDB3/youkai_card.cgi?ID=2600008,sekiei.nichibun.ac.jp,Nichibun YoukaiDB:2600008,"歴史民俗研究 通巻2号, pp. 23–31; DB掲載箇所 pp. 24–25; DB record 2600008",1,1,,,registered; direct source recheck pending
source_0016,「稲生物怪録」研究―文学的視点による考察,伊藤紘圭,research_article,2022-03-15,modern,学習院大学学術成果リポジトリ (record 5321),https://glim-re.repo.nii.ac.jp/record/5321/files/kokugokokubungaku_65_78_92.pdf,glim-re.repo.nii.ac.jp,Gakushuin repository record 5321,"学習院大学国語国文学会誌 65号, pp. 78–92; 諸本対照表 A30d",1,1,,,registered; direct source recheck pending
source_0017,姫山の地主神,兵庫県立歴史博物館,institutional_explanation,,,兵庫県立歴史博物館 ひょうご伝説紀行,https://rekihaku.pref.hyogo.lg.jp/digital_museum/legend3/story6/journey5/,rekihaku.pref.hyogo.lg.jp,,「刑部神と富姫神」および末尾の「おさかべ姫」説明,1,1,,date_unrecorded,registered; direct source recheck pending
source_0018,番町皿屋敷,小宮暁子,institutional_explanation,,modern,歌舞伎演目案内 (松竹株式会社),https://enmokudb.kabuki.ne.jp/repertoire/466/,enmokudb.kabuki.ne.jp,,作品概要および「あらすじ／家重代の高麗皿」,1,1,,date_unrecorded,registered; direct source recheck pending
source_0019,ハナコサン (怪異・妖怪伝承データベース record 1140615),,database_record,1992,modern,国際日本文化研究センター 怪異・妖怪伝承データベース,https://www.nichibun.ac.jp/cgi-bin/YoukaiDB3/simsearch.cgi?ID=1140615,www.nichibun.ac.jp,Nichibun YoukaiDB:1140615,検索対象事例: 1992年山形県; 類似事例: 1999年栃木県、1990年山形県,1,1,,,registered; direct source recheck pending
source_0020,肝試し：百物語の世界,国立国会図書館,institutional_explanation,,,国立国会図書館 NDLイメージバンク,https://www.ndl.go.jp/imagebank/column/kimodameshi,www.ndl.go.jp,,「葛飾北斎の百物語」「月岡芳年の百物語」,2,2,,date_unrecorded,registered; direct source recheck pending
source_0021,異界・異類の描かれ方,国立国会図書館,institutional_explanation,,,国立国会図書館 電子展示会「絵巻の世界」,https://www.ndl.go.jp/d_exhibitions/emaki/22,www.ndl.go.jp,,「大江山酒吞童子絵巻」資料42;「伊吹とうし」資料44,2,1,,date_unrecorded,registered; direct source recheck pending
source_0022,第3展示室特集展示「江戸の妖怪絵巻」,国立歴史民俗博物館,institutional_explanation,2023-06-19,,国立歴史民俗博物館,https://www.rekihaku.ac.jp/news/20230619.html,www.rekihaku.ac.jp,,「主な展示資料」3) 狩野来信「土蜘蛛草子」,1,1,,,registered; direct source recheck pending
source_0023,錦絵 源頼光公館土蜘作妖怪図（天保の改革風刺・発禁）,歌川国芳,institutional_catalog,1843,edo,国立歴史民俗博物館 khirin,https://khirin.rekihaku.ac.jp/pid/nmjh_collection/F-320-43.html,khirin.rekihaku.ac.jp,NMJH:F-320-43,資料目録「説明」,1,1,,,registered; direct source recheck pending
source_0024,新形三十六怪撰,月岡芳年,institutional_catalog,1889-1892,meiji,国立国会図書館 NDLイメージバンク,https://www.ndl.go.jp/imagebank/theme/shinkei36kaisen,www.ndl.go.jp,,資料リスト「清玄の霊桜姫を慕ふの図」「内裏に猪早太鵺を刺図」「藤原実方の執心雀となるの図」,5,5,,,registered; direct source recheck pending
source_0025,市政だより令和元年（2019年）7月15日号「橋姫水社」,,institutional_explanation,2019-07-15,,宇治市,https://www.city.uji.kyoto.jp/dayori/190715/HTML/index16.html,www.city.uji.kyoto.jp,広報うじ第1820号 p.16,p.16「橋姫水社」,2,1,,,registered; direct source recheck pending
source_0026,妖怪の鵺(ぬえ)が出てくる物語が読みたい,相模原市立橋本図書館,database_record,2007-04-07,,国立国会図書館 レファレンス協同データベース,https://crd.ndl.go.jp/reference/detail?page=ref_view&id=1000036304,crd.ndl.go.jp,CRD:1000036304,「回答プロセス」『平家物語』巻第4「鵺」; 岩波書店版p.118、中央公論社版p.195,1,1,,,registered; direct source recheck pending
source_0027,清玄桜姫の世界,安冨順,institutional_explanation,,,歌舞伎演目案内（松竹株式会社）,https://enmokudb.kabuki.ne.jp/phraseology/3443/,enmokudb.kabuki.ne.jp,,「清玄桜姫の世界」解説本文,1,1,,date_unrecorded,registered; direct source recheck pending
source_0028,化物絵巻,,institutional_catalog,,edo,国立歴史民俗博物館 khirin,https://khirin.rekihaku.ac.jp/pid/nmjh_collection/F-320-6.html,khirin.rekihaku.ac.jp,NMJH:F-320-6,資料目録「説明」二十四種の列挙,1,1,,date_unrecorded,registered; direct source recheck pending
source_0029,火車の誕生,勝田至,research_article,2012-03,,国立歴史民俗博物館研究報告 174; 国立国会図書館サーチ,https://ndlsearch.ndl.go.jp/books/R000000004-I023802220,ndlsearch.ndl.go.jp,DOI:10.15024/00002026; NDL:023802220,pp.7-30; NDLサーチ「要約等」日本語抄録,1,1,,,registered; direct source recheck pending
source_0030,累の墓,常総市,institutional_explanation,2015-03-19,,常総市公式ホームページ,https://www.city.joso.lg.jp/kurashi_gyousei/kurashi/gakkou_kyouiku/isan/cityregi_bunka/historic_site/kasanenohaka.html,www.city.joso.lg.jp,常総市 P-1410,「累の墓」解説本文,2,1,,,registered; direct source recheck pending
source_0031,実方（さねかた）,公益社団法人能楽協会,institutional_explanation,,,能楽協会 曲目解説,https://www.nohgaku.or.jp/encyclopedia/program_db/sanekata,www.nohgaku.or.jp,,「解説」,1,1,,date_unrecorded,registered; direct source recheck pending
source_0032,藤原実方,,institutional_explanation,,,ネットミュージアム兵庫文学館（兵庫県立美術館）,https://www.artm.pref.hyogo.jp/bungaku/jousetsu/authors/a2091/,www.artm.pref.hyogo.jp,,「PROFILE／略歴」,1,1,,date_unrecorded,registered; direct source recheck pending
source_0033,信太の森ふるさと館の概要,和泉市,institutional_explanation,2021-06-20,,和泉市公式サイト,https://www.city.osaka-izumi.lg.jp/kakukano/syougaibu/bunkaisan/bunkazai_facilities/shinodanomori_furusatokan/furusatokan.html,www.city.osaka-izumi.lg.jp,,「信太の森ふるさと館の概要」本文,1,1,,,registered; direct source recheck pending
source_0034,全盛期｜歴史｜人形浄瑠璃 文楽,日本芸術文化振興会,institutional_explanation,,,文化デジタルライブラリー,https://www2.ntj.jac.go.jp/dglib/contents/learn/edc26/rekishi/rekishi3.html,www2.ntj.jac.go.jp,,「『芦屋道満大内鑑』」解説,1,1,,date_unrecorded,registered; direct source recheck pending
source_0035,鬼女紅葉伝説,鬼無里ふるさと資料館,institutional_explanation,,,長野市立博物館分館,https://www.city.nagano.nagano.jp/museum/Kinasa/exhibition/01momiji.html,www.city.nagano.nagano.jp,,「鬼女紅葉伝説」展示室紹介,1,1,,date_unrecorded,registered; direct source recheck pending
source_0036,鬼無里ふるさと資料館,長野県博物館協議会,institutional_explanation,,,信州 Museum Guide,https://www.nagano-museum.com/info/detail.php?fno=33,www.nagano-museum.com,,「信州の秘境・鬼無里」,1,1,,date_unrecorded,registered; direct source recheck pending
source_0037,たぬき伝説,松山観光コンベンション協会,institutional_explanation,,,松山観光コンベンション協会,https://www.mcvb.jp/kankou/tanuki.html,www.mcvb.jp,,『伊予たぬき伝説巡り』各狸の見出し・説明、および『伊予八百八狸』。今回追加確認：お袖狸、六角堂狸、金平狸。各原話の刊年・成立経路は未照合。,4,4,,date_unrecorded,registered; direct source recheck pending
source_0038,山口霊神社,愛媛県観光物産協会,institutional_explanation,,,愛媛県公式観光サイト いよ観ネット,https://www.iyokannet.jp/spot/4193,www.iyokannet.jp,,スポット本文「808匹の化け狸が封印されている神社」,2,1,,date_unrecorded,registered; direct source recheck pending
source_0039,日本の伝統芸能 能狂言鑑賞入門７ 狂言・釣狐〔１〕 猟師の伯父に化けて,NHK,institutional_catalog,1996-04-19,,放送ライブラリー,https://www.bpcj.or.jp/program/detail/005736/,www.bpcj.or.jp,番組ID 005736,「概要」,1,1,,,registered; direct source recheck pending
source_0040,第１回 日本の伝統演劇における〈語り〉１：狂言の場合,京都造形芸術大学 舞台芸術研究センター,institutional_explanation,,,京都芸術大学 展示・イベント情報,https://www.kyoto-art.ac.jp/events/171,www.kyoto-art.ac.jp,,「釣狐」の公演・講演案内（イベント日 2013-09-06、記事公開日は未確認）,1,1,,date_unrecorded,registered; direct source recheck pending
source_0041,鈴鹿峠と田村麻呂信仰,甲賀市歴史文化財課,institutional_explanation,,,甲賀市公式サイト,https://www.city.koka.lg.jp/4772.htm,www.city.koka.lg.jp,,「鈴鹿峠と田村麻呂信仰」本文,1,1,,date_unrecorded,registered; direct source recheck pending
source_0042,坂上田村麻呂伝説,田村市,institutional_explanation,2013-08-02,,田村市公式サイト,https://www.city.tamura.lg.jp/soshiki/18/kanko-tamuramarodensetu-kari.html,www.city.tamura.lg.jp,,「田村市における坂上田村麻呂伝説」「坂上田村麻呂の大多鬼丸退治」「大多鬼丸」,1,1,,,registered; direct source recheck pending
source_0043,坂上田村麻呂③ 令和6年3月号掲載,田村市生涯学習課,institutional_explanation,2024-03-01,,田村市公式サイト,https://www.city.tamura.lg.jp/soshiki/30/bunkazai_tamuramaro3.html,www.city.tamura.lg.jp,,市政だより令和6年3月号本文,2,2,,,registered; direct source recheck pending
source_0044,世代を越えて受け継がれる火の信仰と祭り,京都市,institutional_explanation,,,京都の文化遺産,https://kyoto-bunkaisan.city.kyoto.lg.jp/kyotoisan/nintei-theme/hinoshinkou.html,kyoto-bunkaisan.city.kyoto.lg.jp,,コラム「愛宕山と愛宕信仰」,1,1,,date_unrecorded,registered; direct source recheck pending
source_0045,怪異・妖怪伝承データベース 1140355（中村節「蛇骨寺の由来について」抄録）,中村節,database_record,1972-02-20,,国際日本文化研究センター,https://www.nichibun.ac.jp/cgi-bin/YoukaiDB3/youkai_card.cgi?ID=1140355,www.nichibun.ac.jp,1140355,「要約」；原論文『西郊民俗』59号 p.9（本文未照合）,1,1,,,registered; direct source recheck pending
source_0046,国の文化審議会が新たに登録有形文化財に登録するよう答申した建造物について,滋賀県教育委員会事務局文化財保護課,institutional_explanation,2019-04-18,,滋賀県 4月定例教育委員会資料,https://www.pref.shiga.lg.jp/file/attachment/5148235.pdf,www.pref.shiga.lg.jp,,PDF p.5（0始まり p.4）「太郎坊宮阿賀神社本殿ほか14件」特徴・評価,1,1,,,registered; direct source recheck pending
source_0047,太郎坊宮について,阿賀神社,institutional_explanation,,,太郎坊宮公式サイト,https://tarobo.or.jp/about,tarobo.or.jp,,「御由緒」「太郎坊天狗－神社を守る大天狗－」,1,1,,date_unrecorded,registered; direct source recheck pending
source_0048,Important Intangible Cultural Asset - Oga’s Namahage,男鹿市,institutional_explanation,,,Oga City Namahage site,https://www.namahage-oga.akita.jp/english/,www.namahage-oga.akita.jp,,The Namahage; Legends of the Namahage; History of Namahage,3,1,,date_unrecorded,registered; direct source recheck pending
source_0049,箱根神社・九頭龍神社・箱根元宮の由緒並に宝物と文化財,箱根神社,institutional_explanation,,,箱根神社公式サイト,https://hakonejinja.or.jp/hakone/,hakonejinja.or.jp,,「九頭龍神社（本宮・新宮）について」「箱根町指定文化財 筥根山縁起并序」,2,1,,date_unrecorded,registered; direct source recheck pending
source_0050,人・動物・鬼・天狗 ～異類と異形～（展示図録）,神戸女子大学古典芸能研究センター,institutional_catalog,2024,,神戸女子大学古典芸能研究センター,https://www.yg.kobe-wu.ac.jp/geinou/07-exhibition1/img2024/2024c-zuroku.pdf,www.yg.kobe-wu.ac.jp,,PDF p.7（印刷ページ6）「4.しのだづま」「5.蘆屋道満大内鑑」,1,1,,,registered; direct source recheck pending
source_0051,古浄瑠璃「信太妻」公開翻刻（延宝二年刊「しのたづまつりぎつね付あべノ清明出生」の校訂テキストから再録）,,primary_or_early_source,,edo,資料198 古浄瑠璃「信太妻」,https://sybrma.sakura.ne.jp/198shinodaduma.joururi.html,sybrma.sakura.ne.jp,,「第一」「第二」；サイト注記3–5は東洋文庫版からの再録・仮名遣いの再調整を明記,1,1,,date_unrecorded,registered; direct source recheck pending
source_0052,現代語で読む戸隠伝承 三 鬼の物語,,institutional_explanation,,,戸隠神社公式サイト,https://www.togakushi-jinja.jp/seiryuden/bottom/gendaigodeyomutogakushidenshou/gendaigodeyomutogakushidenshou2.html,www.togakushi-jinja.jp,,「平維茂と鬼の化けた美女」謡曲『紅葉狩』現代語訳；「平維茂と鬼女紅葉」明治十九年本要約,2,1,,date_unrecorded,registered; direct source recheck pending
source_0053,校訂源平盛衰記 巻8-4 法皇三井の灌頂,大田正和,primary_or_early_source,2024-06-28,,江戸期版本を読む,https://ohta-masakazu.blog.jp/archives/24302805.html,ohta-masakazu.blog.jp,,「法皇三井の灌頂の事」後白河法皇の天狗に関する質問への住吉明神の返答；校訂者注,1,1,,,registered; direct source recheck pending
source_0054,宝物と文化財,箱根神社,institutional_catalog,,,箱根神社公式サイト,https://hakonejinja.or.jp/hakone/houmotsuden.html,hakonejinja.or.jp,,「箱根町指定文化財 筥根山縁起并序」,1,1,,date_unrecorded,registered; direct source recheck pending
source_0055,北向山霊験記 戸隠山鬼女紅葉退治之伝 全（目録）,,institutional_catalog,,,信州地域史料アーカイブ／上田市立上田図書館（花月文庫）,https://adeac.jp/shinshu-chiiki/catalog/mp202400920,adeac.jp,mp202400920；郷土史料114,目録「編著者」「出版年」「人名件名」「所蔵機関」,1,1,,date_unrecorded,registered; direct source recheck pending
source_0056,敦盛（演目解説）,,institutional_explanation,,,公益社団法人能楽協会,https://www.nohgaku.or.jp/encyclopedia/program_db/atsumori,www.nohgaku.or.jp,,「解説」,1,1,,date_unrecorded,registered; direct source recheck pending
source_0057,清経（演目解説）,,institutional_explanation,,,公益社団法人能楽協会,https://www.nohgaku.or.jp/encyclopedia/program_db/kiyotsune,www.nohgaku.or.jp,,「解説」,1,1,,date_unrecorded,registered; direct source recheck pending
source_0058,定家（演目解説）,,institutional_explanation,,,公益社団法人能楽協会,https://www.nohgaku.or.jp/encyclopedia/program_db/teika,www.nohgaku.or.jp,,「解説」,2,2,,date_unrecorded,registered; direct source recheck pending
source_0059,松風（演目解説）,,institutional_explanation,,,公益社団法人能楽協会,https://www.nohgaku.or.jp/encyclopedia/program_db/matsukaze,www.nohgaku.or.jp,,「解説」,2,2,,date_unrecorded,registered; direct source recheck pending
source_0060,船辨慶・船弁慶（演目解説）,,institutional_explanation,,,公益社団法人能楽協会,https://www.nohgaku.or.jp/encyclopedia/program_db/funabenkei,www.nohgaku.or.jp,,「解説」,1,1,,date_unrecorded,registered; direct source recheck pending
source_0061,能・演目事典：松風：あらすじ・みどころ,,institutional_explanation,,,the能ドットコム,https://www.the-noh.com/jp/plays/data/program_043.html,www.the-noh.com,program_043,「あらすじ」第1–4段落；「みどころ」第1段落,2,2,,date_unrecorded,registered; direct source recheck pending
source_0062,怪異談牡丹燈籠（錦絵情報詳細）,梅堂小国政,institutional_catalog,1892-07-22,meiji,日本芸術文化振興会・文化デジタルライブラリー／国立劇場,https://www2.ntj.jac.go.jp/dglib/collections/view_detail_nishikie?class=nishikie&did=1135&division=collections&iselect=%E3%81%8B&istart=0&trace=detail&type=title,www2.ntj.jac.go.jp,NA080370,「配役」「場名」「改印」「上演情報」,2,2,,,registered; direct source recheck pending
source_0063,三遊亭圓朝『怪談 牡丹燈籠』（１）,,institutional_explanation,2013-07-17,,聖徳大学短期大学部・総合文化学科,https://faculty.seitoku.ac.jp/arts-sciences/2013/07/17/80-%E4%B8%89%E9%81%8A%E4%BA%AD%E5%9C%93%E6%9C%9D%E3%80%8E%E6%80%AA%E8%AB%87%E3%80%80%E7%89%A1%E4%B8%B9%E7%87%88%E7%B1%A0%E3%80%8F%EF%BC%88%EF%BC%91%EF%BC%89/,faculty.seitoku.ac.jp,,本文冒頭（明治17年速記の説明）；怪談あらすじ「旗本の息飯島平太郎は」から「その夜も約束の時刻に」,2,2,,,registered; direct source recheck pending
source_0064,佐倉惣五郎の怨霊,村田竜道,research_article,2007-10,,神戸大学学術成果リポジトリ Kernel／『近代』99、1–71頁,https://da.lib.kobe-u.ac.jp/da/kernel/81001556/81001556.pdf,da.lib.kobe-u.ac.jp,DOI:10.24546/81001556；metadata:81001556,印刷頁1–4（PDF頁2–5）,1,1,,,registered; direct source recheck pending
source_0065,宗吾霊堂緑起,,institutional_explanation,,,宗吾霊堂,https://sougoreidou.or.jp/sougoreidou/engi/,sougoreidou.or.jp,,本文「我が国の代表的義民」から「以来、惣五郎様は宗吾様と」,1,1,,date_unrecorded,registered; direct source recheck pending
source_0066,天狗（ジャパンサーチ・ギャラリー）,,institutional_explanation,,,ジャパンサーチ,https://jpsearch.go.jp/gallery/ndl-44W8AM4Y99G,jpsearch.go.jp,gallery/ndl-44W8AM4Y99G,本文「天狗を信仰の対象として芸能や芸術に」段落,1,1,,date_unrecorded,registered; direct source recheck pending
source_0067,醍醐随筆（日文研怪異・妖怪伝承DBカード）,中山三柳,database_record,1980-12-30,,国際日本文化研究センター／『続日本随筆大成』10巻,https://www.nichibun.ac.jp/cgi-bin/YoukaiDB3/youkai_card.cgi?ID=6330008,www.nichibun.ac.jp,YoukaiDB 6330008,原掲載頁40；カード「要約」,1,1,,,registered; direct source recheck pending
source_0068,能楽奉納、演目『善界（ぜかい）』鑑賞,野村島弘美,institutional_explanation,2017-06-19,,大正大学,https://www.tais.ac.jp/faculty/department/buddhist_studies/blog/20170619/50284/,www.tais.ac.jp,,「あらすじは、中国の天狗の首領」段落,1,1,,,registered; direct source recheck pending
source_0069,天狗・仙人妖怪ばなし（日文研怪異・妖怪伝承DBカード）,とよた時,database_record,1994-02,,国際日本文化研究センター／『あしなか』235号,https://www.nichibun.ac.jp/cgi-bin/YoukaiDB3/youkai_card.cgi?ID=0030443,www.nichibun.ac.jp,YoukaiDB 0030443,原掲載頁11；カード「要約」,1,1,,,registered; direct source recheck pending
source_0070,義経千本桜 あれこれ・狐伝説,,institutional_explanation,,,日本芸術文化振興会・文化デジタルライブラリー,https://www2.ntj.jac.go.jp/dglib/contents/learn/exp3/exp_new/pages/arekore/mamechishiki.html,www2.ntj.jac.go.jp,,「源九郎稲荷に伝わる源九郎狐の物語」第1–3段落,2,1,,date_unrecorded,registered; direct source recheck pending
source_0071,稲荷・松尾・賀茂神社の考察（日文研怪異・妖怪伝承DBカード）,福岡順子,database_record,1977-03-15,,国際日本文化研究センター／『歴史民俗研究』1号,https://www.nichibun.ac.jp/cgi-bin/YoukaiDB3/youkai_card.cgi?ID=2600003,www.nichibun.ac.jp,YoukaiDB 2600003,原掲載頁111；カード「要約」,1,1,,,registered; direct source recheck pending
source_0072,おとら狐の話（日文研怪異・妖怪伝承DBカード）,早川孝太郎,database_record,1916-10-01,taisho,国際日本文化研究センター／『郷土研究』4巻7号,https://www.nichibun.ac.jp/cgi-bin/YoukaiDB3/youkai_card.cgi?ID=0640283,www.nichibun.ac.jp,YoukaiDB 0640283,原掲載頁36–37；カード「要約」,1,1,,,registered; direct source recheck pending
source_0073,小通信（日文研怪異・妖怪伝承DBカード）,茅原鐵藏,database_record,1917-02-01,taisho,国際日本文化研究センター／『郷土研究』4巻11号,https://www.nichibun.ac.jp/cgi-bin/YoukaiDB3/youkai_card.cgi?ID=0640310,www.nichibun.ac.jp,YoukaiDB 0640310,原掲載頁63；カード「要約」,1,1,,,registered; direct source recheck pending
source_0074,狸の戯（日文研怪異・妖怪画像DB目録）,,institutional_catalog,,edo,国際日本文化研究センター,https://www.nichibun.ac.jp/cgi-bin/YoukaiGazou/card.cgi?identifier=U426_nichibunken_0319,www.nichibun.ac.jp,U426_nichibunken_0319,目録「主題」「内容記述」「日付」,1,1,,date_unrecorded,registered; direct source recheck pending
source_0075,阿波に於ける狸傳説十八則―附「外道」について―（日文研怪異・妖怪伝承DBカード）,後藤捷一,database_record,1922-07-01,taisho,国際日本文化研究センター／『民族と歴史』8巻1号,https://www.nichibun.ac.jp/cgi-bin/YoukaiDB3/youkai_card.cgi?ID=2400114,www.nichibun.ac.jp,YoukaiDB 2400114,原掲載頁282–283；カード「要約」,1,1,,,registered; direct source recheck pending
source_0076,日本の河童神話 : その起源と現代日本社会における残存,ヘンリ＝トラポン・マルシアル,research_article,1999-03-31,,広島大学学術情報リポジトリ／『日本語・日本文化研修プログラム研修レポート集』1998、21–39頁,https://ir.lib.hiroshima-u.ac.jp/39552/files/28741,ir.lib.hiroshima-u.ac.jp,repository:39552,印刷頁22（PDF頁3）「渡来説」,1,1,,,registered; direct source recheck pending
source_0077,竹槍騒擾記（日文研怪異・妖怪伝承DBカード）,三木春露,database_record,1942-12-01,showa,国際日本文化研究センター／『旅と伝説』15巻12号・通巻180号,https://www.nichibun.ac.jp/YoukaiCard/1231229.html,www.nichibun.ac.jp,YoukaiDB 1231229,原掲載頁65–75；カード「要約」,1,1,,,registered; direct source recheck pending
source_0078,各地のいひならはし（其六）（日文研怪異・妖怪伝承DBカード）,高田十郎,database_record,1925-03-15,taisho,国際日本文化研究センター／『なら』通巻32号,https://www.nichibun.ac.jp/YoukaiCard/1550068.html,www.nichibun.ac.jp,YoukaiDB 1550068,原掲載頁3裏；カード「要約」,1,1,,,registered; direct source recheck pending
source_0079,異界の杜 第42回「夕暮れ、子供にせまる影」,日文研妖怪DB班・飯倉義之,institutional_explanation,,,国際日本文化研究センター／怪異・妖怪伝承データベース,https://www.nichibun.ac.jp/YoukaiDB/ikai/report.html,www.nichibun.ac.jp,,第42回本文,1,1,source_0079; source_0087,duplicate_url; date_unrecorded,registered; direct source recheck pending
source_0080,ひだる神のこと（日文研怪異・妖怪伝承DBカード）,柳田国男,database_record,1925-11-01,taisho,国際日本文化研究センター／『民族』1巻1号,https://www.nichibun.ac.jp/cgi-bin/YoukaiDB3/youkai_card.cgi?ID=2240297,www.nichibun.ac.jp,YoukaiDB 2240297,原掲載頁158；カード「要約」,1,1,,,registered; direct source recheck pending
source_0081,鬼と金工（日文研怪異・妖怪伝承DBカード）,若尾五雄,database_record,1970-04-10,showa,国際日本文化研究センター／『日本民俗学』通巻69号,https://www.nichibun.ac.jp/YoukaiCard/1720003.html,www.nichibun.ac.jp,YoukaiDB 1720003,原掲載頁58；カード「要約」,1,1,,,registered; direct source recheck pending
source_0082,口承文芸（日文研怪異・妖怪伝承DBカード）,,database_record,1979-09-01,showa,国際日本文化研究センター／『中京民俗』通巻16号,https://www.nichibun.ac.jp/cgi-bin/YoukaiDB3/youkai_card.cgi?ID=1260080,www.nichibun.ac.jp,YoukaiDB 1260080,原掲載頁231；カード「要約」,1,1,,,registered; direct source recheck pending
source_0083,下里村の民譚（日文研怪異・妖怪伝承DBカード）,栗山一夫,database_record,1930-07-01,showa,国際日本文化研究センター／『旅と伝説』3巻7号・通巻31号,https://www.nichibun.ac.jp/cgi-bin/YoukaiDB3/youkai_card.cgi?ID=1231951,www.nichibun.ac.jp,YoukaiDB 1231951,原掲載頁70；カード「要約」,1,1,,,registered; direct source recheck pending
source_0084,妖怪名彙（三）（日文研怪異・妖怪伝承DBカード）,柳田国男,database_record,1938-08-20,showa,国際日本文化研究センター／『民間伝承』3巻12号・通巻35号,https://www.nichibun.ac.jp/cgi-bin/YoukaiDB3/youkai_card.cgi?ID=2180750,www.nichibun.ac.jp,YoukaiDB 2180750,原掲載頁12；カード「要約」,1,1,,,registered; direct source recheck pending
source_0085,怪異雑考（六）（日文研怪異・妖怪伝承DBカード）,高橋敏弘,database_record,1990-03-18,heisei,国際日本文化研究センター／『西郊民俗』通巻130号,https://www.nichibun.ac.jp/cgi-bin/YoukaiDB3/youkai_card.cgi?ID=1140545,www.nichibun.ac.jp,YoukaiDB 1140545,原掲載頁32；カード「要約」,1,1,,,registered; direct source recheck pending
source_0086,妖怪変化・幽霊：妖怪変化（日文研怪異・妖怪伝承DBカード）,宮城縣,database_record,1956-10-20,showa,国際日本文化研究センター／『宮城縣史 民俗3』21巻,https://www.nichibun.ac.jp/YoukaiCard/C0410963-000.html,www.nichibun.ac.jp,YoukaiDB C0410963-000,原掲載頁442；カード「要約」,1,1,,,registered; direct source recheck pending
source_0087,異界の杜 第71回「異界・紀伊山地②」,日文研妖怪DB班・戸田靖久,institutional_explanation,,,国際日本文化研究センター／怪異・妖怪伝承データベース,https://www.nichibun.ac.jp/YoukaiDB/ikai/report.html,www.nichibun.ac.jp,,第71回本文,1,1,source_0079; source_0087,duplicate_url; date_unrecorded,registered; direct source recheck pending
source_0088,妖怪仕内評判記,[恋川春町] [作・画],primary_or_early_source,[1779],edo,国立国会図書館,https://dl.ndl.go.jp/pid/10301827/1/7,dl.ndl.go.jp,NDL書誌ID 000010974874; PID 10301827; 請求記号 207-1754,コマ7左丁,1,1,,,registered; direct source recheck pending
source_0089,怪物つれつれ草 : 2巻,京伝 作,primary_or_early_source,[1792],edo,国立国会図書館,https://dl.ndl.go.jp/pid/9892727/1/13,dl.ndl.go.jp,NDL書誌ID 000003280742; PID 9892727; 請求記号 207-281,コマ13右丁,1,1,,,registered; direct source recheck pending
source_0090,第2章 食文化にみる大豆こばなし,国立国会図書館,institutional_explanation,,,国立国会図書館／本の万華鏡 第21回,https://www.ndl.go.jp/kaleido/entry/21/2.html#anchor1,www.ndl.go.jp,,「妖怪『豆腐小僧』」節・図版『妖怪仕内評判記』『怪物つれつれ草』,2,1,,date_unrecorded,registered; direct source recheck pending
source_0091,豆富小僧（JFDB作品レコード）,,database_record,,,JFDB／ユニジャパン,https://jfdb.jp/title/2874,jfdb.jp,JFDB title/2874,「公開日」「ジャンル」「解説」,1,1,,date_unrecorded,registered; direct source recheck pending
source_0092,第二章 第十節 四：（七）山の妖怪（日文研怪異・妖怪伝承DBカード C3720087-000）,北條令子,database_record,1985-11-30,,国際日本文化研究センター／『香川県史 民俗』14巻,https://www.nichibun.ac.jp/cgi-bin/YoukaiDB3/youkai_card.cgi?ID=C3720087-000,www.nichibun.ac.jp,YoukaiDB C3720087-000,原掲載頁600；カード「呼称」「地域」「要約」,1,1,,,registered; direct source recheck pending
source_0093,九 口承文芸（日文研怪異・妖怪伝承DBカード 1461610）,東洋大学民俗研究会,database_record,1989-10,,国際日本文化研究センター／『中尾と平の民俗』昭和63年度号,https://www.nichibun.ac.jp/cgi-bin/YoukaiDB3/youkai_card.cgi?ID=1461610,www.nichibun.ac.jp,YoukaiDB 1461610,原掲載頁121；カード「呼称」「地域」「要約」,1,1,,,registered; direct source recheck pending
source_0094,沖縄赤又物語（日文研怪異・妖怪伝承DBカード 1231704）,大津朔二郎,database_record,1929-06-01,,国際日本文化研究センター／『旅と伝説』2巻6号,https://www.nichibun.ac.jp/cgi-bin/YoukaiDB3/youkai_card.cgi?ID=1231704,www.nichibun.ac.jp,YoukaiDB 1231704,原掲載頁38–39；カード「呼称」「地域」「要約」,1,1,,,registered; direct source recheck pending
source_0095,出雲雑記（日文研怪異・妖怪伝承DBカード 0640028）,清水兵三,database_record,1913-09-10,,国際日本文化研究センター／『郷土研究』1巻7号,https://www.nichibun.ac.jp/cgi-bin/YoukaiDB3/youkai_card.cgi?ID=0640028,www.nichibun.ac.jp,YoukaiDB 0640028,原掲載頁57；カード「呼称」「地域」「要約」,1,1,,,registered; direct source recheck pending
source_0096,野の石仏の信仰（日文研怪異・妖怪伝承DBカード 1670016）,山本力,database_record,1991-06-30,,国際日本文化研究センター／『日本の石仏』通巻56号,https://www.nichibun.ac.jp/cgi-bin/YoukaiDB3/youkai_card.cgi?ID=1670016,www.nichibun.ac.jp,YoukaiDB 1670016,原掲載頁32；カード「呼称」「地域」「要約」,1,1,,,registered; direct source recheck pending
source_0097,鳥取県八頭郡若桜町 調査報告書（日文研怪異・妖怪伝承DBカード 1070346）,中央大学民俗研究会,database_record,1966-10-29,,国際日本文化研究センター／『常民』5号,https://www.nichibun.ac.jp/cgi-bin/YoukaiDB3/youkai_card.cgi?ID=1070346,www.nichibun.ac.jp,YoukaiDB 1070346,原掲載頁131；カード「呼称」「地域」「要約」,1,1,,,registered; direct source recheck pending
source_0098,妖怪名彙（四）（日文研怪異・妖怪伝承DBカード 2180788）,柳田國男,database_record,1938-09-20,,国際日本文化研究センター／『民間伝承』4巻1号,https://www.nichibun.ac.jp/cgi-bin/YoukaiDB3/youkai_card.cgi?ID=2180788,www.nichibun.ac.jp,YoukaiDB 2180788,原掲載頁12；カード「呼称」「地域」「要約」,1,1,,,registered; direct source recheck pending
source_0099,大杉谷で拾った話（日文研怪異・妖怪伝承DBカード 1230389）,岸田日出男,database_record,1936-11-01,,国際日本文化研究センター／『旅と伝説』9巻11号,https://www.nichibun.ac.jp/cgi-bin/YoukaiDB3/youkai_card.cgi?ID=1230389,www.nichibun.ac.jp,YoukaiDB 1230389,原掲載頁65；カード「呼称」「地域」「要約」,1,1,,,registered; direct source recheck pending
source_0100,妖怪名彙（四）（日文研怪異・妖怪伝承DBカード 2180776）,柳田國男,database_record,1938-09-20,,国際日本文化研究センター／『民間伝承』4巻1号,https://www.nichibun.ac.jp/cgi-bin/YoukaiDB3/youkai_card.cgi?ID=2180776,www.nichibun.ac.jp,YoukaiDB 2180776,原掲載頁12；カード「呼称」「地域」「要約」,1,1,,,registered; direct source recheck pending
source_0101,秩父地方の医療に関する迷信と風習（続）（日文研怪異・妖怪伝承DBカード 1240021）,関根邦之助,database_record,1974-03-15,,国際日本文化研究センター／『秩父民俗』通巻9号,https://www.nichibun.ac.jp/cgi-bin/YoukaiDB3/youkai_card.cgi?ID=1240021,www.nichibun.ac.jp,YoukaiDB 1240021,原掲載頁14；カード「呼称」「地域」「要約」,1,1,,,registered; direct source recheck pending
source_0102,妖怪名彙（四）（日文研怪異・妖怪伝承DBカード 2180774）,柳田國男,database_record,1938-09-20,,国際日本文化研究センター／『民間伝承』4巻1号,https://www.nichibun.ac.jp/cgi-bin/YoukaiDB3/youkai_card.cgi?ID=2180774,www.nichibun.ac.jp,YoukaiDB 2180774,原掲載頁12；カード「呼称」「地域」「要約」,1,1,,,registered; direct source recheck pending
source_0103,スキーと雪の怪（日文研怪異・妖怪伝承DBカード 1230003_001）,藤沢衛彦,database_record,1928-01-01,,国際日本文化研究センター／『旅と伝説』通巻1号,https://www.nichibun.ac.jp/cgi-bin/YoukaiDB3/youkai_card.cgi?ID=1230003_001,www.nichibun.ac.jp,YoukaiDB 1230003_001,原掲載頁42；カード「呼称」「地域」「要約」,1,1,,,registered; direct source recheck pending
source_0104,比屋定部落調査報告（口承文芸）（日文研怪異・妖怪伝承DBカード 0400011）,,database_record,1967-11-30,,国際日本文化研究センター／『沖縄民俗』14号,https://www.nichibun.ac.jp/cgi-bin/YoukaiDB3/youkai_card.cgi?ID=0400011,www.nichibun.ac.jp,YoukaiDB 0400011,原掲載頁54–55；カード「呼称」「地域」「要約」,1,1,,,registered; direct source recheck pending
source_0105,奄美で住むと言われるケンムンを求めて（日文研怪異・妖怪伝承DBカード 0070022）,中山清美，堅山美智代,database_record,1980-12,,国際日本文化研究センター／『奄美民俗ノート』4号,https://www.nichibun.ac.jp/cgi-bin/YoukaiDB3/youkai_card.cgi?ID=0070022,www.nichibun.ac.jp,YoukaiDB 0070022,原掲載頁5；カード「呼称」「地域」「要約」,1,1,,,registered; direct source recheck pending
source_0106,ヤマワロ傳承の分布（日文研怪異・妖怪伝承DBカード 2180317）,丸山学,database_record,1953-07-05,,国際日本文化研究センター／『民間伝承』17巻7号,https://www.nichibun.ac.jp/cgi-bin/YoukaiDB3/youkai_card.cgi?ID=2180317,www.nichibun.ac.jp,YoukaiDB 2180317,原掲載頁31；カード「呼称」「地域」「要約」,1,1,,,registered; direct source recheck pending
source_0107,海の驚異（日文研怪異・妖怪伝承DBカード 1230025）,榊木敏,database_record,1928-08-01,,国際日本文化研究センター／『旅と伝説』通巻8号,https://www.nichibun.ac.jp/cgi-bin/YoukaiDB3/youkai_card.cgi?ID=1230025,www.nichibun.ac.jp,YoukaiDB 1230025,原掲載頁70–71；カード「呼称」「地域」「要約」,1,1,,,registered; direct source recheck pending
source_0108,豊芥子日記（日文研怪異・妖怪伝承DBカード 6550006）,石塚豊芥子,database_record,1983-04-30,,国際日本文化研究センター／『続日本随筆大成別巻』10巻,https://www.nichibun.ac.jp/cgi-bin/YoukaiDB3/youkai_card.cgi?ID=6550006,www.nichibun.ac.jp,YoukaiDB 6550006,原掲載頁318；カード「呼称」「地域」「要約」,1,1,,,registered; direct source recheck pending
source_0109,出雲より（日文研怪異・妖怪伝承DBカード 0640051）,清水兵三,database_record,1914-06-01,,国際日本文化研究センター／『郷土研究』2巻4号,https://www.nichibun.ac.jp/cgi-bin/YoukaiDB3/youkai_card.cgi?ID=0640051,www.nichibun.ac.jp,YoukaiDB 0640051,原掲載頁48；カード「呼称」「地域」「要約」,1,1,,,registered; direct source recheck pending
source_0110,豊後国直入地方の民間伝承（日文研怪異・妖怪伝承DBカード 2260058）,長山源雄,database_record,1929-11-10,,国際日本文化研究センター／『民俗学』1巻5号,https://www.nichibun.ac.jp/cgi-bin/YoukaiDB3/youkai_card.cgi?ID=2260058,www.nichibun.ac.jp,YoukaiDB 2260058,原掲載頁44；カード「呼称」「地域」「要約」,1,1,,,registered; direct source recheck pending
source_0111,怪異・妖怪画像DB「あふらなめ」（『しん板化物尽し』所収）,芳盛,institutional_catalog,,,国際日本文化研究センター,https://www.nichibun.ac.jp/cgi-bin/YoukaiGazou/card.cgi?identifier=U426_nichibunken_0073_0047_0000,www.nichibun.ac.jp,U426_nichibunken_0073_0047_0000,画像DB資料識別子 U426_nichibunken_0073_0047_0000；「主題」「内容記述」「情報源」,1,1,,date_unrecorded,registered; direct source recheck pending
source_0112,怪異・妖怪画像DB「手のめ」（『新版妖怪飛巡雙六』所収）,,institutional_catalog,,,国際日本文化研究センター,https://www.nichibun.ac.jp/cgi-bin/YoukaiGazou/card.cgi?identifier=U426_nichibunken_0082_0006_0000,www.nichibun.ac.jp,U426_nichibunken_0082_0006_0000,画像DB資料識別子 U426_nichibunken_0082_0006_0000；「主題」「内容記述」「情報源」,1,1,,date_unrecorded,registered; direct source recheck pending
source_0113,怪異・妖怪画像DB「海さとう」（『新版妖怪飛巡雙六』所収）,,institutional_catalog,,,国際日本文化研究センター,https://www.nichibun.ac.jp/cgi-bin/YoukaiGazou/card.cgi?identifier=U426_nichibunken_0082_0015_0000,www.nichibun.ac.jp,U426_nichibunken_0082_0015_0000,画像DB資料識別子 U426_nichibunken_0082_0015_0000；「主題」「内容記述」「情報源」,1,1,,date_unrecorded,registered; direct source recheck pending
source_0114,怪異・妖怪画像DB「野寺ほう」（『新版妖怪飛巡雙六』所収）,,institutional_catalog,,,国際日本文化研究センター,https://www.nichibun.ac.jp/cgi-bin/YoukaiGazou/card.cgi?identifier=U426_nichibunken_0082_0023_0000,www.nichibun.ac.jp,U426_nichibunken_0082_0023_0000,画像DB資料識別子 U426_nichibunken_0082_0023_0000；「主題」「内容記述」「情報源」,1,1,,date_unrecorded,registered; direct source recheck pending
source_0115,怪異・妖怪画像DB「くはごせ」（『新版妖怪飛巡雙六』所収）,,institutional_catalog,,,国際日本文化研究センター,https://www.nichibun.ac.jp/cgi-bin/YoukaiGazou/card.cgi?identifier=U426_nichibunken_0082_0025_0000,www.nichibun.ac.jp,U426_nichibunken_0082_0025_0000,画像DB資料識別子 U426_nichibunken_0082_0025_0000；「主題」「内容記述」「情報源」,1,1,,date_unrecorded,registered; direct source recheck pending
source_0116,怪異・妖怪画像DB「やなり」（『怪物画本』所収）,,institutional_catalog,,,国際日本文化研究センター,https://www.nichibun.ac.jp/cgi-bin/YoukaiGazou/card.cgi?identifier=U426_nichibunken_0051_0032_0000,www.nichibun.ac.jp,U426_nichibunken_0051_0032_0000,画像DB資料識別子 U426_nichibunken_0051_0032_0000；「主題」「内容記述」「情報源」,1,1,,date_unrecorded,registered; direct source recheck pending
source_0117,怪異・妖怪画像DB「うはん」（『化物尽絵巻』所収）,北斎季親,institutional_catalog,,,国際日本文化研究センター,https://www.nichibun.ac.jp/cgi-bin/YoukaiGazou/card.cgi?identifier=U426_nichibunken_0052_0014_0000,www.nichibun.ac.jp,U426_nichibunken_0052_0014_0000,画像DB資料識別子 U426_nichibunken_0052_0014_0000；「主題」「内容記述」「情報源」,1,1,,date_unrecorded,registered; direct source recheck pending
source_0118,怪異・妖怪画像DB「おうに」（『新版妖怪飛巡雙六』所収）,,institutional_catalog,,,国際日本文化研究センター,https://www.nichibun.ac.jp/cgi-bin/YoukaiGazou/card.cgi?identifier=U426_nichibunken_0082_0009_0000,www.nichibun.ac.jp,U426_nichibunken_0082_0009_0000,画像DB資料識別子 U426_nichibunken_0082_0009_0000；「主題」「内容記述」「情報源」,1,1,,date_unrecorded,registered; direct source recheck pending
source_0119,怪異・妖怪画像DB「つるべ火」（『新版妖怪飛巡雙六』所収）,,institutional_catalog,,,国際日本文化研究センター,https://www.nichibun.ac.jp/cgi-bin/YoukaiGazou/card.cgi?identifier=U426_nichibunken_0082_0011_0000,www.nichibun.ac.jp,U426_nichibunken_0082_0011_0000,画像DB資料識別子 U426_nichibunken_0082_0011_0000；「主題」「内容記述」「情報源」,1,1,,date_unrecorded,registered; direct source recheck pending
source_0120,怪異・妖怪画像DB「ひやうすべ」（『新版妖怪飛巡雙六』所収）,,institutional_catalog,,,国際日本文化研究センター,https://www.nichibun.ac.jp/cgi-bin/YoukaiGazou/card.cgi?identifier=U426_nichibunken_0082_0018_0000,www.nichibun.ac.jp,U426_nichibunken_0082_0018_0000,画像DB資料識別子 U426_nichibunken_0082_0018_0000；「主題」「内容記述」「情報源」,1,1,,date_unrecorded,registered; direct source recheck pending
source_0121,怪異・妖怪画像DB「高おんな」（『新版妖怪飛巡雙六』所収）,,institutional_catalog,,,国際日本文化研究センター,https://www.nichibun.ac.jp/cgi-bin/YoukaiGazou/card.cgi?identifier=U426_nichibunken_0082_0024_0000,www.nichibun.ac.jp,U426_nichibunken_0082_0024_0000,画像DB資料識別子 U426_nichibunken_0082_0024_0000；「主題」「内容記述」「情報源」,1,1,,date_unrecorded,registered; direct source recheck pending
source_0122,怪異・妖怪画像DB「てつ鼠」（『新版妖怪飛巡雙六』所収）,,institutional_catalog,,,国際日本文化研究センター,https://www.nichibun.ac.jp/cgi-bin/YoukaiGazou/card.cgi?identifier=U426_nichibunken_0082_0002_0000,www.nichibun.ac.jp,U426_nichibunken_0082_0002_0000,画像DB資料識別子 U426_nichibunken_0082_0002_0000；「主題」「内容記述」「情報源」,1,1,,date_unrecorded,registered; direct source recheck pending
source_0123,大潟村百科事典「八郎太郎伝説」,,institutional_explanation,,,秋田県大潟村,https://www.vill.ogata.akita.jp/encyclopedia/history/index.html,www.vill.ogata.akita.jp,,冒頭／第1–11話,2,2,,date_unrecorded,registered; direct source recheck pending
source_0124,仙北市「辰子姫伝説」,,institutional_explanation,,,秋田県仙北市,https://www.city.semboku.akita.jp/sightseeing/spot/tatsukodensetsu.html,www.city.semboku.akita.jp,,「辰子姫伝説」本文,1,1,,date_unrecorded,registered; direct source recheck pending
source_0125,サムトの婆々と佐々木喜善（日文研怪異・妖怪伝承DBカード 1440056）,岩本由輝,database_record,1996-06-01,,国際日本文化研究センター／『東北民俗』通巻30号,https://www.nichibun.ac.jp/cgi-bin/YoukaiDB3/youkai_card.cgi?ID=1440056,www.nichibun.ac.jp,YoukaiDB 1440056,原誌1–8頁（カードに個別掲載頁の記載なし）；カード「呼称」「地域」「要約」,1,1,,,registered; direct source recheck pending
source_0126,鳥取県西伯郡西伯町　調査報告書（日文研怪異・妖怪伝承DBカード 1070477）,中央大学民俗研究会,database_record,1989-02-01,,国際日本文化研究センター／『常民』25号,https://www.nichibun.ac.jp/cgi-bin/YoukaiDB3/youkai_card.cgi?ID=1070477,www.nichibun.ac.jp,YoukaiDB 1070477,原掲載頁170–171；カード「呼称」「地域」「要約」,1,1,,,registered; direct source recheck pending
source_0127,鬼行事の伝承と復活の思想（日文研怪異・妖怪伝承DBカード 2410077）,菅沼晃次郎,database_record,1989-02-25,,国際日本文化研究センター／『民俗文化』通巻306号,https://www.nichibun.ac.jp/cgi-bin/YoukaiDB3/youkai_card.cgi?ID=2410077,www.nichibun.ac.jp,YoukaiDB 2410077,原掲載頁3404；カード「呼称」「地域」「要約」,1,1,,,registered; direct source recheck pending
source_0128,お六地蔵（日文研怪異・妖怪伝承DBカード 1300126）,相馬御風,database_record,1922-04-01,,国際日本文化研究センター／『土の鈴』通巻12号,https://www.nichibun.ac.jp/cgi-bin/YoukaiDB3/youkai_card.cgi?ID=1300126,www.nichibun.ac.jp,YoukaiDB 1300126,原掲載頁92；カード「呼称」「地域」「要約」,1,1,,,registered; direct source recheck pending
source_0129,年中行事と民間信仰―俗信、民俗知識―（日文研怪異・妖怪伝承DBカード 0080228）,森正史監修,database_record,1968-04-30,,国際日本文化研究センター／『あゆみ―忽那諸島の民俗―』8号,https://www.nichibun.ac.jp/cgi-bin/YoukaiDB3/youkai_card.cgi?ID=0080228,www.nichibun.ac.jp,YoukaiDB 0080228,原掲載頁51；カード「呼称」「地域」「要約」,1,1,,,registered; direct source recheck pending
source_0130,散木談（日文研怪異・妖怪伝承DBカード 1860013）,弱法師,database_record,1933-09,,国際日本文化研究センター／『兵庫県民俗資料』通巻11号,https://www.nichibun.ac.jp/cgi-bin/YoukaiDB3/youkai_card.cgi?ID=1860013,www.nichibun.ac.jp,YoukaiDB 1860013,原掲載頁75；カード「呼称」「地域」「要約」,1,1,,,registered; direct source recheck pending
source_0131,妖怪変化・幽霊：事例篇（日文研怪異・妖怪伝承DBカード C0411214-000）,宮城縣,database_record,1956-10-20,,国際日本文化研究センター／『宮城縣史　民俗3』21巻,https://www.nichibun.ac.jp/cgi-bin/YoukaiDB3/youkai_card.cgi?ID=C0411214-000,www.nichibun.ac.jp,YoukaiDB C0411214-000,原掲載頁505–506；カード「呼称」「地域」「要約」,1,1,,,registered; direct source recheck pending
source_0132,米とぎ婆さまと小豆とぎ婆さま（日文研怪異・妖怪伝承DBカード 3000011）,高橋勝利,database_record,1929,,国際日本文化研究センター／『芳賀郡土俗研究会報』1号,https://www.nichibun.ac.jp/cgi-bin/YoukaiDB3/youkai_card.cgi?ID=3000011,www.nichibun.ac.jp,YoukaiDB 3000011,原掲載頁2–3；カード「呼称」「地域」「要約」,1,1,,,registered; direct source recheck pending
source_0133,お地蔵様の話（駿河・伊豆地方）（日文研怪異・妖怪伝承DBカード 1300094）,法月俊郎,database_record,1922-10-01,,国際日本文化研究センター／『土の鈴』通巻15号,https://www.nichibun.ac.jp/cgi-bin/YoukaiDB3/youkai_card.cgi?ID=1300094,www.nichibun.ac.jp,YoukaiDB 1300094,原掲載頁21–23；カード「呼称」「地域」「要約」,1,1,,,registered; direct source recheck pending
source_0134,地蔵雑話（日文研怪異・妖怪伝承DBカード 1300049）,佐々木喜善,database_record,1922-04-01,,国際日本文化研究センター／『土の鈴』通巻12号,https://www.nichibun.ac.jp/cgi-bin/YoukaiDB3/youkai_card.cgi?ID=1300049,www.nichibun.ac.jp,YoukaiDB 1300049,原掲載頁62–63；カード「呼称」「地域」「要約」,1,1,,,registered; direct source recheck pending
source_0135,墨田区「本所七不思議について知りたい」,,institutional_explanation,2023-07-03,,東京都墨田区,https://www.city.sumida.lg.jp/faq/bunka_kanko/bunka_jigyou/1148.html,www.city.sumida.lg.jp,墨田区ページID 554925346,「本所の七不思議」各小見出し,8,8,,,registered; direct source recheck pending
source_0136,駒ヶ根市文化財「光前寺の早太郎伝説と大般若経」,,institutional_explanation,,,長野県駒ヶ根市,https://www.city.komagane.nagano.jp/material/files/group/19/20200505hayatarodensetsu.pdf,www.city.komagane.nagano.jp,,PDF 1頁「説明」・「霊犬早太郎由来記」紹介,1,1,,date_unrecorded,registered; direct source recheck pending
source_0137,伝説の福山（日文研怪異・妖怪伝承DBカード 1232139）,深瀬春一,database_record,1931-09-01,,国際日本文化研究センター／『旅と伝説』4巻9号・通巻45号,https://www.nichibun.ac.jp/cgi-bin/YoukaiDB3/youkai_card.cgi?ID=1232139,www.nichibun.ac.jp,YoukaiDB 1232139,原掲載頁31；カード「呼称」「地域」「要約」,1,1,,,registered; direct source recheck pending
source_0138,十勝の伝説（日文研怪異・妖怪伝承DBカード 1231776）,宮田貢,database_record,1929-08-01,,国際日本文化研究センター／『旅と伝説』2巻8号・通巻20号,https://www.nichibun.ac.jp/cgi-bin/YoukaiDB3/youkai_card.cgi?ID=1231776,www.nichibun.ac.jp,YoukaiDB 1231776,原掲載頁44；カード「呼称」「地域」「要約」,1,1,,,registered; direct source recheck pending
source_0139,奥羽巡杖記（日文研怪異・妖怪伝承DBカード 1231879）,中道等,database_record,1929-11-01,,国際日本文化研究センター／『旅と伝説』2巻11号・通巻23号,https://www.nichibun.ac.jp/cgi-bin/YoukaiDB3/youkai_card.cgi?ID=1231879,www.nichibun.ac.jp,YoukaiDB 1231879,原掲載頁10；カード「呼称」「地域」「要約」,1,1,,,registered; direct source recheck pending
source_0140,学校の世間話―中学生の妖怪伝承にみる異界的空間―（日文研怪異・妖怪伝承DBカード 2470063）,常光徹,database_record,1986-03-18,,国際日本文化研究センター／『昔話伝説研究』通巻12号,https://www.nichibun.ac.jp/cgi-bin/YoukaiDB3/youkai_card.cgi?ID=2470063,www.nichibun.ac.jp,YoukaiDB 2470063,原掲載頁23；カード「呼称」「地域」「要約」,1,1,,,registered; direct source recheck pending
source_0141,アイヌ叙事詩「聖伝Ｏｉｎａ」―アエオイナ・カムイが「雲の関」に魔神を討つこと（日文研怪異・妖怪伝承DBカード 2160004）,久保寺逸彦,database_record,1937-02-20,,国際日本文化研究センター／『ミネルヴァ』2巻2号,https://www.nichibun.ac.jp/cgi-bin/YoukaiDB3/youkai_card.cgi?ID=2160004,www.nichibun.ac.jp,YoukaiDB 2160004,原掲載頁9–14；カード「呼称」「地域」「要約」,1,1,,,registered; direct source recheck pending
source_0142,北陸の龍燈伝説（日文研怪異・妖怪伝承DBカード 0540009）,小倉学,database_record,1989-01-31,,国際日本文化研究センター／『加能民俗研究』通巻17号,https://www.nichibun.ac.jp/cgi-bin/YoukaiDB3/youkai_card.cgi?ID=0540009,www.nichibun.ac.jp,YoukaiDB 0540009,原掲載頁2–5；カード「呼称」「地域」「要約」,1,1,,,registered; direct source recheck pending
source_0143,沖縄の妖怪変化（日文研怪異・妖怪伝承DBカード 1610128）,崎原恒新,database_record,1998-10-01,,国際日本文化研究センター／『南島研究』通巻39号,https://www.nichibun.ac.jp/cgi-bin/YoukaiDB3/youkai_card.cgi?ID=1610128,www.nichibun.ac.jp,YoukaiDB 1610128,原掲載頁5；カード「呼称」「地域」「要約」,1,1,,,registered; direct source recheck pending
source_0144,球陽伝説抄（日文研怪異・妖怪伝承DBカード 1232744）,比嘉春潮,database_record,1935-04-01,,国際日本文化研究センター／『旅と伝説』8巻4号・通巻88号,https://www.nichibun.ac.jp/cgi-bin/YoukaiDB3/youkai_card.cgi?ID=1232744,www.nichibun.ac.jp,YoukaiDB 1232744,原掲載頁34–35；カード「呼称」「地域」「要約」,1,1,,,registered; direct source recheck pending
source_0145,第10編 民俗知識 第1章 俗信 第5節 妖怪・幽霊（日文研怪異・妖怪伝承DBカード C2020313-000）,,database_record,1989-02-28,,国際日本文化研究センター／『長野県史 民俗編 南信地方 ことばと伝承』2巻3号,https://www.nichibun.ac.jp/cgi-bin/YoukaiDB3/youkai_card.cgi?ID=C2020313-000,www.nichibun.ac.jp,YoukaiDB C2020313-000,原掲載頁101；カード「呼称」「地域」「要約」,1,1,,,registered; direct source recheck pending
source_0146,信州西筑摩の講（２）（長野県西筑摩郡田立村）（日文研怪異・妖怪伝承DBカード 2181598）,鈴木正彦,database_record,1942-11-05,,国際日本文化研究センター／『民間伝承』8巻7号・通巻85号,https://www.nichibun.ac.jp/cgi-bin/YoukaiDB3/youkai_card.cgi?ID=2181598,www.nichibun.ac.jp,YoukaiDB 2181598,原掲載頁35；カード「呼称」「地域」「要約」,1,1,,,registered; direct source recheck pending
source_0147,第12編 口頭伝承 第2章 伝説「矢村の弥助」（日文研怪異・妖怪伝承DBカード C2030416-001）,,database_record,1990-02-28,,国際日本文化研究センター／『長野県史 民俗編 中信地方 ことばと伝承』3巻3号,https://www.nichibun.ac.jp/cgi-bin/YoukaiDB3/youkai_card.cgi?ID=C2030416-001,www.nichibun.ac.jp,YoukaiDB C2030416-001,原掲載頁486–487；カード「呼称」「地域」「要約」,1,1,,,registered; direct source recheck pending
source_0148,伝説：祠堂の部（日文研怪異・妖怪伝承DBカード C0410854-000）,宮城縣,database_record,1956-10-20,,国際日本文化研究センター／『宮城縣史 民俗3』21巻,https://www.nichibun.ac.jp/cgi-bin/YoukaiDB3/youkai_card.cgi?ID=C0410854-000,www.nichibun.ac.jp,YoukaiDB C0410854-000,原掲載頁301；カード「呼称」「地域」「要約」,1,1,,,registered; direct source recheck pending
source_0149,妖怪（日文研怪異・妖怪伝承DBカード 2180657）,高村日羊,database_record,1936-08-20,,国際日本文化研究センター／『民間伝承』通巻12号,https://www.nichibun.ac.jp/cgi-bin/YoukaiDB3/youkai_card.cgi?ID=2180657,www.nichibun.ac.jp,YoukaiDB 2180657,原掲載頁7；カード「呼称」「地域」「要約」,1,1,,,registered; direct source recheck pending
source_0150,怪異・妖怪画像DB「馬鹿」（『化物尽絵巻』所収）,北斎季親,institutional_catalog,,,国際日本文化研究センター,https://www.nichibun.ac.jp/cgi-bin/YoukaiGazou/card.cgi?identifier=U426_nichibunken_0052_0007_0000,www.nichibun.ac.jp,U426_nichibunken_0052_0007_0000,画像DB資料識別子 U426_nichibunken_0052_0007_0000；「主題」「内容記述」「情報源」,1,1,,date_unrecorded,registered; direct source recheck pending
source_0151,怪異・妖怪画像DB「のぶすま」（『化物尽絵巻』所収）,北斎季親,institutional_catalog,,,国際日本文化研究センター,https://www.nichibun.ac.jp/cgi-bin/YoukaiGazou/card.cgi?identifier=U426_nichibunken_0052_0006_0000,www.nichibun.ac.jp,U426_nichibunken_0052_0006_0000,画像DB資料識別子 U426_nichibunken_0052_0006_0000；「主題」「内容記述」「情報源」,1,1,,date_unrecorded,registered; direct source recheck pending
source_0152,怪異・妖怪画像DB「どふもこうも」（『化物尽絵巻』所収）,北斎季親,institutional_catalog,,,国際日本文化研究センター,https://www.nichibun.ac.jp/cgi-bin/YoukaiGazou/card.cgi?identifier=U426_nichibunken_0052_0003_0000,www.nichibun.ac.jp,U426_nichibunken_0052_0003_0000,画像DB資料識別子 U426_nichibunken_0052_0003_0000；「主題」「内容記述」「情報源」,1,1,,date_unrecorded,registered; direct source recheck pending
source_0153,昔話雑考（日文研怪異・妖怪伝承DBカード 1233085）,山口麻太郎,database_record,1936-04-01,,国際日本文化研究センター／『旅と伝説』,https://www.nichibun.ac.jp/cgi-bin/YoukaiDB3/youkai_card.cgi?ID=1233085,www.nichibun.ac.jp,YoukaiDB 1233085,原掲載頁175–176；カード「呼称」「地域」「要約」,1,1,,,registered; direct source recheck pending
source_0154,山にのぼる河童（日文研怪異・妖怪伝承DBカード 0570088）,奥野広隆,database_record,1985-03-15,,国際日本文化研究センター／『季刊人類学』,https://www.nichibun.ac.jp/cgi-bin/YoukaiDB3/youkai_card.cgi?ID=0570088,www.nichibun.ac.jp,YoukaiDB 0570088,原掲載頁198；カード「呼称」「地域」「要約」,1,1,,,registered; direct source recheck pending
source_0155,第一章 第五節 三 山の食生活：4 山の妖怪（日文研怪異・妖怪伝承DBカード C4510020-000）,前田博仁,database_record,1992-03-31,,国際日本文化研究センター／『宮崎県史 資料編 民俗1』,https://www.nichibun.ac.jp/cgi-bin/YoukaiDB3/youkai_card.cgi?ID=C4510020-000,www.nichibun.ac.jp,YoukaiDB C4510020-000,原掲載頁345；カード「呼称」「地域」「要約」,1,1,,,registered; direct source recheck pending
source_0156,山陰の伝説玩具概見（日文研怪異・妖怪伝承DBカード 1232903）,板祐生,database_record,1935-08-01,,国際日本文化研究センター／『旅と伝説』,https://www.nichibun.ac.jp/cgi-bin/YoukaiDB3/youkai_card.cgi?ID=1232903,www.nichibun.ac.jp,YoukaiDB 1232903,原掲載頁50–51；カード「呼称」「地域」「要約」,1,1,,,registered; direct source recheck pending
source_0157,土佐国土佐山村の昔話（日文研怪異・妖怪伝承DBカード 1231261_001）,桂井和雄,database_record,1943-05-01,,国際日本文化研究センター／『旅と伝説』,https://www.nichibun.ac.jp/cgi-bin/YoukaiDB3/youkai_card.cgi?ID=1231261_001,www.nichibun.ac.jp,YoukaiDB 1231261_001,原掲載頁26；カード「呼称」「地域」「要約」,1,1,,,registered; direct source recheck pending
source_0158,綾歌郡の昔話（日文研怪異・妖怪伝承DBカード 0870026）,水野一典,database_record,1980-09-25,,国際日本文化研究センター／『四国民俗』,https://www.nichibun.ac.jp/cgi-bin/YoukaiDB3/youkai_card.cgi?ID=0870026,www.nichibun.ac.jp,YoukaiDB 0870026,原掲載頁34；カード「呼称」「地域」「要約」,1,1,,,registered; direct source recheck pending
source_0159,備後地方のゲドウとトウビョウ（日文研怪異・妖怪伝承DBカード 2400111）,渡邊芳夢,database_record,1922-07-01,,国際日本文化研究センター／『民族と歴史』,https://www.nichibun.ac.jp/cgi-bin/YoukaiDB3/youkai_card.cgi?ID=2400111,www.nichibun.ac.jp,YoukaiDB 2400111,原掲載頁278–279；カード「呼称」「地域」「要約」,1,1,,,registered; direct source recheck pending
source_0160,阿讃山地の民俗（大川山の周辺）（日文研怪異・妖怪伝承DBカード 0470109）,武田明,database_record,1985-05-31,,国際日本文化研究センター／『香川の民俗』,https://www.nichibun.ac.jp/cgi-bin/YoukaiDB3/youkai_card.cgi?ID=0470109,www.nichibun.ac.jp,YoukaiDB 0470109,原掲載頁6；カード「呼称」「地域」「要約」,1,1,,,registered; direct source recheck pending
source_0161,香川県三豊郡詫間町（日文研怪異・妖怪伝承DBカード 2363169）,國學院大學民俗学研究会,database_record,1973-10-10,,国際日本文化研究センター／『民俗採訪』,https://www.nichibun.ac.jp/cgi-bin/YoukaiDB3/youkai_card.cgi?ID=2363169,www.nichibun.ac.jp,YoukaiDB 2363169,原掲載頁73–74；カード「呼称」「地域」「要約」,1,1,,,registered; direct source recheck pending
source_0162,妖怪名彙（五）（日文研怪異・妖怪伝承DBカード 2180826）,柳田國男,database_record,1938-11-01,,国際日本文化研究センター／『民間伝承』,https://www.nichibun.ac.jp/cgi-bin/YoukaiDB3/youkai_card.cgi?ID=2180826,www.nichibun.ac.jp,YoukaiDB 2180826,原掲載頁16；カード「呼称」「地域」「要約」,1,1,,,registered; direct source recheck pending
source_0163,遠野物語拾遺（日文研怪異・妖怪伝承DBカード 3000048）,柳田國男,database_record,1997,,国際日本文化研究センター／『柳田国男全集』,https://www.nichibun.ac.jp/cgi-bin/YoukaiDB3/youkai_card.cgi?ID=3000048,www.nichibun.ac.jp,YoukaiDB 3000048,原掲載頁130；カード「呼称」「地域」「要約」,1,1,,,registered; direct source recheck pending
source_0164,どんぺからっこ・ねっけど（二十七）―最上の昔話―（日文研怪異・妖怪伝承DBカード 0730078）,野村純一,database_record,1966-08-10,,国際日本文化研究センター／『芸能』,https://www.nichibun.ac.jp/cgi-bin/YoukaiDB3/youkai_card.cgi?ID=0730078,www.nichibun.ac.jp,YoukaiDB 0730078,原掲載頁40–41；カード「呼称」「地域」「要約」,1,1,,,registered; direct source recheck pending
source_0165,各地の七不思議（下）（日文研怪異・妖怪伝承DBカード 0690069）,磯貝宗楽,database_record,1920-06,,国際日本文化研究センター／『郷土趣味』,https://www.nichibun.ac.jp/cgi-bin/YoukaiDB3/youkai_card.cgi?ID=0690069,www.nichibun.ac.jp,YoukaiDB 0690069,原掲載頁17；カード「呼称」「地域」「要約」,1,1,,,registered; direct source recheck pending
source_0166,第五章：9 妖怪変化とつきもの（日文研怪異・妖怪伝承DBカード C1610101-000）,伊藤曙覧,database_record,1973-03-31,,国際日本文化研究センター／『富山県史 民俗編』,https://www.nichibun.ac.jp/cgi-bin/YoukaiDB3/youkai_card.cgi?ID=C1610101-000,www.nichibun.ac.jp,YoukaiDB C1610101-000,原掲載頁856；カード「呼称」「地域」「要約」,1,1,,,registered; direct source recheck pending
source_0167,狼の話其他（日文研怪異・妖怪伝承DBカード 2180166）,眞砂光男,database_record,1948-09-05,,国際日本文化研究センター／『民間伝承』,https://www.nichibun.ac.jp/cgi-bin/YoukaiDB3/youkai_card.cgi?ID=2180166,www.nichibun.ac.jp,YoukaiDB 2180166,原掲載頁34–36；カード「呼称」「地域」「要約」,1,1,,,registered; direct source recheck pending
source_0168,蛇の話（日文研怪異・妖怪伝承DBカード 0900070）,岡田松三郎,database_record,1937-01-01,,国際日本文化研究センター／『設楽』,https://www.nichibun.ac.jp/cgi-bin/YoukaiDB3/youkai_card.cgi?ID=0900070,www.nichibun.ac.jp,YoukaiDB 0900070,原掲載頁復刻477；カード「呼称」「地域」「要約」,1,1,,,registered; direct source recheck pending
source_0169,内海高宮神社の由緒（日文研怪異・妖怪伝承DBカード 2130141）,内田洋,database_record,1975-12-15,,国際日本文化研究センター／『みなみ』,https://www.nichibun.ac.jp/cgi-bin/YoukaiDB3/youkai_card.cgi?ID=2130141,www.nichibun.ac.jp,YoukaiDB 2130141,原掲載頁23；カード「呼称」「地域」「要約」,1,1,,,registered; direct source recheck pending
source_0170,小佐の亀さん（日文研怪異・妖怪伝承DBカード 2130010）,磯部宅成,database_record,1995-11-15,,国際日本文化研究センター／『みなみ』,https://www.nichibun.ac.jp/cgi-bin/YoukaiDB3/youkai_card.cgi?ID=2130010,www.nichibun.ac.jp,YoukaiDB 2130010,原掲載頁43–45；カード「呼称」「地域」「要約」,1,1,,,registered; direct source recheck pending
source_0171,黒姫さま（日文研怪異・妖怪伝承DBカード 2130236）,南知多町誌編集委員会編,database_record,1998-05-15,,国際日本文化研究センター／『みなみ』,https://www.nichibun.ac.jp/cgi-bin/YoukaiDB3/youkai_card.cgi?ID=2130236,www.nichibun.ac.jp,YoukaiDB 2130236,原掲載頁22；カード「呼称」「地域」「要約」,1,1,,,registered; direct source recheck pending
source_0172,第五編 年中行事 第二章 特殊行事 第三節 事八日（日文研怪異・妖怪伝承DBカード C1450007-000）,神奈川県企画調査部県史編集室,database_record,1977-03-31,,国際日本文化研究センター／『神奈川県史 各論編5 民俗』,https://www.nichibun.ac.jp/cgi-bin/YoukaiDB3/youkai_card.cgi?ID=C1450007-000,www.nichibun.ac.jp,YoukaiDB C1450007-000,原掲載頁649–656；カード「呼称」「地域」「要約」,1,1,,,registered; direct source recheck pending
source_0173,九州北部の伝説玩具（日文研怪異・妖怪伝承DBカード 1232930）,須田元一郎,database_record,1935-08-01,,国際日本文化研究センター／『旅と伝説』,https://www.nichibun.ac.jp/cgi-bin/YoukaiDB3/youkai_card.cgi?ID=1232930,www.nichibun.ac.jp,YoukaiDB 1232930,原掲載頁79；カード「呼称」「地域」「要約」,1,1,,,registered; direct source recheck pending
source_0174,第十二章 第二節 三：（一）神（日文研怪異・妖怪伝承DBカード C1130097-000）,根津富夫,database_record,1986-03-20,,国際日本文化研究センター／『新編埼玉県史　別編2　（民俗2）』,https://www.nichibun.ac.jp/cgi-bin/YoukaiDB3/youkai_card.cgi?ID=C1130097-000,www.nichibun.ac.jp,YoukaiDB C1130097-000,原掲載頁601–602；カード「呼称」「地域」「要約」,1,1,,,registered; direct source recheck pending
source_0175,第六編 信仰生活 第三章 俗信 第一節 妖怪・憑きもの（日文研怪異・妖怪伝承DBカード C1450062-000）,神奈川県企画調査部県史編集室,database_record,1977-03-31,,国際日本文化研究センター／『神奈川県史 各論編5 民俗』,https://www.nichibun.ac.jp/cgi-bin/YoukaiDB3/youkai_card.cgi?ID=C1450062-000,www.nichibun.ac.jp,YoukaiDB C1450062-000,原掲載頁808；カード「呼称」「地域」「要約」,1,1,,,registered; direct source recheck pending
source_0176,六、信仰 2神祭り（日文研怪異・妖怪伝承DBカード 1420069）,東京女子大学史学科郷土調査団,database_record,1968-06,,国際日本文化研究センター／『利根川中流水場のムラの民俗』,https://www.nichibun.ac.jp/cgi-bin/YoukaiDB3/youkai_card.cgi?ID=1420069,www.nichibun.ac.jp,YoukaiDB 1420069,原掲載頁108；カード「呼称」「地域」「要約」,1,1,,,registered; direct source recheck pending
source_0177,けものゝ仕業（日文研怪異・妖怪伝承DBカード 0160016）,編集者,database_record,1955-01-01,,国際日本文化研究センター／『伊那』,https://www.nichibun.ac.jp/cgi-bin/YoukaiDB3/youkai_card.cgi?ID=0160016,www.nichibun.ac.jp,YoukaiDB 0160016,原掲載頁38；カード「呼称」「地域」「要約」,1,1,,,registered; direct source recheck pending
source_0178,守谷市「守谷の七不思議」,,institutional_explanation,2026-02-05,,茨城県守谷市,https://www.city.moriya.ibaraki.jp/bunka_sports_shiminkatsudou/rekishi/1003396/1003397.html,www.city.moriya.ibaraki.jp,守谷市ページID 1003397,「守谷の七不思議」の各見出し,7,7,,,registered; direct source recheck pending
source_0179,あわら市「吉崎の民話（吉崎の七不思議）」,,institutional_explanation,2019-08-15,,福井県あわら市,https://www.city.awara.lg.jp/mokuteki/education/kouminkan-n/komin-yoshizaki/oshirase/oshirase/p000655.html,www.city.awara.lg.jp,あわら市ページID 000655,「吉崎の民話（吉崎の七不思議）」各小見出し,6,6,,,registered; direct source recheck pending
source_0180,宮島観光協会「宮島の七不思議」,,institutional_explanation,,,一般社団法人宮島観光協会,https://www.miyajima.or.jp/legend/legend_miyajima7.html,www.miyajima.or.jp,,「宮島の七不思議」本文の各項,5,5,,date_unrecorded,registered; direct source recheck pending
source_0181,丹波篠山市「篠山の怪談七不思議」,,institutional_explanation,2020-06-25,,兵庫県丹波篠山市,https://www.city.tambasasayama.lg.jp/photo_history/2/bunkazai_hubutu_huzoku/sasayamanominnwa/minwatodensetu/14132.html,www.city.tambasasayama.lg.jp,丹波篠山市ページID 14132,「篠山の怪談七不思議」各小見出し,6,6,,,registered; direct source recheck pending
source_0182,丹波篠山市「負け嫌い稲荷」,,institutional_explanation,2021-09-21,,兵庫県丹波篠山市,https://www.city.tambasasayama.lg.jp/photo_history/2/bunkazai_hubutu_huzoku/sasayamanominnwa/minwatodensetu/14123.html,www.city.tambasasayama.lg.jp,丹波篠山市ページID 14123,「負け嫌い稲荷」本文,1,1,,,registered; direct source recheck pending
source_0183,青梅市「青梅の妖怪と伝説 ガイドブック」,,institutional_explanation,,,東京都青梅市,https://www.city.ome.tokyo.jp/uploaded/life/116743_234428_misc.pdf,www.city.ome.tokyo.jp,116743_234428_misc.pdf,冊子3–16頁の番号付き項目,11,11,,date_unrecorded,registered; direct source recheck pending
source_0184,兵庫県立歴史博物館「多可のあまんじゃく」,,institutional_explanation,,,兵庫県立歴史博物館,https://rekihaku.pref.hyogo.lg.jp/digital_museum/legend3/story4/,rekihaku.pref.hyogo.lg.jp,,本文の同名見出し,1,1,,date_unrecorded,registered; direct source recheck pending
source_0185,兵庫県立歴史博物館「篠ヶ峰の鬼」,,institutional_explanation,,,兵庫県立歴史博物館,https://rekihaku.pref.hyogo.lg.jp/digital_museum/legend3/story5/,rekihaku.pref.hyogo.lg.jp,,本文の同名見出し,1,1,,date_unrecorded,registered; direct source recheck pending
source_0186,兵庫県立歴史博物館「千草の老人」,,institutional_explanation,,,兵庫県立歴史博物館,https://rekihaku.pref.hyogo.lg.jp/digital_museum/legend3/story7/,rekihaku.pref.hyogo.lg.jp,,本文の同名見出し,1,1,,date_unrecorded,registered; direct source recheck pending
source_0187,兵庫県立歴史博物館「およし狐」,,institutional_explanation,,,兵庫県立歴史博物館,https://rekihaku.pref.hyogo.lg.jp/digital_museum/legend3/story13/,rekihaku.pref.hyogo.lg.jp,,本文の同名見出し,1,1,,date_unrecorded,registered; direct source recheck pending
source_0188,兵庫県立歴史博物館「おりゅう柳」,,institutional_explanation,,,兵庫県立歴史博物館,https://rekihaku.pref.hyogo.lg.jp/digital_museum/legend3/story21/,rekihaku.pref.hyogo.lg.jp,,本文の同名見出し,1,1,,date_unrecorded,registered; direct source recheck pending
source_0189,匝瑳市「愛宕神社の天馬」,,institutional_explanation,,,千葉県匝瑳市,https://www.city.sosa.lg.jp/page/page001137.html,www.city.sosa.lg.jp,,本文の同名見出し,1,1,,date_unrecorded,registered; direct source recheck pending
source_0190,匝瑳市「古能葉稲荷大明神」,,institutional_explanation,,,千葉県匝瑳市,https://www.city.sosa.lg.jp/page/page001232.html,www.city.sosa.lg.jp,,本文の同名見出し,1,1,,date_unrecorded,registered; direct source recheck pending
source_0191,匝瑳市「昆布子のお女郎」,,institutional_explanation,,,千葉県匝瑳市,https://www.city.sosa.lg.jp/page/page001233.html,www.city.sosa.lg.jp,,本文の同名見出し,1,1,,date_unrecorded,registered; direct source recheck pending
source_0192,匝瑳市「祟石」,,institutional_explanation,,,千葉県匝瑳市,https://www.city.sosa.lg.jp/page/page001240.html,www.city.sosa.lg.jp,,本文の同名見出し,1,1,,date_unrecorded,registered; direct source recheck pending
source_0193,匝瑳市「大浦瘡神」,,institutional_explanation,,,千葉県匝瑳市,https://www.city.sosa.lg.jp/page/page001245.html,www.city.sosa.lg.jp,,本文の同名見出し,1,1,,date_unrecorded,registered; direct source recheck pending
source_0194,匝瑳市「神沼のおっつあん」,,institutional_explanation,,,千葉県匝瑳市,https://www.city.sosa.lg.jp/page/page001295.html,www.city.sosa.lg.jp,,本文の同名見出し,1,1,,date_unrecorded,registered; direct source recheck pending
source_0195,戸田市「梅の木稲荷のお話」,,institutional_explanation,2020-04-30,,埼玉県戸田市,https://www.city.toda.saitama.jp/soshiki/377/hakubutsu-minwa7.html,www.city.toda.saitama.jp,,本文の同名見出し,1,1,,,registered; direct source recheck pending
source_0196,戸田市「八まんさまの鐘」,,institutional_explanation,2020-04-24,,埼玉県戸田市,https://www.city.toda.saitama.jp/soshiki/377/hakubutsu-legend1.html,www.city.toda.saitama.jp,,本文の同名見出し,1,1,,,registered; direct source recheck pending
source_0197,戸田市「かっぱの子」,,institutional_explanation,2020-04-30,,埼玉県戸田市,https://www.city.toda.saitama.jp/soshiki/377/hakubustu-legend5.html,www.city.toda.saitama.jp,,本文の同名見出し,0,0,,,registered; direct source recheck pending
source_0198,横浜市港南区「八日僧」,,institutional_explanation,2024-12-12,,横浜市港南区,https://www.city.yokohama.lg.jp/konan/shokai/bunkazai/minwa/minw-37.html,www.city.yokohama.lg.jp,,本文の同名見出し,1,1,,,registered; direct source recheck pending
source_0199,横浜市港南区「歌をうたうミケネコ」,,institutional_explanation,2024-12-10,,横浜市港南区,https://www.city.yokohama.lg.jp/konan/shokai/bunkazai/minwa/minw-02.html,www.city.yokohama.lg.jp,,「港南区の民話」中の「歌をうたうミケネコ」,1,1,,,registered; direct source recheck pending
source_0200,横浜市港南区「さわげ婆」,,institutional_explanation,2024-12-10,,横浜市港南区,https://www.city.yokohama.lg.jp/konan/shokai/bunkazai/minwa/minw-06.html,www.city.yokohama.lg.jp,,「港南区の民話」中の「さわげ婆」,1,1,,,registered; direct source recheck pending
source_0201,横浜市港南区「首塚の亡霊」,,institutional_explanation,2024-12-10,,横浜市港南区,https://www.city.yokohama.lg.jp/konan/shokai/bunkazai/minwa/minw-07.html,www.city.yokohama.lg.jp,,「港南区の民話」中の「首塚の亡霊」,1,1,,,registered; direct source recheck pending
source_0202,横浜市港南区「アワノスさま」,,institutional_explanation,2024-12-12,,横浜市港南区,https://www.city.yokohama.lg.jp/konan/shokai/bunkazai/minwa/minw-27.html,www.city.yokohama.lg.jp,,「港南区の民話」中の「アワノスさま」,1,1,,,registered; direct source recheck pending
source_0203,横浜市港南区「ヌエが運んだ青木神社」,,institutional_explanation,2024-12-12,,横浜市港南区,https://www.city.yokohama.lg.jp/konan/shokai/bunkazai/minwa/minw-25.html,www.city.yokohama.lg.jp,,「港南区の民話」中の「ヌエが運んだ青木神社」,1,1,,,registered; direct source recheck pending
source_0204,北九州市「新門司地域の見どころ」,,institutional_explanation,2025-08-05,,北九州市,https://www.city.kitakyushu.lg.jp/moji/w1100373.html,www.city.kitakyushu.lg.jp,,「水天宮」「恒見八幡神社」,2,2,,,registered; direct source recheck pending
source_0205,北九州市「高塔山公園」,,institutional_explanation,2025-03-11,,北九州市,https://www.city.kitakyushu.lg.jp/wakamatsu/file_0014.html,www.city.kitakyushu.lg.jp,,「かっぱ封じの地蔵尊」,1,1,,,registered; direct source recheck pending
source_0206,日文研・怪異妖怪伝承DBカード 0640357_001：琉球妖怪変化種目（二）,金城朝永,database_record,1931-07-15,,国際日本文化研究センター／郷土研究 5巻3号,https://www.nichibun.ac.jp/cgi-bin/YoukaiDB3/youkai_card.cgi?ID=0640357_001,www.nichibun.ac.jp,YoukaiDB 0640357_001,p.42；カード「呼称」「地域」「要約」,1,1,,,registered; direct source recheck pending
source_0207,日文研・怪異妖怪伝承DBカード 0640038_001：北海道の河童,金田一京助,database_record,1914-02-10,,国際日本文化研究センター／郷土研究 1巻12号,https://www.nichibun.ac.jp/cgi-bin/YoukaiDB3/youkai_card.cgi?ID=0640038_001,www.nichibun.ac.jp,YoukaiDB 0640038_001,pp.22–25；カード「呼称」「地域」「要約」,1,1,,,registered; direct source recheck pending
source_0208,日文研・怪異妖怪伝承DBカード C3820145-000：愛媛県史 民俗下巻 第十章 第一節：三 愛媛の伝説,秋田忠俊,database_record,1984-03-31,,国際日本文化研究センター／愛媛県史 民俗下巻,https://www.nichibun.ac.jp/cgi-bin/YoukaiDB3/youkai_card.cgi?ID=C3820145-000,www.nichibun.ac.jp,YoukaiDB C3820145-000,p.582；カード「呼称」「地域」「要約」,1,1,,,registered; direct source recheck pending
source_0209,日文研・怪異妖怪伝承DBカード 0080295：あゆみ―玉川町の民俗 愛媛県越智郡―「信仰」,森正史監修,database_record,1975-03-31,,国際日本文化研究センター／あゆみ 12号,https://www.nichibun.ac.jp/cgi-bin/YoukaiDB3/youkai_card.cgi?ID=0080295,www.nichibun.ac.jp,YoukaiDB 0080295,pp.39–53（カードに掲載箇所頁の指定なし）；カード「呼称」「地域」「要約」,1,1,,,registered; direct source recheck pending
source_0210,日文研・怪異妖怪伝承DBカード 1470027：徳之島民俗彙誌（十三）,川野誠治,database_record,2001-08-30,,国際日本文化研究センター／徳之島郷土研究会報 通25巻,https://www.nichibun.ac.jp/cgi-bin/YoukaiDB3/youkai_card.cgi?ID=1470027,www.nichibun.ac.jp,YoukaiDB 1470027,p.63；カード「呼称」「地域」「要約」,2,2,,,registered; direct source recheck pending
source_0211,日文研・怪異妖怪伝承DBカード 1232076：鹿児島の伝説処々,楢木範行,database_record,1931-03-01,,国際日本文化研究センター／旅と伝説 4巻3号,https://www.nichibun.ac.jp/cgi-bin/YoukaiDB3/youkai_card.cgi?ID=1232076,www.nichibun.ac.jp,YoukaiDB 1232076,pp.31–32；カード「呼称」「地域」「要約」,1,1,,,registered; direct source recheck pending
source_0212,日文研・怪異妖怪伝承DBカード 2450281：本格昔話と植物－誕生・転生をめぐって 日本の場合－,松本孝三,database_record,2001-07-07,,国際日本文化研究センター／昔話「研究と資料」通29号,https://www.nichibun.ac.jp/cgi-bin/YoukaiDB3/youkai_card.cgi?ID=2450281,www.nichibun.ac.jp,YoukaiDB 2450281,pp.20–23；カード「呼称」「地域」「要約」,1,1,,,registered; direct source recheck pending
source_0213,日文研・怪異妖怪伝承DBカード C0411185-000：宮城縣史 民俗3「妖怪変化・幽霊：事例篇」,宮城縣,database_record,1956-10-20,,国際日本文化研究センター／宮城縣史 21巻,https://www.nichibun.ac.jp/cgi-bin/YoukaiDB3/youkai_card.cgi?ID=C0411185-000,www.nichibun.ac.jp,YoukaiDB C0411185-000,pp.489–490；カード「呼称」「地域」「要約」,1,1,,,registered; direct source recheck pending
source_0214,日文研・怪異妖怪伝承DBカード 0590192：鳥取城下の民話,鷲見貞雄,database_record,1976-06-01,,国際日本文化研究センター／季刊民話 通7号,https://www.nichibun.ac.jp/cgi-bin/YoukaiDB3/youkai_card.cgi?ID=0590192,www.nichibun.ac.jp,YoukaiDB 0590192,pp.72–73；カード「呼称」「地域」「要約」,1,1,,,registered; direct source recheck pending
source_0215,国立国会図書館NDLイメージバンク「和漢百物語」,月岡芳年,institutional_catalog,1865,,国立国会図書館,https://www.ndl.go.jp/imagebank/theme/wakan100,www.ndl.go.jp,,資料リスト,1,1,,,registered; direct source recheck pending
source_0216,日文研・怪異妖怪伝承DBカード 2180704：妖怪名彙,柳田国男,database_record,1938-06-20,,国際日本文化研究センター／民間伝承 3巻10号,https://www.nichibun.ac.jp/cgi-bin/YoukaiDB3/youkai_card.cgi?ID=2180704,www.nichibun.ac.jp,YoukaiDB 2180704,p.12；カード「呼称」「地域」「要約」,1,1,,,registered; direct source recheck pending
source_0217,日文研・怪異妖怪伝承DBカード 2180843：妖怪名彙（五）,柳田國男,database_record,1938-11-01,,国際日本文化研究センター／民間伝承 4巻2号,https://www.nichibun.ac.jp/cgi-bin/YoukaiDB3/youkai_card.cgi?ID=2180843,www.nichibun.ac.jp,YoukaiDB 2180843,p.16；カード「呼称」「地域」「要約」,1,1,,,registered; direct source recheck pending
source_0218,日文研・怪異妖怪伝承DBカード 2180205：砺波のヒンナ神,佐伯安一,database_record,1949-12-05,,国際日本文化研究センター／民間伝承 13巻12号,https://www.nichibun.ac.jp/cgi-bin/YoukaiDB3/youkai_card.cgi?ID=2180205,www.nichibun.ac.jp,YoukaiDB 2180205,p.41；カード「呼称」「地域」「要約」,2,2,,,registered; direct source recheck pending
source_0219,日文研・怪異妖怪伝承DBカード 0730011：岩手県下閉伊郡安家村大平・坂本の口承文芸,国学院大学説話研究会,database_record,1961-06-15,,国際日本文化研究センター／芸能 3巻7号,https://www.nichibun.ac.jp/cgi-bin/YoukaiDB3/youkai_card.cgi?ID=0730011,www.nichibun.ac.jp,YoukaiDB 0730011,p.22；カード「呼称」「地域」「要約」,1,1,,,registered; direct source recheck pending
source_0220,日文研・怪異妖怪伝承DBカード 0150082：山の神のオスとメス,堀田吉雄,database_record,1959-11,,国際日本文化研究センター／伊勢民俗 5巻3号,https://www.nichibun.ac.jp/cgi-bin/YoukaiDB3/youkai_card.cgi?ID=0150082,www.nichibun.ac.jp,YoukaiDB 0150082,p.6；カード「呼称」「地域」「要約」,1,1,,,registered; direct source recheck pending
source_0221,日文研・怪異妖怪伝承DBカード 2180958：妖怪名彙（六）,柳田國男,database_record,1939-03-01,,国際日本文化研究センター／民間伝承 4巻6号,https://www.nichibun.ac.jp/cgi-bin/YoukaiDB3/youkai_card.cgi?ID=2180958,www.nichibun.ac.jp,YoukaiDB 2180958,p.16；カード「呼称」「地域」「要約」,1,1,,,registered; direct source recheck pending
source_0222,日文研・怪異妖怪伝承DBカード 2180740：妖怪名彙,柳田国男,database_record,1938-07-20,,国際日本文化研究センター／民間伝承 3巻11号,https://www.nichibun.ac.jp/cgi-bin/YoukaiDB3/youkai_card.cgi?ID=2180740,www.nichibun.ac.jp,YoukaiDB 2180740,p.12；カード「呼称」「地域」「要約」,1,1,,,registered; direct source recheck pending
source_0223,日文研・怪異妖怪伝承DBカード 2180763：妖怪名彙（三）,柳田国男,database_record,1938-08-20,,国際日本文化研究センター／民間伝承 3巻12号,https://www.nichibun.ac.jp/cgi-bin/YoukaiDB3/youkai_card.cgi?ID=2180763,www.nichibun.ac.jp,YoukaiDB 2180763,p.12；カード「呼称」「地域」「要約」,1,1,,,registered; direct source recheck pending
source_0224,日文研・怪異妖怪伝承DBカード 2180962：妖怪名彙（六）,柳田國男,database_record,1939-03-01,,国際日本文化研究センター／民間伝承 4巻6号,https://www.nichibun.ac.jp/cgi-bin/YoukaiDB3/youkai_card.cgi?ID=2180962,www.nichibun.ac.jp,YoukaiDB 2180962,p.16；カード「呼称」「地域」「要約」,1,1,,,registered; direct source recheck pending
source_0225,日文研・怪異妖怪伝承DBカード 2180832：妖怪名彙（五）,柳田國男,database_record,1938-11-01,,国際日本文化研究センター／民間伝承 4巻2号,https://www.nichibun.ac.jp/cgi-bin/YoukaiDB3/youkai_card.cgi?ID=2180832,www.nichibun.ac.jp,YoukaiDB 2180832,p.16；カード「呼称」「地域」「要約」,1,1,,,registered; direct source recheck pending
source_0226,日文研・怪異妖怪伝承DBカード C0220093-000：青森県史 民俗編 第一部第八章第一節 昔話,青森県史編さん民俗部会,database_record,2001-03-31,,国際日本文化研究センター／青森県史 民俗編,https://www.nichibun.ac.jp/cgi-bin/YoukaiDB3/youkai_card.cgi?ID=C0220093-000,www.nichibun.ac.jp,YoukaiDB C0220093-000,p.407（カードの終了頁）；カード「呼称」「地域」「要約」,1,1,,,registered; direct source recheck pending
source_0227,日文研・怪異妖怪伝承DBカード C0220076-000：青森県史 民俗編 第一部第六章第三節 オシラサマ,青森県史編さん民俗部会,database_record,2001-03-31,,国際日本文化研究センター／青森県史 民俗編,https://www.nichibun.ac.jp/cgi-bin/YoukaiDB3/youkai_card.cgi?ID=C0220076-000,www.nichibun.ac.jp,YoukaiDB C0220076-000,p.348（カードの終了頁）；カード「呼称」「地域」「要約」,1,1,,,registered; direct source recheck pending
source_0228,日文研・怪異妖怪伝承DBカード 1232090：寝物語に聞いた話,久長興仁,database_record,1931-06-01,,国際日本文化研究センター／旅と伝説 4巻7号,https://www.nichibun.ac.jp/cgi-bin/YoukaiDB3/youkai_card.cgi?ID=1232090,www.nichibun.ac.jp,YoukaiDB 1232090,pp.50–51；カード「呼称」「地域」「要約」,1,1,,,registered; direct source recheck pending
source_0229,日文研・怪異妖怪伝承DBカード 2010008：「五郎」信仰追記,倉光清六,database_record,1953-08-20,,国際日本文化研究センター／伯耆文化 25号,https://www.nichibun.ac.jp/cgi-bin/YoukaiDB3/youkai_card.cgi?ID=2010008,www.nichibun.ac.jp,YoukaiDB 2010008,pp.6–9（カードに掲載箇所頁の指定なし）；カード「呼称」「地域」「要約」,1,1,,,registered; direct source recheck pending
source_0230,日文研・怪異妖怪伝承DBカード 2610016：山陰の妖怪伝説「七尋女房」の正体,酒井董美,database_record,1997-03-31,,国際日本文化研究センター／山陰民俗研究 3号,https://www.nichibun.ac.jp/cgi-bin/YoukaiDB3/youkai_card.cgi?ID=2610016,www.nichibun.ac.jp,YoukaiDB 2610016,pp.125–126；カード「呼称」「地域」「要約」,1,1,,,registered; direct source recheck pending
source_0231,日文研・怪異妖怪伝承DBカード 0950017：「ゑんこう」の話,山根俊久,database_record,1939-02-08,,国際日本文化研究センター／島根民俗 1巻3号,https://www.nichibun.ac.jp/cgi-bin/YoukaiDB3/youkai_card.cgi?ID=0950017,www.nichibun.ac.jp,YoukaiDB 0950017,p.5；カード「呼称」「地域」「要約」,1,1,,,registered; direct source recheck pending
source_0232,日文研・怪異妖怪伝承DBカード 2400029：河童の話,谷苔六,database_record,1922-05-01,,国際日本文化研究センター／民族と歴史 7巻5号,https://www.nichibun.ac.jp/cgi-bin/YoukaiDB3/youkai_card.cgi?ID=2400029,www.nichibun.ac.jp,YoukaiDB 2400029,pp.57–58；カード「呼称」「地域」「要約」,1,1,,,registered; direct source recheck pending
source_0233,日文研・怪異妖怪伝承DBカード 1230217_002：座敷小僧の話,折口信夫,database_record,1934-01-01,,国際日本文化研究センター／旅と伝説 7巻1号,https://www.nichibun.ac.jp/cgi-bin/YoukaiDB3/youkai_card.cgi?ID=1230217_002,www.nichibun.ac.jp,YoukaiDB 1230217_002,p.13；カード「呼称」「地域」「要約」,1,1,,,registered; direct source recheck pending
source_0234,日文研・怪異妖怪伝承DBカード 2180782：妖怪名彙（四）,柳田國男,database_record,1938-09-20,,国際日本文化研究センター／民間伝承 4巻1号,https://www.nichibun.ac.jp/cgi-bin/YoukaiDB3/youkai_card.cgi?ID=2180782,www.nichibun.ac.jp,YoukaiDB 2180782,p.12；カード「呼称」「地域」「要約」,1,1,,,registered; direct source recheck pending
source_0235,日文研・怪異妖怪伝承DBカード 2180965：妖怪名彙（六）,柳田國男,database_record,1939-03-01,,国際日本文化研究センター／民間伝承 4巻6号,https://www.nichibun.ac.jp/cgi-bin/YoukaiDB3/youkai_card.cgi?ID=2180965,www.nichibun.ac.jp,YoukaiDB 2180965,p.16；カード「呼称」「地域」「要約」,1,1,,,registered; direct source recheck pending
source_0236,日文研・怪異妖怪伝承DBカード 3510014：三養雑記,山崎美成,database_record,1974-02-25,,国際日本文化研究センター／日本随筆大成第二期 6巻,https://www.nichibun.ac.jp/cgi-bin/YoukaiDB3/youkai_card.cgi?ID=3510014,www.nichibun.ac.jp,YoukaiDB 3510014,p.121；カード「呼称」「地域」「要約」,1,1,,,registered; direct source recheck pending
source_0237,遠賀のむかしばなし（八話 千間川の河童 今古賀）,,institutional_explanation,2024-02-19,,遠賀町,https://www.town.onga.lg.jp/soshiki/17/1484.html,www.town.onga.lg.jp,遠賀町ページID 0001484,本文,1,1,,,registered; direct source recheck pending
source_0238,遠賀のむかしばなし（十一話 竜神の渕 木守）,,institutional_explanation,2024-02-19,,遠賀町,https://www.town.onga.lg.jp/soshiki/17/1487.html,www.town.onga.lg.jp,遠賀町ページID 0001487,本文,1,1,,,registered; direct source recheck pending
source_0239,遠賀のむかしばなし（十二話 日本さいごの鬼 鬼津）,,institutional_explanation,2024-02-19,,遠賀町,https://www.town.onga.lg.jp/soshiki/17/1488.html,www.town.onga.lg.jp,遠賀町ページID 0001488,本文,1,1,,,registered; direct source recheck pending
source_0240,遠賀のむかしばなし（十四話 鼻かげ天狗 鬼津）,,institutional_explanation,2024-02-19,,遠賀町,https://www.town.onga.lg.jp/soshiki/17/1490.html,www.town.onga.lg.jp,遠賀町ページID 0001490,本文,1,1,,,registered; direct source recheck pending
source_0241,ひょうご伝説紀行「夢前川の河童 穴淵の綱引き、大勝負」,,institutional_explanation,,,兵庫県立歴史博物館,https://rekihaku.pref.hyogo.lg.jp/digital_museum/legend3/story8/,rekihaku.pref.hyogo.lg.jp,,夢前川の河童 穴淵の綱引き、大勝負,1,1,,date_unrecorded,registered; direct source recheck pending
source_0242,ひょうご伝説紀行「鷲の地主神 如意尼とソランジン」,,institutional_explanation,,,兵庫県立歴史博物館,https://rekihaku.pref.hyogo.lg.jp/digital_museum/legend3/story17/,rekihaku.pref.hyogo.lg.jp,,鷲の地主神 如意尼とソランジン,1,1,,date_unrecorded,registered; direct source recheck pending
source_0243,ひょうご伝説紀行「明石の大ダコ 三郎左衛門の知恵」,,institutional_explanation,,,兵庫県立歴史博物館,https://rekihaku.pref.hyogo.lg.jp/digital_museum/legend3/story18/,rekihaku.pref.hyogo.lg.jp,,明石の大ダコ 三郎左衛門の知恵,1,1,,date_unrecorded,registered; direct source recheck pending
source_0244,青森県史資料編近現代7「郷土鼎談 八戸を語る」,,primary_or_early_source,2016,,青森県史デジタルアーカイブス,https://kenshi-archives.pref.aomori.lg.jp/il/meta_pub/G0000004txt_Moda7-05-01-0-253,kenshi-archives.pref.aomori.lg.jp,Moda7-05-01-0-253／資料番号253,pp.690–695；「首切り場とカン子の話」,1,1,,,registered; direct source recheck pending
source_0245,青森県史叢書「岩木川流域の民俗」 はじめに,,institutional_explanation,2008,,青森県史デジタルアーカイブス,https://kenshi-archives.pref.aomori.lg.jp/il/meta_pub/G0000004txt_Fork_IW_0000,kenshi-archives.pref.aomori.lg.jp,Fork_IW_0000,pp.1–6；「新田地帯の民俗」,1,1,,,registered; direct source recheck pending
source_0246,いちき串木野市郷土史料集1 民話・祭り編,,institutional_explanation,2015-10,,いちき串木野市教育委員会,https://www.city.ichikikushikino.lg.jp/bunka1/documents/kyoudo1.pdf,www.city.ichikikushikino.lg.jp,,民話編 pp.14–77（PDF pp.17–80）,19,19,,,registered; direct source recheck pending
source_0247,宗像市 歴史文化遺産リスト,,institutional_catalog,,,宗像市,https://www.city.munakata.lg.jp/kiji0038944/3_8944_7262_up_qchwpugx.pdf,www.city.munakata.lg.jp,,「こと（伝承・説話）」印刷p.53／PDF p.55（1起算）,6,6,,date_unrecorded,registered; direct source recheck pending
source_0248,ひょうご伝説紀行「神池寺の澄まずの池 お坊さんの大蛇退治」,,institutional_explanation,,,兵庫県立歴史博物館,https://rekihaku.pref.hyogo.lg.jp/digital_museum/legend3/story9/,rekihaku.pref.hyogo.lg.jp,,本文「神池寺の澄まずの池」,1,1,,date_unrecorded,registered; direct source recheck pending
source_0249,ひょうご伝説紀行「佐用安川の猫堂 魚を盗んだ猫のとむらい」,,institutional_explanation,,,兵庫県立歴史博物館,https://rekihaku.pref.hyogo.lg.jp/digital_museum/legend3/story10/,rekihaku.pref.hyogo.lg.jp,,本文「佐用安川の猫堂」,1,1,,date_unrecorded,registered; direct source recheck pending
source_0250,ひょうご伝説紀行「東本郷村の火の玉 腕に残った青い痕」,,institutional_explanation,,,兵庫県立歴史博物館,https://rekihaku.pref.hyogo.lg.jp/digital_museum/legend3/story11/,rekihaku.pref.hyogo.lg.jp,,本文「東本郷村の火の玉」,1,1,,date_unrecorded,registered; direct source recheck pending
source_0251,笹井のタケ坊河童の話（水富）,池原昭治,institutional_explanation,2026-08-10,,狭山市公式ウェブサイト,https://www.city.sayama.saitama.jp/shisei/kouhou/koho/sayamanomukashi/202608.html,www.city.sayama.saitama.jp,,本文「笹井のタケ坊河童の話（水富）」；日付はページ更新日,1,1,,,registered; direct source recheck pending
source_0252,ざっくり婆の話,池原昭治,institutional_explanation,2025-06-10,,狭山市公式ウェブサイト,https://www.city.sayama.saitama.jp/shisei/kouhou/koho/sayamanomukashi/202506.html,www.city.sayama.saitama.jp,,本文「ざっくり婆の話」；日付はページ更新日,1,1,,,registered; direct source recheck pending
source_0253,タケが淵の伝説,,institutional_explanation,2011-03-01,,狭山市公式ウェブサイト,https://www.city.sayama.saitama.jp/manabu/dentou/minwa_densyo/mizutomi_chiku/takegahutinodensetu.html,www.city.sayama.saitama.jp,,本文；末尾に『広報さやま』平成8年6月10日号よりと明記。dateはWebページ更新日。,3,3,,,registered; direct source recheck pending
source_0254,企画展示『マット・マイヤーさんのイラストで読む越前奇談怪談集』,,institutional_explanation,2023,,福井県文書館,https://www.library-archives.pref.fukui.lg.jp/bunsho/category/tenji/29991.html,www.library-archives.pref.fukui.lg.jp,,展示内容紹介の各番号。所蔵資料名と資料ID・コマ番号をページに表示。dateは展示年。,16,16,,,registered; direct source recheck pending
source_0255,十津川郷の昔話（21）～（30）まで,,institutional_explanation,,,十津川村ふるさとアーカイブ『たからぐら』／十津川村教育委員会,https://www.vill.totsukawa.lg.jp/bridge/folklore/old-tale/old-tale21-30/,www.vill.totsukawa.lg.jp,,番号(21)～(30)の個別再話。各話の話者・記録・再話表示を参照。原掲載資料は未照合。,4,4,,date_unrecorded,registered; direct source recheck pending
source_0256,十津川郷の昔話（31）～（40）まで,,institutional_explanation,,,十津川村ふるさとアーカイブ『たからぐら』／十津川村教育委員会,https://www.vill.totsukawa.lg.jp/bridge/folklore/old-tale/old-tale31-40/,www.vill.totsukawa.lg.jp,,番号(31)～(40)の個別再話。各話の話者・記録・再話表示を参照。原掲載資料は未照合。,1,1,,date_unrecorded,registered; direct source recheck pending
source_0257,十津川郷の昔話（41）～（50）まで,,institutional_explanation,,,十津川村ふるさとアーカイブ『たからぐら』／十津川村教育委員会,https://www.vill.totsukawa.lg.jp/bridge/folklore/old-tale/old-tale41-50/,www.vill.totsukawa.lg.jp,,番号(41)～(50)の個別再話。各話の話者・記録・再話表示を参照。原掲載資料は未照合。,2,2,,date_unrecorded,registered; direct source recheck pending
source_0258,十津川郷の昔話（51）～（60）まで,,institutional_explanation,,,十津川村ふるさとアーカイブ『たからぐら』／十津川村教育委員会,https://www.vill.totsukawa.lg.jp/bridge/folklore/old-tale/old-tale51-60/,www.vill.totsukawa.lg.jp,,番号(51)～(60)の個別再話。各話の話者・記録・再話表示を参照。原掲載資料は未照合。,1,1,,date_unrecorded,registered; direct source recheck pending
source_0259,十津川郷の昔話（61）～（70）まで,,institutional_explanation,,,十津川村ふるさとアーカイブ『たからぐら』／十津川村教育委員会,https://www.vill.totsukawa.lg.jp/bridge/folklore/old-tale/old-tale61-70/,www.vill.totsukawa.lg.jp,,番号(61)～(70)の個別再話。各話の話者・記録・再話表示を参照。原掲載資料は未照合。,3,3,,date_unrecorded,registered; direct source recheck pending
source_0260,十津川郷の昔話（71）～（80）まで,,institutional_explanation,,,十津川村ふるさとアーカイブ『たからぐら』／十津川村教育委員会,https://www.vill.totsukawa.lg.jp/bridge/folklore/old-tale/old-tale71-80/,www.vill.totsukawa.lg.jp,,番号(71)～(80)の個別再話。各話の話者・記録・再話表示を参照。原掲載資料は未照合。,4,4,,date_unrecorded,registered; direct source recheck pending
source_0261,おりゅうと柳（智頭町波多）,,database_record,,,鳥取県立博物館／とりネット,https://www.pref.tottori.lg.jp/266685.htm,www.pref.tottori.lg.jp,,『語り』本文；1987-08-24に智頭町波多で採集との表示。採集日は資料刊行日や物語年代ではない。,1,1,,date_unrecorded,registered; direct source recheck pending
source_0262,かみそり狐（智頭町波多）,,database_record,,,鳥取県立博物館／とりネット,https://www.pref.tottori.lg.jp/265927.htm,www.pref.tottori.lg.jp,,『語り』本文；1985-08-15に智頭町波多で採集との表示。採集日は資料刊行日や物語年代ではない。,1,1,,date_unrecorded,registered; direct source recheck pending
source_0263,喜助とおさん狐（三朝町大谷）,,database_record,,,鳥取県立博物館／とりネット,https://www.pref.tottori.lg.jp/266696.htm,www.pref.tottori.lg.jp,,『語り』本文；1988-08-20に三朝町大谷で採集との表示。採集日は資料刊行日や物語年代ではない。,1,1,,date_unrecorded,registered; direct source recheck pending
source_0264,赤松の池の大蛇（米子市今在家）,,database_record,,,鳥取県立博物館／とりネット,https://www.pref.tottori.lg.jp/287216.htm,www.pref.tottori.lg.jp,,『語り』本文；1995-03-31に米子市今在家で採集との表示。採集日は資料刊行日や物語年代ではない。,1,1,,date_unrecorded,registered; direct source recheck pending
source_0265,藤内狐（米子市観音寺）,,database_record,,,鳥取県立博物館／とりネット,https://www.pref.tottori.lg.jp/266709.htm,www.pref.tottori.lg.jp,,『語り』本文；1996-11-16に米子市観音寺で採集との表示。採集日は資料刊行日や物語年代ではない。,1,1,,date_unrecorded,registered; direct source recheck pending
source_0266,踊る骸骨（智頭町波多）,,database_record,,,鳥取県立博物館／とりネット,https://www.pref.tottori.lg.jp/268173.htm,www.pref.tottori.lg.jp,,『語り』本文；1979-10-07に智頭町波多で採集との表示。採集日は資料刊行日や物語年代ではない。,1,1,,date_unrecorded,registered; direct source recheck pending
source_0267,竜宮のはなたれ小僧さん（智頭町波多）,,database_record,,,鳥取県立博物館／とりネット,https://www.pref.tottori.lg.jp/265926.htm,www.pref.tottori.lg.jp,,『語り』本文；1980-11-12に智頭町波多で採集との表示。採集日は資料刊行日や物語年代ではない。,1,1,,date_unrecorded,registered; direct source recheck pending
source_0268,八百比丘尼（米子市彦名）,,database_record,,,鳥取県立博物館／とりネット,https://www.pref.tottori.lg.jp/266706.htm,www.pref.tottori.lg.jp,,『語り』本文；1995-11-18に米子市彦名で採集との表示。採集日は資料刊行日や物語年代ではない。,1,1,,date_unrecorded,registered; direct source recheck pending
source_0269,打吹山の天女（倉吉市越中町）,,database_record,,,鳥取県立博物館／とりネット,https://www.pref.tottori.lg.jp/270744.htm,www.pref.tottori.lg.jp,,『語り』本文；1988-08-20に倉吉市越中町で採集との表示。採集日は資料刊行日や物語年代ではない。,1,1,,date_unrecorded,registered; direct source recheck pending
source_0270,貧乏神（智頭町波多）,,database_record,,,鳥取県立博物館／とりネット,https://www.pref.tottori.lg.jp/270749.htm,www.pref.tottori.lg.jp,,『語り』本文；1979-10-07に智頭町波多で採集との表示。採集日は資料刊行日や物語年代ではない。,1,1,,date_unrecorded,registered; direct source recheck pending
source_0271,おさんどんに化けたムジナ,池原昭治,institutional_explanation,2022-10-07,,狭山市公式ウェブサイト,https://www.city.sayama.saitama.jp/shisei/kouhou/koho/sayamanomukashi/202210.html,www.city.sayama.saitama.jp,,本文『おさんどんに化けたムジナ』；dateはページ更新日。,1,1,,,registered; direct source recheck pending
source_0272,入曽の化け地蔵さん,,institutional_explanation,2021-03-29,,狭山市公式ウェブサイト,https://www.city.sayama.saitama.jp/manabu/dentou/ehon/iriso/bakejizou.html,www.city.sayama.saitama.jp,,本文『入曽の化け地蔵さん』；dateはページ更新日。,1,1,,,registered; direct source recheck pending
source_0273,下水野の地蔵尊,,institutional_catalog,2013-02-01,,狭山市公式ウェブサイト,https://www.city.sayama.saitama.jp/manabu/dentou/siteibunkazai/simomizunonojizoson.html,www.city.sayama.saitama.jp,,本文冒頭、造立年および『化け地蔵』『夜泣き地蔵』の呼称；dateはページ更新日。,1,1,,,registered; direct source recheck pending
source_0274,青森県史民俗編資料南部 Ⅰ部8章1節『昔話』,,database_record,2001,,青森県史デジタルアーカイブス,https://kenshi-archives.pref.aomori.lg.jp/il/meta_pub/G0000004txt_Fork_MN1_810110,kenshi-archives.pref.aomori.lg.jp,Fork_MN1_810110,青森県史2001年pp.398–410のテキスト、［事例］猫檀家（通観386）、本文の末尾に『村の話』上p.165を明記。原掲載紙面は未照合。,1,1,,,registered; direct source recheck pending
source_0275,小女良狐,,institutional_explanation,,,三重県文化財・民話ウェブサイト,https://www.bunka.pref.mie.lg.jp/minwa/iga/ueno/index.htm,www.bunka.pref.mie.lg.jp,,県公開の民話再話。語りの原収録・初出刊行年は未確認。 Locator: 本文後半、小女良の正体と広禪寺の石碑の段,1,1,,date_unrecorded,registered; direct source recheck pending
source_0276,おねじゃたぬき,,institutional_explanation,,,三重県文化財・民話ウェブサイト,https://www.bunka.pref.mie.lg.jp/minwa/hokusei/inabe/index.htm,www.bunka.pref.mie.lg.jp,,県公開の民話再話。語りの原収録・初出刊行年は未確認。 Locator: 本文後半、大入道の正体と「おねじゃ」の名乗りの段,1,1,,date_unrecorded,registered; direct source recheck pending
source_0277,まん山ギツネ,,institutional_explanation,,,三重県文化財・民話ウェブサイト,https://www.bunka.pref.mie.lg.jp/minwa/iga/sima/index.htm,www.bunka.pref.mie.lg.jp,,県公開の民話再話。語りの原収録・初出刊行年は未確認。 Locator: 本文、彦太のお美代との遭遇と太助の重箱の段,1,1,,date_unrecorded,registered; direct source recheck pending
source_0278,田代が池の白い龍,,institutional_explanation,,,三重県文化財・民話ウェブサイト,https://www.bunka.pref.mie.lg.jp/minwa/hokusei/hokusei/index.htm,www.bunka.pref.mie.lg.jp,,県公開の民話再話。語りの原収録・初出刊行年は未確認。 Locator: 本文、守り神の名乗りと白い竜の出現の段,1,1,,date_unrecorded,registered; direct source recheck pending
source_0279,蛇池の大蛇,,institutional_explanation,,,三重県文化財・民話ウェブサイト,https://www.bunka.pref.mie.lg.jp/minwa/iga/iga/index.htm,www.bunka.pref.mie.lg.jp,,県公開の民話再話。語りの原収録・初出刊行年は未確認。 Locator: 本文冒頭の大蛇、末尾の娘の変化と弁天祭祀の段,1,1,,date_unrecorded,registered; direct source recheck pending
source_0280,五ケ所浦の牛鬼,,institutional_explanation,,,三重県文化財・民話ウェブサイト,https://www.bunka.pref.mie.lg.jp/minwa/sima/nansei/index.htm,www.bunka.pref.mie.lg.jp,,県公開の民話再話。語りの原収録・初出刊行年は未確認。 Locator: 本文冒頭の洞穴と末尾の城主伝承の段,1,1,,date_unrecorded,registered; direct source recheck pending
source_0281,長島浦のかんからこぼしの親方,,institutional_explanation,,,三重県文化財・民話ウェブサイト,https://www.bunka.pref.mie.lg.jp/minwa/kishu/kiinaga/index.htm,www.bunka.pref.mie.lg.jp,,県公開の民話再話。語りの原収録・初出刊行年は未確認。 Locator: 本文、赤羽川での腕切断と親方の名乗りの段,1,1,,date_unrecorded,registered; direct source recheck pending
source_0282,横山の八大竜王,,institutional_explanation,,,三重県文化財・民話ウェブサイト,https://www.bunka.pref.mie.lg.jp/minwa/sima/ago/index.htm,www.bunka.pref.mie.lg.jp,,県公開の民話再話。語りの原収録・初出刊行年は未確認。 Locator: 本文、竜神石の夢告と横山での祭祀の段,1,1,,date_unrecorded,registered; direct source recheck pending
source_0283,六把野の顔なし地蔵,,institutional_explanation,,,三重県文化財・民話ウェブサイト,https://www.bunka.pref.mie.lg.jp/minwa/hokusei/touin/index.htm,www.bunka.pref.mie.lg.jp,,県公開の民話再話。語りの原収録・初出刊行年は未確認。 Locator: 本文、少女と蛇に顔の一部を貸す段と末尾の祭祀の段,1,1,,date_unrecorded,registered; direct source recheck pending
source_0284,四日市の大入道,,institutional_explanation,,,三重県文化財・民話ウェブサイト,https://www.bunka.pref.mie.lg.jp/minwa/hokusei/yokaiti/index.htm,www.bunka.pref.mie.lg.jp,,県公開の民話再話。語りの原収録・初出刊行年は未確認。 Locator: 本文、首が伸びる場面と祭りのからくり由来の段,1,1,,date_unrecorded,registered; direct source recheck pending
source_0285,(大多喜町)からかさ松の怪,,institutional_explanation,2024-02-19,,千葉県公式ウェブサイト,https://www.pref.chiba.lg.jp/kkbunka/b-shigen/08minwa/ootaki09.html,www.pref.chiba.lg.jp,page-5968,出典表示：広報おおたきNo.413「ふるさと民話さんぽ」斉藤弥四郎。原掲載紙面は未照合。dateは県ページ更新日。 Locator: 「内容」、松への斧入れと正月の祭祀の段,1,1,,,registered; direct source recheck pending
source_0286,(大多喜町)狒狒の田五郎,,institutional_explanation,2024-02-19,,千葉県公式ウェブサイト,https://www.pref.chiba.lg.jp/kkbunka/b-shigen/08minwa/ootaki10.html,www.pref.chiba.lg.jp,page-5998,出典表示：広報おおたきNo.414「ふるさと民話さんぽ」斉藤弥四郎。原掲載紙面は未照合。dateは県ページ更新日。 Locator: 「内容」、行燈を撃つ場面と翌日の老猿確認の段,1,1,,,registered; direct source recheck pending
source_0287,(大多喜町)首切り地蔵,,institutional_explanation,2024-02-19,,千葉県公式ウェブサイト,https://www.pref.chiba.lg.jp/kkbunka/b-shigen/08minwa/ootaki12.html,www.pref.chiba.lg.jp,page-5982,出典表示：広報おおたきNo.416「ふるさと民話さんぽ」斉藤弥四郎。原掲載紙面は未照合。dateは県ページ更新日。 Locator: 「内容」、子どもの帰還と地蔵の二つの呼称の段,1,1,,,registered; direct source recheck pending
source_0288,(大多喜町)法院様と狐つき,,institutional_explanation,2024-02-19,,千葉県公式ウェブサイト,https://www.pref.chiba.lg.jp/kkbunka/b-shigen/08minwa/ootaki16.html,www.pref.chiba.lg.jp,page-5965,出典表示：広報おおたきNo.420「ふるさと民話さんぽ」斉藤弥四郎。原掲載紙面は未照合。dateは県ページ更新日。 Locator: 「内容」、使者狐の名乗りと方法を教える段,1,1,,,registered; direct source recheck pending
source_0289,(大多喜町)青龍権現様と「久保・猿稲」,,institutional_explanation,2024-02-19,,千葉県公式ウェブサイト,https://www.pref.chiba.lg.jp/kkbunka/b-shigen/08minwa/ootaki18.html,www.pref.chiba.lg.jp,page-5999,出典表示：広報おおたきNo.422「ふるさと民話さんぽ」斉藤弥四郎。原掲載紙面は未照合。dateは県ページ更新日。 Locator: 「内容」冒頭の神格説明と猿の稲穂献上の段,1,1,,,registered; direct source recheck pending
source_0290,(大多喜町)石神のモチノキ,,institutional_explanation,2024-02-19,,千葉県公式ウェブサイト,https://www.pref.chiba.lg.jp/kkbunka/b-shigen/08minwa/ootaki19.html,www.pref.chiba.lg.jp,page-5979,出典表示：広報おおたきNo.423「ふるさと民話さんぽ」斉藤弥四郎。原掲載紙面は未照合。dateは県ページ更新日。 Locator: 「内容」、神のいる木の警告と若者のしびれの段,1,1,,,registered; direct source recheck pending
source_0291,(大多喜町)田代滝の機織り姫,,institutional_explanation,2024-02-19,,千葉県公式ウェブサイト,https://www.pref.chiba.lg.jp/kkbunka/b-shigen/08minwa/ootaki26.html,www.pref.chiba.lg.jp,page-5988,出典表示：広報おおたきNo.430「ふるさと民話さんぽ」斉藤弥四郎。原掲載紙面は未照合。dateは県ページ更新日。 Locator: 「内容」、機織り娘の出現と和尚の祈りの段,1,1,,,registered; direct source recheck pending
source_0292,(大多喜町)幽霊沢の天狗,,institutional_explanation,2024-02-19,,千葉県公式ウェブサイト,https://www.pref.chiba.lg.jp/kkbunka/b-shigen/08minwa/ootaki33.html,www.pref.chiba.lg.jp,page-6005,出典表示：広報おおたきNo.437「ふるさと民話さんぽ」斉藤弥四郎。原掲載紙面は未照合。dateは県ページ更新日。 Locator: 「内容」、子どもと赤い顔の天狗の場面,1,1,,,registered; direct source recheck pending
source_0293,(大多喜町)夜泣き石,,institutional_explanation,2024-02-19,,千葉県公式ウェブサイト,https://www.pref.chiba.lg.jp/kkbunka/b-shigen/08minwa/ootaki34.html,www.pref.chiba.lg.jp,page-6002,出典表示：広報おおたきNo.438「ふるさと民話さんぽ」斉藤弥四郎。原掲載紙面は未照合。dateは県ページ更新日。 Locator: 「内容」、犬の鳴き声と二つの呼称の段,1,1,,,registered; direct source recheck pending
source_0294,(大多喜町)星井畑のお稲荷さん,,institutional_explanation,2024-02-19,,千葉県公式ウェブサイト,https://www.pref.chiba.lg.jp/kkbunka/b-shigen/08minwa/ootaki31.html,www.pref.chiba.lg.jp,page-6004,出典表示：広報おおたきNo.435「ふるさと民話さんぽ」斉藤弥四郎。原掲載紙面は未照合。dateは県ページ更新日。 Locator: 「内容」、供え物を食べた後の異変と家族の解釈の段,1,1,,,registered; direct source recheck pending
source_0295,西讃岐昔話集,武田明（編）,primary_or_early_source,1941-06-15,showa,香川県立図書館,https://www.library.pref.kagawa.lg.jp/know/local/local_3001,www.library.pref.kagawa.lg.jp,,武田明編、福家惣衛発行、1941-06-15。1939年度夏季の生徒採集記録を含む。香川県立図書館の全文翻刻。,8,8,,,registered; direct source recheck pending
source_0296,うちなー民話の部屋: マジムンの話,,database_record,,,沖縄県立博物館・美術館,https://okimu.jp/museum/minwa/1582449190/,okimu.jp,47O411541,個別カード「概要」「民話詳細DATA」。話者: 平安座蒲安、記録日: 1987-03-01、話者出身地: 与那城村屋慶名、元テープ: 与那城村T29A07。記録日は伝承の成立年代ではない。,2,2,,date_unrecorded,registered; direct source recheck pending
source_0297,うちなー民話の部屋: イナボーマジューヌ,,database_record,,,沖縄県立博物館・美術館,https://okimu.jp/museum/minwa/1582433045/,okimu.jp,47O200339,個別カード「概要」「民話詳細DATA」。話者: 亀井ナツ、記録日: 1995-09-10、話者出身地: 竹富町字竹富、元テープ: 竹富町字竹富T27A11。記録日は伝承の成立年代ではない。,1,1,,date_unrecorded,registered; direct source recheck pending
source_0298,うちなー民話の部屋: ヤチバー,,database_record,,,沖縄県立博物館・美術館,https://okimu.jp/museum/minwa/1582448974/,okimu.jp,47O411325,個別カード「概要」「民話詳細DATA」。話者: 平安座蒲安、記録日: 1986-12-14、話者出身地: 与那城村屋慶名、元テープ: 与那城村T18B12。記録日は伝承の成立年代ではない。,1,1,,date_unrecorded,registered; direct source recheck pending
source_0299,うちなー民話の部屋: 識名の遺念火,,database_record,,,沖縄県立博物館・美術館,https://okimu.jp/museum/minwa/1582430265/,okimu.jp,47O377090,個別カード「概要」「民話詳細DATA」。話者: 与座ハル、記録日: 1980-03-23、話者出身地: 南風原町津嘉山、元テープ: 南風原町T29A04。記録日は伝承の成立年代ではない。,1,1,,date_unrecorded,registered; direct source recheck pending
source_0300,うちなー民話の部屋: 真玉橋の遺念火,,database_record,,,沖縄県立博物館・美術館,https://okimu.jp/museum/minwa/1582428175/,okimu.jp,47O416555,個別カード「概要」「民話詳細DATA」。話者: 宮城巳知子、記録日: 1994-09-19、話者出身地: 嘉手納町屋良、元テープ: 嘉手納T50A05。記録日は伝承の成立年代ではない。,1,1,,date_unrecorded,registered; direct source recheck pending
source_0301,うちなー民話の部屋: 屋良ムルチのジャー,,database_record,,,沖縄県立博物館・美術館,https://okimu.jp/museum/minwa/1582427238/,okimu.jp,47O235618,個別カード「概要」「民話詳細DATA」。話者: 宮城巳知子、記録日: 1993-08-28、話者出身地: 嘉手納町字屋良、元テープ: 嘉手納T01B01。記録日は伝承の成立年代ではない。,1,1,,date_unrecorded,registered; direct source recheck pending
source_0302,うちなー民話の部屋: 佐久川の亡霊,,database_record,,,沖縄県立博物館・美術館,https://okimu.jp/museum/minwa/1582427484/,okimu.jp,47O235864,個別カード「概要」「民話詳細DATA」。話者: 沢岻安徳、記録日: 1993-08-29、話者出身地: 嘉手納町字野国、元テープ: 嘉手納T13A02。記録日は伝承の成立年代ではない。,1,1,,date_unrecorded,registered; direct source recheck pending
source_0303,うちなー民話の部屋: 綾門大道の生首,,database_record,,,沖縄県立博物館・美術館,https://okimu.jp/museum/minwa/1582449150/,okimu.jp,47O411501,個別カード「概要」「民話詳細DATA」。話者: 宮城マカト、記録日: 1987-03-01、話者出身地: 与那城村与那城、元テープ: 与那城村T26A05。記録日は伝承の成立年代ではない。,1,1,,date_unrecorded,registered; direct source recheck pending
source_0304,うちなー民話の部屋: 千年蛇,,database_record,,,沖縄県立博物館・美術館,https://okimu.jp/museum/minwa/1582444937/,okimu.jp,47O220681,個別カード「概要」「民話詳細DATA」。話者: 松本正夫、記録日: 1983-03-05、話者出身地: 大宜味村田港、元テープ: 大宜味村田港T26A16。記録日は伝承の成立年代ではない。,1,1,,date_unrecorded,registered; direct source recheck pending
source_0305,うちなー民話の部屋: サーターヤー毛の幽霊,,database_record,,,沖縄県立博物館・美術館,https://okimu.jp/museum/minwa/1582425830/,okimu.jp,47O412816,個別カード「概要」「民話詳細DATA」。話者: 伊波増清、記録日: 1982-08-03、話者出身地: 石川市伊波、元テープ: 石川市T29A07。記録日は伝承の成立年代ではない。,1,1,,date_unrecorded,registered; direct source recheck pending
source_0306,秋田の昔話・伝説・世間話: 雪ばば,,database_record,,,秋田県立博物館 口承文芸検索システム,https://www.akihaku.jp/monogatari/show_detail.php?serial_no=330,www.akihaku.jp,database-record-330,個別カード「あらすじ」。カード番号 330、原掲載 秋田むがしこ（1959）pp.58–59、地域原表記/要約中の地名: 南秋田郡五城目町。原掲載本文は未照合。,1,1,,date_unrecorded,registered; direct source recheck pending
source_0307,秋田の昔話・伝説・世間話: カネつけ婆あ,,database_record,,,秋田県立博物館 口承文芸検索システム,https://www.akihaku.jp/monogatari/show_detail.php?serial_no=1413,www.akihaku.jp,database-record-1403,個別カード「あらすじ」。カード番号 1403、原掲載 ひろし爺さまの昔話（1979）pp.299–300、地域原表記/要約中の地名: 本城・大野台（要約中）。原掲載本文は未照合。,1,1,,date_unrecorded,registered; direct source recheck pending
source_0308,秋田の昔話・伝説・世間話: かくし婆,,database_record,,,秋田県立博物館 口承文芸検索システム,https://www.akihaku.jp/monogatari/show_detail.php?serial_no=2843,www.akihaku.jp,database-record-2837,個別カード「あらすじ」。カード番号 2837、原掲載 男鹿五里合民俗誌（1990）pp.388–389、地域原表記/要約中の地名: 琴川（要約中）。原掲載本文は未照合。,1,1,,date_unrecorded,registered; direct source recheck pending
source_0309,秋田の昔話・伝説・世間話: 夜泣き布団,,database_record,,,秋田県立博物館 口承文芸検索システム,https://www.akihaku.jp/monogatari/show_detail.php?serial_no=6537,www.akihaku.jp,database-record-6531,個別カード「あらすじ」。カード番号 6531、原掲載 阿仁町の伝承・民話（1973）pp.97–98、地域原表記/要約中の地名: 三枚。原掲載本文は未照合。,1,1,,date_unrecorded,registered; direct source recheck pending
source_0310,秋田の昔話・伝説・世間話: 柳の霊,,database_record,,,秋田県立博物館 口承文芸検索システム,https://www.akihaku.jp/monogatari/show_detail.php?serial_no=4871,www.akihaku.jp,database-record-4865,個別カード「あらすじ」。カード番号 4865、原掲載 黒甜瑣語（1968（翻刻書。カード併記の原資料年代は1790–1794））pp.48、地域原表記/要約中の地名: 久保田城西・草生津（要約中）。原掲載本文は未照合。,1,1,,date_unrecorded,registered; direct source recheck pending
source_0311,秋田の昔話・伝説・世間話: 窪堰川七曲の主なまず,,database_record,,,秋田県立博物館 口承文芸検索システム,https://www.akihaku.jp/monogatari/show_detail.php?serial_no=2846,www.akihaku.jp,database-record-2840,個別カード「あらすじ」。カード番号 2840、原掲載 太田の昔話と伝説（1990）pp.107–108、地域原表記/要約中の地名: 駒場。原掲載本文は未照合。,1,1,,date_unrecorded,registered; direct source recheck pending
source_0312,秋田の昔話・伝説・世間話: バチ淵のバチ蛇,,database_record,,,秋田県立博物館 口承文芸検索システム,https://www.akihaku.jp/monogatari/show_detail.php?serial_no=1645,www.akihaku.jp,database-record-1635,個別カード「あらすじ」。カード番号 1635、原掲載 大雄村史（2001）pp.1300–1302、地域原表記/要約中の地名: 沼館村。原掲載本文は未照合。,1,1,,date_unrecorded,registered; direct source recheck pending
source_0313,秋田の昔話・伝説・世間話: アンドジの灯,,database_record,,,秋田県立博物館 口承文芸検索システム,https://www.akihaku.jp/monogatari/show_detail.php?serial_no=5769,www.akihaku.jp,database-record-5763,個別カード「あらすじ」。カード番号 5763、原掲載 東由利の民話（第四集）（1985）pp.50–52、地域原表記/要約中の地名: 高屋ー沼。原掲載本文は未照合。,1,1,,date_unrecorded,registered; direct source recheck pending
source_0314,秋田の昔話・伝説・世間話: 金為蔵の亡霊,,database_record,,,秋田県立博物館 口承文芸検索システム,https://www.akihaku.jp/monogatari/show_detail.php?serial_no=5709,www.akihaku.jp,database-record-5703,個別カード「あらすじ」。カード番号 5703、原掲載 ふるさとの心とくらし（1987）pp.120–121、地域原表記/要約中の地名: 本城村。原掲載本文は未照合。,1,1,,date_unrecorded,registered; direct source recheck pending
source_0315,秋田の昔話・伝説・世間話: 悪病の神,,database_record,,,秋田県立博物館 口承文芸検索システム,https://www.akihaku.jp/monogatari/show_detail.php?serial_no=1731,www.akihaku.jp,database-record-1721,個別カード「あらすじ」。カード番号 1721、原掲載 山村民俗誌（1980）pp.96、地域原表記/要約中の地名: 不明。原掲載本文は未照合。,1,1,,date_unrecorded,registered; direct source recheck pending
source_0316,秋田の昔話・伝説・世間話: 怨念の人首,,database_record,,,秋田県立博物館 口承文芸検索システム,https://www.akihaku.jp/monogatari/show_detail.php?serial_no=6823,www.akihaku.jp,database-record-6817,個別カード「あらすじ」。カード番号 6817、原掲載 徳政夜話 翻刻書（2002）pp.70–71、地域原表記/要約中の地名: 不明。原掲載本文は未照合。,1,1,,date_unrecorded,registered; direct source recheck pending
source_0317,秋田の昔話・伝説・世間話: 大病女の幽霊,,database_record,,,秋田県立博物館 口承文芸検索システム,https://www.akihaku.jp/monogatari/show_detail.php?serial_no=6995,www.akihaku.jp,database-record-6989,個別カード「あらすじ」。カード番号 6989、原掲載 伊頭園茶話二の巻（1971（翻刻書。カード併記の原資料年代は1867））pp.132、地域原表記/要約中の地名: 森岡村。原掲載本文は未照合。,1,1,,date_unrecorded,registered; direct source recheck pending
source_0318,かっぱの硯 長井市・米沢市六郷の昔話,,primary_or_early_source,,,東北文教大学短期大学部民話研究センター 民話アーカイブ,https://www.t-bunkyo.ac.jp/library/minwa/archives/kappa/kappa.html,www.t-bunkyo.ac.jp,,公開翻刻の目次および個別本文。各claimのlocatorに話数と本文URLを記録。原刊本・採録年月は未照合。,9,9,,date_unrecorded,registered; direct source recheck pending
source_0319,つゆふじの伝説,安部忠内,primary_or_early_source,,,東北文教大学短期大学部民話研究センター 民話アーカイブ,https://www.t-bunkyo.ac.jp/library/minwa/archives/tsuyufujinodensetsu/tsuyufujinodensetsu.html,www.t-bunkyo.ac.jp,,公開翻刻の目次および個別本文。各claimのlocatorに話数と本文URLを記録。原刊本・採録年月は未照合。,12,12,,date_unrecorded,registered; direct source recheck pending
source_0320,みやざきの言の葉 神話・伝承編,,institutional_explanation,,,宮崎県立図書館,https://www.lib.pref.miyazaki.lg.jp/ct/other000002000/shinwa_densho_hen.pdf,www.lib.pref.miyazaki.lg.jp,,公開PDF。各claimに印刷ページとPDFページを記録。収録された再話の先行資料は未照合。,4,4,,date_unrecorded,registered; direct source recheck pending
source_0321,みやざきの言の葉 民話編,,institutional_explanation,,,宮崎県立図書館,https://www.lib.pref.miyazaki.lg.jp/ct/other000002000/minwa_hen.pdf,www.lib.pref.miyazaki.lg.jp,,公開PDF。各claimに印刷ページとPDFページを記録。収録された再話の先行資料は未照合。,4,4,,date_unrecorded,registered; direct source recheck pending
source_0322,三重県の民話「狐の転居」,,institutional_explanation,,,三重県文化の展示室,https://www.bunka.pref.mie.lg.jp/minwa/hokusei/kiso/index.htm,www.bunka.pref.mie.lg.jp,,県公開の再話本文。原収録・採話年月は未照合。,1,1,,date_unrecorded,registered; direct source recheck pending
source_0323,三重県の民話「生け捕られた雷さま」,,institutional_explanation,,,三重県文化の展示室,https://www.bunka.pref.mie.lg.jp/minwa/hokusei/kuwana/index.htm,www.bunka.pref.mie.lg.jp,,県公開の再話本文。原収録・採話年月は未照合。,1,1,,date_unrecorded,registered; direct source recheck pending
source_0324,三重県の民話「天に昇った龍」,,institutional_explanation,,,三重県文化の展示室,https://www.bunka.pref.mie.lg.jp/minwa/chusei/geino/index.htm,www.bunka.pref.mie.lg.jp,,県公開の再話本文。原収録・採話年月は未照合。,1,1,,date_unrecorded,registered; direct source recheck pending
source_0325,三重県の民話「ダンダラボッチ」,,institutional_explanation,,,三重県文化の展示室,https://www.bunka.pref.mie.lg.jp/minwa/sima/daioh/index.htm,www.bunka.pref.mie.lg.jp,,県公開の再話本文。原収録・採話年月は未照合。,1,1,,date_unrecorded,registered; direct source recheck pending
source_0326,三重県の民話「よきとぎ地蔵」,,institutional_explanation,,,三重県文化の展示室,https://www.bunka.pref.mie.lg.jp/minwa/iga/ayama/index.htm,www.bunka.pref.mie.lg.jp,,県公開の再話本文。原収録・採話年月は未照合。,1,1,,date_unrecorded,registered; direct source recheck pending
source_0327,三重県の民話「六角地蔵」,,institutional_explanation,,,三重県文化の展示室,https://www.bunka.pref.mie.lg.jp/minwa/hokusei/tado/index.htm,www.bunka.pref.mie.lg.jp,,県公開の再話本文。原収録・採話年月は未照合。,1,1,,date_unrecorded,registered; direct source recheck pending
source_0328,三重県の民話「川立ち地蔵の不思議な夢」,,institutional_explanation,,,三重県文化の展示室,https://www.bunka.pref.mie.lg.jp/minwa/hokusei/nagasima/index.htm,www.bunka.pref.mie.lg.jp,,県公開の再話本文。原収録・採話年月は未照合。,1,1,,date_unrecorded,registered; direct source recheck pending
source_0329,三重県の民話「延命地蔵」,,institutional_explanation,,,三重県文化の展示室,https://www.bunka.pref.mie.lg.jp/minwa/chusei/misato/index.htm,www.bunka.pref.mie.lg.jp,,県公開の再話本文。原収録・採話年月は未照合。,1,1,,date_unrecorded,registered; direct source recheck pending
source_0330,三重県の民話「八百比丘尼」,,institutional_explanation,,,三重県文化の展示室,https://www.bunka.pref.mie.lg.jp/minwa/chusei/ano/index.htm,www.bunka.pref.mie.lg.jp,,県公開の再話本文。原収録・採話年月は未照合。,1,1,,date_unrecorded,registered; direct source recheck pending
source_0331,三重県の民話「だんごの好きなおばあさんと狸」,,institutional_explanation,,,三重県文化の展示室,https://www.bunka.pref.mie.lg.jp/minwa/hokusei/daian/index.htm,www.bunka.pref.mie.lg.jp,,県公開の再話本文。原収録・採話年月は未照合。,1,1,,date_unrecorded,registered; direct source recheck pending
source_0332,三重県の民話「ちからの神様」,,institutional_explanation,,,三重県文化の展示室,https://www.bunka.pref.mie.lg.jp/minwa/chusei/meiwa/index.htm,www.bunka.pref.mie.lg.jp,,県公開の再話本文。原収録・採話年月は未照合。,1,1,,date_unrecorded,registered; direct source recheck pending
source_0333,三重県の民話「おれは堀河の孫じゃ」,,institutional_explanation,,,三重県文化の展示室,https://www.bunka.pref.mie.lg.jp/minwa/kishu/udono/index.htm,www.bunka.pref.mie.lg.jp,,県公開の再話本文。原収録・採話年月は未照合。,1,1,,date_unrecorded,registered; direct source recheck pending
source_0334,（大多喜町）犬神さまのたたり,斉藤弥四郎,institutional_explanation,,,千葉県公式ウェブサイト,https://www.pref.chiba.lg.jp/kkbunka/b-shigen/08minwa/ootaki01.html,www.pref.chiba.lg.jp,,県による『広報おおたき』No.405「ふるさと民話さんぽ」再掲。原刊誌面は未照合。,1,1,,date_unrecorded,registered; direct source recheck pending
source_0335,（大多喜町）十市姫と筒森神社,斉藤弥四郎,institutional_explanation,,,千葉県公式ウェブサイト,https://www.pref.chiba.lg.jp/kkbunka/b-shigen/08minwa/ootaki08.html,www.pref.chiba.lg.jp,,県による『広報おおたき』No.412「ふるさと民話さんぽ」再掲。原刊誌面は未照合。,1,1,,date_unrecorded,registered; direct source recheck pending
source_0336,（大多喜町）浄宗寺の『呼びもどしの鐘』,斉藤弥四郎,institutional_explanation,,,千葉県公式ウェブサイト,https://www.pref.chiba.lg.jp/kkbunka/b-shigen/08minwa/ootaki15.html,www.pref.chiba.lg.jp,,県による『広報おおたき』No.419「ふるさと民話さんぽ」再掲。原刊誌面は未照合。,1,1,,date_unrecorded,registered; direct source recheck pending
source_0337,（大多喜町）城山をさまよう武者の魂,斉藤弥四郎,institutional_explanation,,,千葉県公式ウェブサイト,https://www.pref.chiba.lg.jp/kkbunka/b-shigen/08minwa/ootaki27.html,www.pref.chiba.lg.jp,,県による『広報おおたき』No.431「ふるさと民話さんぽ」再掲。原刊誌面は未照合。,1,1,,date_unrecorded,registered; direct source recheck pending
source_0338,（大多喜町）狐にばかされた与太郎,斉藤弥四郎,institutional_explanation,,,千葉県公式ウェブサイト,https://www.pref.chiba.lg.jp/kkbunka/b-shigen/08minwa/ootaki42.html,www.pref.chiba.lg.jp,,県による『広報おおたき』No.446「ふるさと民話さんぽ」再掲。原刊誌面は未照合。,1,1,,date_unrecorded,registered; direct source recheck pending
source_0339,青森県史 民俗編資料津軽 第8章口承文芸 第5節俗信,佐々木達司,institutional_explanation,2014,,青森県史デジタルアーカイブス,https://kenshi-archives.pref.aomori.lg.jp/il/meta_pub/G0000004txt_Fork_MT1_850140,kenshi-archives.pref.aomori.lg.jp,Fork_MT1_850140,青森県史民俗編資料津軽、印刷pp.436–438、項目［妖怪］。各地域の原調査票は未照合。,4,4,,,registered; direct source recheck pending
source_0340,三重県の民話「関の地蔵と一休和尚」,,institutional_explanation,,,三重県文化の展示室,https://www.bunka.pref.mie.lg.jp/minwa/hokusei/seki/index.htm,www.bunka.pref.mie.lg.jp,,県公開の再話本文。原収録・採話年月は未照合。,1,1,,date_unrecorded,registered; direct source recheck pending
source_0341,全国昔話資料集成32 東讃岐昔話集 第一部 武田明編 1～35話,武田明・谷原博信編,primary_or_early_source,1979-10-05,,香川県立図書館,https://www.library.pref.kagawa.lg.jp/know/local/local_3004-2,www.library.pref.kagawa.lg.jp,,印刷pp.16–79。1979年刊行本の図書館翻刻。原本画像・採話年月は未照合。,1,1,,,registered; direct source recheck pending
source_0342,やまもと風土記,,institutional_explanation,1984-11,,香川県立図書館,https://www.library.pref.kagawa.lg.jp/know/local/local_3009,www.library.pref.kagawa.lg.jp,,山本町刊行の民話・町誌抄録を図書館が翻刻。各話の先行出典・採話年月は個別に要照合。,3,3,,,registered; direct source recheck pending
source_0343,全国昔話資料集成9 西讃岐地方昔話集 前編,武田明編,primary_or_early_source,1975-01-30,,香川県立図書館,https://www.library.pref.kagawa.lg.jp/know/local/local_3002-2,www.library.pref.kagawa.lg.jp,,印刷pp.58–59。1975年刊行本の図書館翻刻。原本画像・採話年月は未照合。,3,3,,,registered; direct source recheck pending
source_0344,印西市の民話 お鶴とこま犬,,institutional_explanation,,,千葉県,https://www.pref.chiba.lg.jp/kkbunka/b-shigen/08minwa/inzai04.html,www.pref.chiba.lg.jp,page-6017,「内容」「出典・問い合わせ先」。印西町民話集『光堂の竜』を出典とする県公開再話。原本未照合。,1,1,,date_unrecorded,registered; direct source recheck pending
source_0345,印西市の民話 草深原の狐,,institutional_explanation,,,千葉県,https://www.pref.chiba.lg.jp/kkbunka/b-shigen/08minwa/inzai01.html,www.pref.chiba.lg.jp,page-6013,「内容」「出典・問い合わせ先」。印西町民話集『光堂の竜』を出典とする県公開再話。原本未照合。,1,1,,date_unrecorded,registered; direct source recheck pending
source_0346,印西市の民話 光堂の竜,,institutional_explanation,,,千葉県,https://www.pref.chiba.lg.jp/kkbunka/b-shigen/08minwa/inzai02.html,www.pref.chiba.lg.jp,page-6015,「内容」「出典・問い合わせ先」。印西町民話集『光堂の竜』を出典とする県公開再話。原本未照合。,1,1,,date_unrecorded,registered; direct source recheck pending
source_0347,茨城の民話Webアーカイブ「おさん狐と勇吉じいさんの話」,染谷萬千子,database_record,2000-10-31,,茨城県,https://www.bunkajoho.pref.ibaraki.jp/minwa/minwa/no-0800100007?f=1,www.bunkajoho.pref.ibaraki.jp,0800100007,個別レコード「原文」；原掲載『ふるさとの昔ばなし』p.7。dateは原掲載本刊行日。原本PDF画像未照合。,1,1,,,registered; direct source recheck pending
source_0348,茨城の民話Webアーカイブ「鷹をつれ戻した紋三郎狐」,染谷萬千子,database_record,2000-10-31,,茨城県,https://www.bunkajoho.pref.ibaraki.jp/minwa/minwa/no-0800100036?f=1,www.bunkajoho.pref.ibaraki.jp,0800100036,個別レコード「原文」；原掲載『ふるさとの昔ばなし』p.36。dateは原掲載本刊行日。原本PDF画像未照合。,1,1,,,registered; direct source recheck pending
source_0349,茨城の民話Webアーカイブ「華蔵院の猫」,染谷萬千子,database_record,2000-10-31,,茨城県,https://www.bunkajoho.pref.ibaraki.jp/minwa/minwa/no-0800100020?f=1,www.bunkajoho.pref.ibaraki.jp,0800100020,個別レコード「原文」；原掲載『ふるさとの昔ばなし』p.20。dateは原掲載本刊行日。原本PDF画像未照合。,1,1,,,registered; direct source recheck pending
source_0350,茨城の民話Webアーカイブ「女化の原の白狐」,染谷萬千子,database_record,2000-10-31,,茨城県,https://www.bunkajoho.pref.ibaraki.jp/minwa/minwa/no-0800100016?f=1,www.bunkajoho.pref.ibaraki.jp,0800100016,個別レコード「原文」；原掲載『ふるさとの昔ばなし』p.16。dateは原掲載本刊行日。原本PDF画像未照合。,1,1,,,registered; direct source recheck pending
source_0351,茨城の民話Webアーカイブ「笠間城の大蛇」,染谷萬千子,database_record,2000-10-31,,茨城県,https://www.bunkajoho.pref.ibaraki.jp/minwa/minwa/no-0800100068?f=1,www.bunkajoho.pref.ibaraki.jp,0800100068,個別レコード「原文」；原掲載『ふるさとの昔ばなし』p.68。dateは原掲載本刊行日。原本PDF画像未照合。,1,1,,,registered; direct source recheck pending
source_0352,茨城の民話Webアーカイブ「龍神山の女竜」,染谷萬千子,database_record,2000-10-31,,茨城県,https://www.bunkajoho.pref.ibaraki.jp/minwa/minwa/no-0800100138?f=1,www.bunkajoho.pref.ibaraki.jp,0800100138,個別レコード「原文」；原掲載『ふるさとの昔ばなし』p.138。dateは原掲載本刊行日。原本PDF画像未照合。,1,1,,,registered; direct source recheck pending
source_0353,茨城の民話Webアーカイブ「常光寺沼の竜」,染谷萬千子,database_record,2000-10-31,,茨城県,https://www.bunkajoho.pref.ibaraki.jp/minwa/minwa/no-0800100169?f=1,www.bunkajoho.pref.ibaraki.jp,0800100169,個別レコード「原文」；原掲載『ふるさとの昔ばなし』p.169。dateは原掲載本刊行日。原本PDF画像未照合。,1,1,,,registered; direct source recheck pending
source_0354,茨城の民話Webアーカイブ「佐野子の河童」,染谷萬千子,database_record,2000-10-31,,茨城県,https://www.bunkajoho.pref.ibaraki.jp/minwa/minwa/no-0800100195?f=1,www.bunkajoho.pref.ibaraki.jp,0800100195,個別レコード「原文」；原掲載『ふるさとの昔ばなし』p.195。dateは原掲載本刊行日。原本PDF画像未照合。,1,1,,,registered; direct source recheck pending
source_0355,茨城の民話Webアーカイブ「十の字むじな」,染谷萬千子,database_record,2000-10-31,,茨城県,https://www.bunkajoho.pref.ibaraki.jp/minwa/minwa/no-0800100221?f=1,www.bunkajoho.pref.ibaraki.jp,0800100221,個別レコード「原文」；原掲載『ふるさとの昔ばなし』p.221。dateは原掲載本刊行日。原本PDF画像未照合。,1,1,,,registered; direct source recheck pending
source_0356,茨城の民話Webアーカイブ「おこん狐と泥田の酒盛り」,染谷萬千子,database_record,2000-10-31,,茨城県,https://www.bunkajoho.pref.ibaraki.jp/minwa/minwa/no-0800100028?f=1,www.bunkajoho.pref.ibaraki.jp,0800100028,個別レコード「原文」；原掲載『ふるさとの昔ばなし』p.28。dateは原掲載本刊行日。原本PDF画像未照合。,1,1,,,registered; direct source recheck pending
source_0357,海老名市「白椿の精」,,institutional_explanation,2018-02-28,,海老名市,https://www.city.ebina.kanagawa.jp/shisei/profile/tankyusha/minwa/mukashi1/1000720.html,www.city.ebina.kanagawa.jp,1000720,本文：国分薬師の白椿と茶店の娘、針の場面。末尾に『こどもえびなむかしばなし第1集より』と表示；原冊未照合。dateはWeb更新日。,1,1,,,registered; direct source recheck pending
source_0358,海老名市「のぞき小僧」,,institutional_explanation,2018-02-28,,海老名市,https://www.city.ebina.kanagawa.jp/shisei/profile/tankyusha/minwa/mukashi1/1000724.html,www.city.ebina.kanagawa.jp,1000724,本文：大谷観音堂天井の小僧、建物撤去後の記述。末尾に『こどもえびなむかしばなし第2集より』と表示；原冊未照合。dateはWeb更新日。,1,1,,,registered; direct source recheck pending
source_0359,海老名市「水飲み竜」,,institutional_explanation,2018-02-28,,海老名市,https://www.city.ebina.kanagawa.jp/shisei/profile/tankyusha/minwa/mukashi1/1000722.html,www.city.ebina.kanagawa.jp,1000722,本文：下大谷観音堂の竜彫刻、池、目に釘を打つ場面。末尾に『こどもえびなむかしばなし第1集より』と表示；原冊未照合。dateはWeb更新日。,1,1,,,registered; direct source recheck pending
source_0360,海老名市「有鹿姫」,,institutional_explanation,2018-02-28,,海老名市,https://www.city.ebina.kanagawa.jp/shisei/profile/tankyusha/minwa/mukashi6/1000817.html,www.city.ebina.kanagawa.jp,1000817,本文：相模川への入水・大蛇への変化・有鹿姫の名を贈る場面。末尾に『こどもえびなむかしばなし第4集より』と表示；原冊未照合。dateはWeb更新日。,1,1,,,registered; direct source recheck pending
source_0361,海老名市「大塚っ原の雪女郎」,,institutional_explanation,2018-02-28,,海老名市,https://www.city.ebina.kanagawa.jp/shisei/profile/tankyusha/minwa/mukashi5/1000796.html,www.city.ebina.kanagawa.jp,1000796,本文：大塚屋での一夜と朝の寝具の段落。原掲載本の書誌は未確認。dateはWeb更新日。,1,1,,,registered; direct source recheck pending
source_0362,海老名市「社家の三島社の神木と大蛇」,,institutional_explanation,2018-02-28,,海老名市,https://www.city.ebina.kanagawa.jp/shisei/profile/tankyusha/minwa/mukashi2/1000735.html,www.city.ebina.kanagawa.jp,1000735,本文：神木の大蛇・女性失踪に関する村人の推測・神木の火災。末尾に『こどもえびなむかしばなし第1集より』と表示；原冊未照合。dateはWeb更新日。,1,1,,,registered; direct source recheck pending
source_0363,秋田のがんばる集落応援サイト「能恵姫伝説」,,institutional_explanation,2016-03,,秋田県,https://common3.pref.akita.lg.jp/genkimura/archive/contents-788,common3.pref.akita.lg.jp,contents-788,本文：白蛇による姫の連れ去りと竜神に仕える説明。参考文献欄に『湯澤市史』；本文未照合。dateはサイト掲載月。,2,2,,,registered; direct source recheck pending
source_0364,秋田のがんばる集落応援サイト「手長足長伝説」,,institutional_explanation,,,秋田県,https://common3.pref.akita.lg.jp/genkimura/archive/contents-536,common3.pref.akita.lg.jp,contents-536,本文：三崎山の怪物と慈覚大師の段落。参考文献欄に『復刊本 郷土』ほか；本文未照合。サイトの掲載年表記『平成31(2018)年』に不整合があるためdate未確定。,1,1,,date_unrecorded,registered; direct source recheck pending
source_0365,長和町「不聞どうろく神」PDF,,institutional_explanation,,,長和町,https://www.town.nagawa.nagano.jp/material/files/group/3/kikazudourokujin.pdf,www.town.nagawa.nagano.jp,,PDF pp.1–4：道祖神信仰、孫の耳の話、不聞どうろくじんの呼称。町の一覧は出典を『長門昔ばなし』（1978年刊）とする；原冊未照合。PDF自体の公開日未確認。,1,1,,date_unrecorded,registered; direct source recheck pending
source_0366,上三川町立図書館デジタルアーカイブ「ねずみ観音」,,institutional_explanation,,,上三川町立図書館,https://adeac.jp/kaminokawa-lib/top/minwa/minwa1-1.html,adeac.jp,,「ねずみ観音」テキスト形式シーン1–11、特にシーン10–11。原採録資料・公開日は未確認。,1,1,,date_unrecorded,registered; direct source recheck pending
source_0367,和歌山県文化情報アーカイブ「琴の滝の牛鬼」,,institutional_explanation,,,和歌山県文化情報アーカイブ,https://wave.pref.wakayama.lg.jp/bunka-archive/minwa/40.html,wave.pref.wakayama.lg.jp,,本文「琴の滝の牛鬼」；出典表示は『すさみ町誌下巻』（すさみ町発行）。原冊の頁・刊年は未照合。,1,1,,date_unrecorded,registered; direct source recheck pending
source_0368,和歌山県文化情報アーカイブ「白良浜の甲羅法師」,,institutional_explanation,,,和歌山県文化情報アーカイブ,https://wave.pref.wakayama.lg.jp/bunka-archive/minwa/37.html,wave.pref.wakayama.lg.jp,,本文「白良浜の甲羅法師」；出典表示は『熊野古道大辺路の民話』（和歌山県西牟婁振興局発行）。原冊の頁・刊年は未照合。,1,1,,date_unrecorded,registered; direct source recheck pending
source_0369,和歌山県文化情報アーカイブ「瀞の主」,,institutional_explanation,,,和歌山県文化情報アーカイブ,https://wave.pref.wakayama.lg.jp/bunka-archive/minwa/47.html,wave.pref.wakayama.lg.jp,,本文「瀞の主」；出典表示は『紀州民話の旅』（和歌山県発行）。原冊の頁・刊年は未照合。,1,1,,date_unrecorded,registered; direct source recheck pending
source_0370,和歌山県文化情報アーカイブ「国主淵の生き面」,,institutional_explanation,,,和歌山県文化情報アーカイブ,https://wave.pref.wakayama.lg.jp/bunka-archive/minwa/10.html,wave.pref.wakayama.lg.jp,,本文「国主淵の生き面」中、龍宮岩・大蛇の説明と桜井刑部の対決；出典表示は『貴志川町史』（貴志川町発行）。原冊の頁・刊年は未照合。,1,1,,date_unrecorded,registered; direct source recheck pending
source_0371,和歌山県文化情報アーカイブ「おはらはん」,,institutional_explanation,,,和歌山県文化情報アーカイブ,https://wave.pref.wakayama.lg.jp/bunka-archive/minwa/02.html,wave.pref.wakayama.lg.jp,,本文「おはらはん」中、紀ノ川河口の大蛇と身体を三分して祀る段落；出典表示は『ふるさとをたずねて（むかし話Ⅰ）』（海南市教育委員会発行）。原冊の頁・刊年は未照合。,1,1,,date_unrecorded,registered; direct source recheck pending
source_0372,和歌山県文化情報アーカイブ「住持池 室家の桂姫とのまつわり」,,institutional_explanation,,,和歌山県文化情報アーカイブ,https://wave.pref.wakayama.lg.jp/bunka-archive/minwa/06.html,wave.pref.wakayama.lg.jp,,本文「住持池 室家の桂姫とのまつわり」中、婚礼行列・大蛇・二匹の大蛇の段落；出典表示は『岩出町誌』（岩出町発行）。原冊の頁・刊年は未照合。,2,2,,date_unrecorded,registered; direct source recheck pending
source_0373,和歌山県文化情報アーカイブ「狸々の話」,,institutional_explanation,,,和歌山県文化情報アーカイブ,https://wave.pref.wakayama.lg.jp/bunka-archive/minwa/35.html,wave.pref.wakayama.lg.jp,,本文「狸々の話」中、天神崎で娘が名乗り釣糸を渡す段落；出典表示は『熊野古道大辺路の民話』（和歌山県西牟婁振興局発行）。原冊の頁・刊年は未照合。,1,1,,date_unrecorded,registered; direct source recheck pending
source_0374,和歌山県文化情報アーカイブ「枕がえし」,,institutional_explanation,,,和歌山県文化情報アーカイブ,https://wave.pref.wakayama.lg.jp/bunka-archive/minwa/31.html,wave.pref.wakayama.lg.jp,,本文「枕がえし」中、小又川のもみの木・小人・枕を返す段落；出典表示は『龍神の民話』（龍神村教育委員会発行）。原冊の頁・刊年は未照合。,1,1,,date_unrecorded,registered; direct source recheck pending
source_0375,和歌山県文化情報アーカイブ「巨人の足跡」,,institutional_explanation,,,和歌山県文化情報アーカイブ,https://wave.pref.wakayama.lg.jp/bunka-archive/minwa/07.html,wave.pref.wakayama.lg.jp,,本文「巨人の足跡」中、最初峯・高野・大台原の地形由来譚；出典表示は『打田町の民話と伝説』（打田町教育委員会発行）。原冊の頁・刊年は未照合。,1,1,,date_unrecorded,registered; direct source recheck pending
source_0376,和歌山県文化情報アーカイブ「てんぐ徳兵衛」,,institutional_explanation,,,和歌山県文化情報アーカイブ,https://wave.pref.wakayama.lg.jp/bunka-archive/minwa/38.html,wave.pref.wakayama.lg.jp,,本文「てんぐ徳兵衛」中、行方不明・天狗の術・てんぐの徳兵衛の呼称と祠の段落；出典表示は『熊野古道大辺路の民話』（和歌山県西牟婁振興局発行）。原冊の頁・刊年は未照合。,1,1,,date_unrecorded,registered; direct source recheck pending
source_0377,長和町公開「蓼科山と甲賀三郎」,,institutional_explanation,,,長和町,https://www.town.nagawa.nagano.jp/material/files/group/3/tateshina_kogasaburo.pdf,www.town.nagawa.nagano.jp,,PDF pp.1–3。冒頭に『長門昔ばなし』第1集よりと表示。原冊そのものの本文・刊年は未照合。,1,1,,date_unrecorded,registered; direct source recheck pending
source_0378,長和町公開「鳥羽山の古狐」,,institutional_explanation,,,長和町,https://www.town.nagawa.nagano.jp/material/files/group/3/tobayama_furukitsune.pdf,www.town.nagawa.nagano.jp,,PDF pp.1–4。冒頭に『長門昔ばなし』第2集よりと表示。原冊そのものの本文・刊年は未照合。,1,1,,date_unrecorded,registered; direct source recheck pending
source_0379,長和町公開「小豆とぎの女」,,institutional_explanation,,,長和町,https://www.town.nagawa.nagano.jp/material/files/group/3/azukitogi_onna.pdf,www.town.nagawa.nagano.jp,,PDF pp.1–3。冒頭に『長門昔ばなし』第2集よりと表示。原冊そのものの本文・刊年は未照合。,1,1,,date_unrecorded,registered; direct source recheck pending
source_0380,長和町公開「かぎ引き石と河童の池」,,institutional_explanation,,,長和町,https://www.town.nagawa.nagano.jp/material/files/group/3/kagihikiishi_kappa.pdf,www.town.nagawa.nagano.jp,,PDF pp.1–3。冒頭に『長門昔ばなし』第1集よりと表示。原冊そのものの本文・刊年は未照合。,1,1,,date_unrecorded,registered; direct source recheck pending
source_0381,水俣市公開『みなまたの伝説・民話』,,institutional_explanation,,,水俣市,https://www.city.minamata.lg.jp/common/upload/freearea/4_151_418_up_5iuqwmik.pdf,www.city.minamata.lg.jp,,PDF pp.20–21『龍王物語』、p.37、p.56、p.59『鉄砲撃ちと化け猫』、pp.63–66の各項目。市の案内は1997年刊の新水俣市史「民族・人物編」からの紹介と記す。原冊の該当頁は未照合。,9,9,,date_unrecorded,registered; direct source recheck pending
source_0382,京都市左京区役所「鞍馬山竹伐り会式」,,institutional_explanation,2007-12-17,,京都市左京区役所,https://www.city.kyoto.lg.jp/sakyo/page/0000024251.html,www.city.kyoto.lg.jp,page-24251,本文「月日：6月20日　場所：鞍馬寺」直下の伝説説明段落。掲載日は伝説の発生年代ではない。,2,2,,,registered; direct source recheck pending
source_0383,東北文教大学図書館「なら梨とり」13「狐退治」,,institutional_catalog,,,東北文教大学図書館,https://www.t-bunkyo.ac.jp/library/minwa/archives/naranasitori/text/13.html,www.t-bunkyo.ac.jp,,個別翻刻13「狐退治」本文および末尾の語り手表示「大橋 三瓶ちの」。採録・公開年は未確認。,1,1,,date_unrecorded,registered; direct source recheck pending
source_0384,高知市春野郷土資料館「はるの昔ばなし」,,institutional_explanation,,,高知市春野郷土資料館,https://www.city.kochi.kochi.jp/deeps/20/2019/muse/hanashi/hanashi.html,www.city.kochi.kochi.jp,,個別話本文。各claimに話数と個別URLを記録。サイトは1974–1978年の広報連載をまとめた1980年刊冊子を基にし、ふりがな・注釈は後補と説明する。原冊・広報は未照合。,7,7,,date_unrecorded,registered; direct source recheck pending
source_0385,島根県「Kwaidan／八雲とセツが紡いだ怪談」,,institutional_explanation,,,島根県 シマネスク119,https://www.pref.shimane.lg.jp/admin/seisaku/koho/esque/2021/shimanesuque119/2.html,www.pref.shimane.lg.jp,,「松江に伝わる怪談の舞台」内の各見出し。2021年のシマネスク119号掲載。引用される八雲著作は本Corpusでは未直接照合。,3,3,,date_unrecorded,registered; direct source recheck pending
source_0386,山口県文書館 平成24年度第12回資料小展示「牛を殺す怪獣『シイ』のこと」,,institutional_explanation,,,山口県文書館,https://archives.pref.yamaguchi.lg.jp/events/exhibition/h24/,archives.pref.yamaguchi.lg.jp,,第12回資料小展示の説明段落。2013-03-01～03-28の展示会期は資料刊行年や伝承成立年ではない。紹介される『大和本草』『防長故事年表』本文は未照合。,1,1,,date_unrecorded,registered; direct source recheck pending
source_0387,九戸村「民話（オドデ様の話・荒谷のきつね・銚子の雨堤みetc.）」,,institutional_explanation,,,九戸村役場,https://vill.kunohe.iwate.jp/docs/255.html,vill.kunohe.iwate.jp,,本文のオドデ様を説明する段落。参照先『九戸村の民話』原冊は未照合。,1,1,,date_unrecorded,registered; direct source recheck pending
source_0388,花巻市「河童の証文」,,institutional_explanation,2021-03-31,,花巻市／大迫小学校,https://www.city.hanamaki.iwate.jp/kosodate_kyoiku/kyoiku/sho_chugakko/website/1001550/1013983/1013988/1014000.html,www.city.hanamaki.iwate.jp,page-1014000,見出し「河童の証文（口碑伝記：第一集）」以下の掲載本文。『口碑伝記』原冊は未照合。,1,1,,,registered; direct source recheck pending
source_0389,花巻市「亀ケ森玄蕃の兜神」,,institutional_explanation,2021-03-31,,花巻市／大迫小学校,https://www.city.hanamaki.iwate.jp/kosodate_kyoiku/kyoiku/sho_chugakko/website/1001550/1013983/1013988/1013998.html,www.city.hanamaki.iwate.jp,page-1013998,見出し「亀ケ森玄蕃の兜神（亀ケ森村誌抄）」以下の掲載本文。『亀ケ森村誌』原冊は未照合。,1,1,,,registered; direct source recheck pending
source_0390,秋田県「あきた元気ムラ：新玉の池」,,institutional_explanation,2014-05,,秋田県 あきた元気ムラ,https://common3.pref.akita.lg.jp/genkimura/archive/contents-409,common3.pref.akita.lg.jp,,本文の大蛇伝説を説明する2段落。参考文献『男鹿中誌』『男鹿の昔ばなし』原冊は未照合。,1,1,,,registered; direct source recheck pending
source_0391,北九州市「夜宮の森にまつわるお話」,,institutional_explanation,2025-12-15,,北九州市戸畑区役所,https://www.city.kitakyushu.lg.jp/tobata/file_0007.html,www.city.kitakyushu.lg.jp,page-000010167,本文の産婆おトラばあさまと狐の出産譚。出典表示「民話と伝説マップ『北九州むかしばなし』より抜粋」。原冊は未照合。,1,1,,,registered; direct source recheck pending
source_0392,高橋郁丸「潟の伝承・書籍調査報告２」,高橋郁丸,research_article,,,新潟市潟環境研究所,https://www.city.niigata.lg.jp/kurashi/kankyo/kataken/kataken_kankoubutsu.files/H29takahashi06.pdf,www.city.niigata.lg.jp,,平成29年度『新潟市潟環境研究所研究成果報告書』掲載、印刷頁59–82（PDF 1–24頁）。既刊書から約140話を要約した報告で、引用原冊は未照合。,11,11,,date_unrecorded,registered; direct source recheck pending
source_0393,色麻町「かっぱ伝説」,,institutional_explanation,2021-02-12,,色麻町生涯学習課,https://www.town.shikama.miyagi.jp/soshiki/shakai_kyoiku/8/458.html,www.town.shikama.miyagi.jp,,本文「かっぱ伝説」の腕と河童膏を交換する段落。Web最終更新2024-04-12。原伝承の採録年は未確認。,1,1,,,registered; direct source recheck pending
source_0394,上市町ホームページ昔話　大蛇のお話,,institutional_explanation,2026-04-01,,上市町教育委員会事務局,https://www.town.kamiichi.toyama.jp/page/2033.html,www.town.kamiichi.toyama.jp,ページID 0002033,「つぶら池（浅生）」「浅生の釜池（浅生）」「滝橋の大蛇（釈泉寺）」「大滝の大蛇（大岩）」各節。原掲載・採録年代は未確認。,2,2,,,registered; direct source recheck pending
source_0395,上市町ホームページ昔話　怪物と動物のお話,,institutional_explanation,2026-04-01,,上市町教育委員会事務局,https://www.town.kamiichi.toyama.jp/page/2034.html,www.town.kamiichi.toyama.jp,ページID 0002034,「かっぱのガンザブロウ（蓬沢）」節。原掲載・採録年代は未確認。,1,1,,,registered; direct source recheck pending
source_0396,15.伝説「狐の話」,,institutional_explanation,2023-03-05,,下田市教育委員会生涯学習課,https://www.city.shimoda.shizuoka.jp/category/050201densetsu/111212.html,www.city.shimoda.shizuoka.jp,,「狐の話」冒頭、横川・加増野間の明かりの段落。市ページは『下田市の民話と伝説 第2集』より転載と明記。原冊は未照合。,1,1,,,registered; direct source recheck pending
source_0397,夜空を焦がす竜の炎！800年続く「火まつり」守山2神社で催行（勝部・住吉の火まつり）,,institutional_explanation,2026-01-15,,滋賀県知事公室広報課,https://www.pref.shiga.lg.jp/ab00/23243.html,www.pref.shiga.lg.jp,ページID 23243,「祭の起源～天皇平癒伝説～」節。伝説の年代と広報記事の更新年は別。,1,1,,,registered; direct source recheck pending
source_0398,迦葉山天狗面,,institutional_explanation,2025-03-07,,群馬県地域企業支援課,https://www.pref.gunma.jp/site/kougei/690381.html,www.pref.gunma.jp,,本文冒頭、中峰と天狗面信仰を説明する段落。約540年前は県の伝承説明であり初出年ではない。,1,1,,,registered; direct source recheck pending
source_0399,文書館動物記「3 伝承の中の動物たち」,,institutional_explanation,,,山口県文書館,https://archives.pref.yamaguchi.lg.jp/user_data/upload/File/doubutsu18.pdf,archives.pref.yamaguchi.lg.jp,,第10回中国四国地区アーカイブズウィーク資料、PDF 1頁、猿猴伝承の②猿猴石・③萩長蔵寺。引用された『防長風土注進案』『御国廻御行程記』は未照合。,2,2,,date_unrecorded,registered; direct source recheck pending
source_0400,自然「滝・渓谷」龍門の滝,,institutional_explanation,2016-04-01,,栃木県,https://www.pref.tochigi.lg.jp/c05/intro/tochigiken/hakken/shizen4_10.html,www.pref.tochigi.lg.jp,,本文、女釜・男釜と大蛇伝説を説明する段落。伝承採録年代は未確認。,1,1,,,registered; direct source recheck pending
source_0401,九万坊大権現　高徳山　桃雲寺,,institutional_explanation,,,高徳山桃雲寺,https://www.koutokuzan-tonji9.com/,www.koutokuzan-tonji9.com,,「九万坊尊について」内「九万坊大権現」。寺院自身による信仰・伝承解説。歴史年代は原資料未照合。,1,1,,date_unrecorded,registered; direct source recheck pending
source_0402,豊後高田の仏像十選（ぶんごたかだ文化財ライブラリー vol.4）,,institutional_catalog,,,豊後高田市教育委員会,https://www.city.bungotakada.oita.jp/uploaded/attachment/5567.pdf,www.city.bungotakada.oita.jp,,「木造太郎天及二童子立像」、本文9-10頁（PDF 10-11頁）。10頁に胎内墨書写真を掲載。原物自体は未照合。,1,1,,date_unrecorded,registered; direct source recheck pending
source_0403,姫島七不思議、キツネ踊り、姫島車えび。伝説の姫島で神秘体験する旅へ,,institutional_explanation,2022-09-14,,edit Oita（大分県）,https://edit.pref.oita.jp/series/island-guide/2648/,edit.pref.oita.jp,,「姫島七不思議２『浮田』」。記事は後世の紹介であり伝承の成立年代は不明。,1,1,,,registered; direct source recheck pending
source_0404,海軍の遺構眠る舞鶴・蛇島　中世には山城も,,institutional_explanation,2024-04-17,,京都府 CO-KYOTO,https://www.pref.kyoto.jp/co-kyoto/special/240417.html,www.pref.kyoto.jp,,「【戦国期】海上交通の要所『蛇島城』」内、島名と大蛇伝説の段落。海の京都Timesの2023-02-16記事を転載。,1,1,,,registered; direct source recheck pending
source_0405,滝特集：涼を感じにでかけよう♪あいちの滝14選,,institutional_explanation,2025-06-10,,Aichi Now（愛知県公式観光サイト）,https://aichinow.pref.aichi.jp/features/detail/148/,aichinow.pref.aichi.jp,,「二畳ヶ滝」「言い伝えの残る神聖な滝」の段落。,1,1,,,registered; direct source recheck pending
source_0406,ナガジン 光源寺取材メモ,,institutional_explanation,,,長崎市,https://www.city.nagasaki.lg.jp/nagazine/hakken0111/17/index.html,www.city.nagasaki.lg.jp,,取材メモ2「今に伝わる民話…産女（うぐめ）の幽霊（飴屋の幽霊）」,1,1,,date_unrecorded,registered; direct source recheck pending
source_0407,幽霊博物館,,institutional_explanation,,,融通念佛宗総本山 大念佛寺,https://www.dainenbutsuji.com/schedule/museum/,www.dainenbutsuji.com,,「亡女（もうにょ）の片袖 幽霊博物館の所以」,1,1,,date_unrecorded,registered; direct source recheck pending
source_0408,第104回県史だより,,institutional_explanation,,,鳥取県立公文書館,https://www.pref.tottori.lg.jp/223202.htm,www.pref.tottori.lg.jp,,「資料紹介【第13回】：伝説の狐『経蔵坊』を祀る神社」。2014年末号と読めるが日付未確認。,1,1,,date_unrecorded,registered; direct source recheck pending
source_0409,63.曽地山左近稲荷神社 (32),,institutional_explanation,2020-06-23,,丹波篠山市,https://www.city.tambasasayama.lg.jp/photo_history/2/bunkazai_hubutu_huzoku/tabasasayamakankoupoint/tanbasasayamagojusantugi/13966.html,www.city.tambasasayama.lg.jp,,本文第3段落。『丹波篠山五十三次ガイド（改定版）』（1995年8月）からの転載。,1,1,,,registered; direct source recheck pending
source_0410,天狗の隠れ蓑（智頭町波多）,,database_record,,,鳥取県立博物館,https://www.pref.tottori.lg.jp/272554.htm,www.pref.tottori.lg.jp,,「語り」冒頭2段落。1979-10-05に智頭町波多で採集。採集日は公開日ではない。,1,1,,date_unrecorded,registered; direct source recheck pending
source_0411,東筑摩郡生坂村大字北陸郷字大倉地区,,institutional_explanation,2023-01-31,,長野県建設部砂防課,https://www.pref.nagano.lg.jp/sabo/manabu/chizu-yomitoku-ookura.html,www.pref.nagano.lg.jp,,「伝承」「大岩」。1977年『生坂村誌 歴史・民俗編』からの紹介で昭和4年・曽根原秀吉の記述を引用。原本未確認。,2,2,,,registered; direct source recheck pending
source_0412,川辺川魅力創造事業,,institutional_explanation,2024-04,,相良村,https://www.vill.sagara.lg.jp/dl?q=6054_filelib_eaad081c9a9fc4c254385e0b22e64248.pdf,www.vill.sagara.lg.jp,,p.32「5.2.2 地域の特性」「(3) 河童の墓」。現地看板を説明する村の報告書。,1,1,,,registered; direct source recheck pending
source_0413,［企画展］となりのモノノケ,,institutional_explanation,,,石川県立図書館,https://www.library.pref.ishikawa.lg.jp/shosho/curation/KIKAKUTEN0009,www.library.pref.ishikawa.lg.jp,,「石川の妖怪たち①」猿鬼・ムジナ。2025年企画展の解説であり、紹介された伝承の原掲載資料は未確認。,3,3,,date_unrecorded,registered; direct source recheck pending
source_0414,とやま水マップ[小矢部川流域圏の水文化の概要],,institutional_explanation,2021-02-24,,富山県,https://www.pref.toyama.jp/1711/kurashi/kankyoushizen/kankyou/mizu/chisui/map/gaiyou_oyabegawa.html,www.pref.toyama.jp,,「縄が池伝説」。県の水文化紹介であり、伝説の原掲載資料は未確認。,1,1,,,registered; direct source recheck pending
source_0415,奈義町の伝説,,institutional_explanation,2021-07-27,,奈義町,https://www.town.nagi.okayama.jp/gyousei/chousei/shoukai/shoukai/densetsu.html,www.town.nagi.okayama.jp,,「三穂太郎（さんぶたろう）物語」。歴史上のモデルと伝説上の巨人の同一性はこのページだけでは確定しない。,1,1,,,registered; direct source recheck pending
source_0416,和良,,institutional_explanation,2025-12-12,,岐阜県道路維持課,https://www.pref.gifu.lg.jp/page/2198.html,www.pref.gifu.lg.jp,,「蛇穴（じゃあな）」。道の駅紹介に添えられた地域伝説。,1,1,,,registered; direct source recheck pending
source_0417,小山市の文化財（天然記念物）,,institutional_explanation,2026-07-10,,小山市,https://www.city.oyama.tochigi.jp/kankou-bunka/rekishi_bunka/bunkazai/page000036.html,www.city.oyama.tochigi.jp,P-36,「公孫樹」概要。1803年・文政期の文献記述は木についてであり、姫君の霊の記述とは分ける。,1,1,,,registered; direct source recheck pending
source_0418,郷土の先人―小学校道徳―（英語対訳版）,,institutional_explanation,2023-10,,鹿児島県教育委員会,https://www.pref.kagoshima.jp/ba04/kyoiku-bunka/school/kyodo/documents/109456_20231225132543-1.pdf,www.pref.kagoshima.jp,,8「住吉池の大蛇（民話）」、PDF 10–12頁。2017年の別資料に異なる退治筋があり同一伝承系列は未確認。,1,1,,,registered; direct source recheck pending
source_0419,収蔵文書展「災害を語る歴史資料」1－2（1）,,institutional_explanation,2020-06-02,,広島県立文書館,https://www.pref.hiroshima.lg.jp/site/monjokan/saigai-sub01-02-01.html,www.pref.hiroshima.lg.jp,,「辻治光著『実伝蛇王池物語』」の解説。所蔵資料198910-1509。『陰徳太平記』本文・辻作品本文はこの登録で直接照合していない。,1,1,,,registered; direct source recheck pending
source_0420,東北自然歩道「新 奥の細道」コースナンバー25のご案内,,institutional_explanation,2014-03-13,,福島県自然保護課,https://www.pref.fukushima.lg.jp/sec/16035b/touhokushizenhodou-25.html,www.pref.fukushima.lg.jp,,「コースガイド」主な見どころ、雄国沼・水神森の記述。オロニョンと祠の沼神の同一性は未確認。,1,1,,,registered; direct source recheck pending
source_0421,谷山市誌 第八編 民俗,,primary_or_early_source,1967-03,,鹿児島市,https://www.city.kagoshima.lg.jp/kikakuzaisei/kikaku/seisaku-s/shise/shokai/shishi/documents/2012510162043.pdf,www.city.kagoshima.lg.jp,,第八編「民俗」第八節「伝説と民話」二「民話」、印刷頁1097「皇徳寺の大蛇」、1102「白玉姫」、1105「とっさあどん」（PDF 126、131、134頁）。伝承の採録年月は不明。,3,3,,,registered; direct source recheck pending
source_0422,安曇・筑摩両郡旧俗伝（『信府統記』第十七）［翻刻］,鈴木重武・三井弘篤（編）,primary_or_early_source,,edo,松本市文書館／信州地域史料アーカイブ,https://adeac.jp/shinshu-chiiki/texthtml/d100040-mh043200/mh043200/ht032030,adeac.jp,mh043200（河辺家文書112）,『信府統記』第十七「筑摩・安曇両郡旧俗伝」翻刻表示頁4–8。所蔵写本の書写年は目録に記載なし。目録の内容年は享保9年（1724）。,4,4,,date_unrecorded,registered; direct source recheck pending
source_0423,癒しの国の妖しのものがたり―紀州熊野 妖しのすぽっと巡り,,institutional_explanation,2015-03,,和歌山県 日高・西牟婁・東牟婁振興局,https://www.pref.wakayama.lg.jp/prefg/130600/kikakunishi/ayashi/ayashitop.html,www.pref.wakayama.lg.jp,,分割公開PDF「一つだたら・肉吸い」印刷頁17–18、および「牛鬼・岩かじり」印刷頁23–24。県の掲載ページから各PDFへリンク。元の民話集・採録資料は直接照合していない。,3,3,,,registered; direct source recheck pending
source_0424,Web版佐賀の昔話（タイトル一覧・あらすじ）,,database_record,,,佐賀県立図書館,https://www2.tosyo-saga.jp/kentosyo/web-mukashibanashi/title.html,www2.tosyo-saga.jp,,No.23『川の神様の贈り物』、No.27『杵島山の松の精と三弦弾きの娘』、No.59『月見草の花嫁』、No.69『猫と和尚さん』、No.90『ミソゴロドンの有明海干拓』のあらすじ。原掲載本文・採話年月は未照合。,5,5,,date_unrecorded,registered; direct source recheck pending
source_0425,猪苗代町史 第2集 民俗編,猪苗代町史編さん委員会（編）,primary_or_early_source,1979,,福島県（デジタル公開）／猪苗代町史出版委員会（刊行）,https://www.pref.fukushima.lg.jp/uploaded/attachment/57934.pdf,www.pref.fukushima.lg.jp,,第十一章「昔話と伝説」第二節「伝説」印刷頁621–622「木地小屋村の大蛇」、印刷頁624「大恩寺の化け灯籠」。PDF 329–331頁（全477頁、1始まり）。前者は誌面に「資料ふるさと夜話より」と記載されるが、元資料は未照合。,2,2,,,registered; direct source recheck pending
source_0426,鼻取り地蔵,,institutional_explanation,,,三島市郷土資料館,https://www.city.mishima.shizuoka.jp/page/1320.html,www.city.mishima.shizuoka.jp,ページID 0001320,本文「鼻取り地蔵」段落1–8。現在のウェブページ更新日は2026-02-05であり、伝承の成立年代ではない。,1,1,source_0426; source_0455,duplicate_url; date_unrecorded,registered; direct source recheck pending
source_0427,三島市文化財一覧（光安寺 鼻取り地蔵）,,institutional_catalog,,,静岡県オープンデータ／三島市,https://opendata.pref.shizuoka.jp/dataset/9877/resource/67550/content.html,opendata.pref.shizuoka.jp,BB2220620058,Cultural_property表、ID BB2220620058「光安寺 鼻取り地蔵」。,1,1,,date_unrecorded,registered; direct source recheck pending
source_0428,[39] 唯願寺とシブナシカヤ,,institutional_explanation,2010-10-01,,大垣市,https://www.city.ogaki.lg.jp/0000019601.html,www.city.ogaki.lg.jp,ページ番号 19601,「概要」第1段落、唯願寺の大蛇の化身である母親の伝説。ページ掲載日は伝承の成立年代ではない。,1,1,,,registered; direct source recheck pending
source_0429,稲沢のむかしばなし 井堀の大蛇（稲沢市井堀町）,,institutional_explanation,2019-01-25,,稲沢市教育委員会事務局生涯学習課,https://www.city.inazawa.aichi.jp/0000002550.html,www.city.inazawa.aichi.jp,ページID 2550,本文「井堀の大蛇」大蛇発見から祀り込みまで。dateはページ更新日であり伝承成立年ではない。,1,1,,,registered; direct source recheck pending
source_0430,稲沢のむかしばなし 片目のへび（稲沢市矢合町）,,institutional_explanation,2019-01-25,,稲沢市教育委員会事務局生涯学習課,https://www.city.inazawa.aichi.jp/0000002606.html,www.city.inazawa.aichi.jp,ページID 2606,本文「片目のへび」導入および結末。dateはページ更新日であり物語内の戦の年代ではない。,1,1,,,registered; direct source recheck pending
source_0431,稲沢のむかしばなし むじなたぬき（稲沢市法花寺町）,,institutional_explanation,2019-01-25,,稲沢市教育委員会事務局生涯学習課,https://www.city.inazawa.aichi.jp/0000002545.html,www.city.inazawa.aichi.jp,ページID 2545,本文「むじなたぬき」導入と田吾作・与作の段落。dateはページ更新日であり伝承成立年ではない。,1,1,,,registered; direct source recheck pending
source_0432,桔梗の前,,institutional_explanation,2021-10-01,,船橋市西図書館,https://www.lib.city.funabashi.lg.jp/viewer/info.html?g=24&id=212&idSubTop=2,www.lib.city.funabashi.lg.jp,ページ番号 P-000212,本文第2段落。dateは図書館ページ掲載日であり伝承成立年ではない。,1,1,,,registered; direct source recheck pending
source_0433,稲沢のむかしばなし たん地蔵（稲沢市中野町）,,institutional_explanation,2019-01-25,,稲沢市教育委員会事務局生涯学習課,https://www.city.inazawa.aichi.jp/0000002537.html,www.city.inazawa.aichi.jp,ページID 2537,本文「たん地蔵」石の発見から呼称成立まで。dateはページ更新日であり伝承成立年ではない。,1,1,,,registered; direct source recheck pending
source_0434,稲沢のむかしばなし 夜泣き地蔵（稲沢市片原一色町）,,institutional_explanation,2019-01-25,,稲沢市教育委員会事務局生涯学習課,https://www.city.inazawa.aichi.jp/0000002612.html,www.city.inazawa.aichi.jp,ページID 2612,本文「夜泣き地蔵」夜の声から呼称成立まで。dateはページ更新日であり伝承成立年ではない。,1,1,,,registered; direct source recheck pending
source_0435,清水地域の三留町の伝承,,institutional_explanation,2009-05-25,,福井市,https://www.city.fukui.lg.jp/kankou/kankou/jouhou/introduce_shimizu-den-mitome.html,www.city.fukui.lg.jp,ページ番号 018002,2「宝尾山の大蛇」。dateは市ページ最終更新日。原本として示す『清水町のむかしばなし』（旧清水町、1986年8月）は未照合。,1,1,,,registered; direct source recheck pending
source_0436,中ノ俣集落 猫又伝説,,institutional_explanation,2020-12-25,,上越市文化行政課,https://www.city.joetsu.niigata.jp/soshiki/bunkagyousei/chikinotakara-r2-no25.html,www.city.joetsu.niigata.jp,地域の宝 認定番号25,「実際にあった話として伝わる妖怪伝説」第1・2段落。dateは市ページ更新日であり、伝説の天和3年とは別。古文書本文は未照合。,1,1,,,registered; direct source recheck pending
source_0437,みなまたの民話「底なし沼と逃げ口」,,institutional_explanation,2017-06-20,,水俣市,https://www.city.minamata.lg.jp/kiji003883/index.html,www.city.minamata.lg.jp,ページID 883,本文の大蛇への呼びかけと出現の段落。dateは市ページ最終更新日。出典表示の『水俣市史「民族・人物編」』原冊は未照合。,1,1,,,registered; direct source recheck pending
source_0438,一寸坊の墓,,institutional_explanation,2016-06-29,,みやこ町,https://www.town.miyako.lg.jp/kyoutsuu/kankou/minwa/issunnbounohaka.html,www.town.miyako.lg.jp,,伝承本文の小松ヶ池の大蛇・一寸坊の出生と名付けの段落。dateは町ページ更新日。出典表示の『勝山町史』原冊は未照合。,2,2,,,registered; direct source recheck pending
source_0439,みなまたの民話「金神どん」,,institutional_explanation,2017-06-20,,水俣市,https://www.city.minamata.lg.jp/kiji003880/index.html,www.city.minamata.lg.jp,ページID 880,本文冒頭から石の移動・祭祀まで。dateはページ更新日。表示上の出典『水俣市史「民族・人物編」』原冊は未照合。,1,1,,,registered; direct source recheck pending
source_0440,みなまたの民話「三番曲りの古狸」,,institutional_explanation,2017-06-20,,水俣市,https://www.city.minamata.lg.jp/kiji003888/index.html,www.city.minamata.lg.jp,ページID 888,本文冒頭および男が翌朝山中で目覚める段落。dateはページ更新日。表示上の出典『水俣市史「民族・人物編」』原冊は未照合。,1,1,,,registered; direct source recheck pending
source_0441,河童相撲,,institutional_explanation,2016-06-29,,みやこ町,https://www.town.miyako.lg.jp/kyoutsuu/kankou/minwa/kappazumou.html,www.town.miyako.lg.jp,,本文、光冨の男とカワントンの相撲および供物・子ども相撲の段落。dateは町ページ更新日。表示上の出典『豊津町史』原冊は未照合。,1,1,,,registered; direct source recheck pending
source_0442,鬼神伝説,,institutional_explanation,,,弘前市立自得小学校・弘前市,https://www.city.hirosaki.aomori.jp/school/jitoku/2014-1127-kisinn-denndetu.html,www.city.hirosaki.aomori.jp,,「鬼神伝説」本文、弥十郎と鬼の相撲・堰・鬼神社の段落。URLの数字を刊行日とは扱わない。,1,1,,date_unrecorded,registered; direct source recheck pending
source_0443,市長のやまがた自慢「阿古耶の松」,,institutional_explanation,2021-09-28,,山形市,https://www.city.yamagata-yamagata.lg.jp/shiseijoho/shicho/1006787/1006788/1005517.html,www.city.yamagata-yamagata.lg.jp,ページ番号1005517,本文、名取左衛門太郎と阿古耶姫の段落。dateは市Webページ更新日。『広報やまがた』掲載日は2020-11-01。原誌現物は未照合。,1,1,,,registered; direct source recheck pending
source_0444,転輪寺の飯縄権現像,,institutional_explanation,2024-06-17,,上越市,https://www.city.joetsu.niigata.jp/site/cultural-property/cultural-property-city196.html,www.city.joetsu.niigata.jp,,「徴証・伝来」第1–3段落。dateは市ページ更新日。像の制作年代は未確認。,1,1,,,registered; direct source recheck pending
source_0445,岩手の名のおこり,,institutional_explanation,2019-02-20,,岩手県,https://www.pref.iwate.jp/kensei/profile/1000647.html,www.pref.iwate.jp,ページ番号1000647,本文、三つの大石への信仰と羅刹鬼を縛る段落。dateは県ページ更新日。原伝承の採録年は未確認。,2,2,,,registered; direct source recheck pending
source_0446,久路土のいぼ神様,末吉育子,institutional_explanation,,,豊前市,https://www.city.buzen.lg.jp/kanko/miru/documents/001.pdf,www.city.buzen.lg.jp,,PDF pp.1–3。p.1に久路土のいぼ神様への祈願、pp.2–3に家来と領主のいぼの場面。PDFの掲載・採話年は未確認。,1,1,,date_unrecorded,registered; direct source recheck pending
source_0447,白蛇の恩返し,,institutional_explanation,2015-09-16,,南房総市,https://www.city.minamiboso.chiba.jp/0000001313.html,www.city.minamiboso.chiba.jp,ID:1313,本文、蛇喰の姫が白蛇を供養し、その霊が後の住民を守るとする段落。dateは市ページ更新日。,1,1,,,registered; direct source recheck pending
source_0448,閻魔大王（えんまだいおう）の首,,institutional_explanation,2015-09-16,,南房総市,https://www.city.minamiboso.chiba.jp/0000001265.html,www.city.minamiboso.chiba.jp,ID:1265,本文、漂着した像の首を久枝村に持ち帰り安置してからの恵みを述べる段落。dateは市ページ更新日。,1,1,,,registered; direct source recheck pending
source_0449,No.303 福岡のばけもの,,institutional_explanation,,,福岡市博物館,https://museum.city.fukuoka.jp/archives/leaflet/303/index.html,museum.city.fukuoka.jp,企画展示 No.303,「1、ばけもの大集合」の「穂波郡の老婆の妖怪」「上座郡の野女」。2007年展示の解説であり『怪奇談絵詞』原本画像は未照合。,4,4,,date_unrecorded,registered; direct source recheck pending
source_0450,熊地蔵(押切),,institutional_explanation,,,熊谷市立江南文化財センター,https://www.kumagaya-bunkazai.jp/museum/dokusyo/mukasibanasi/04-02.htm,www.kumagaya-bunkazai.jp,,「熊地蔵(押切)」本文、願掛けと夜泣きの段落。,1,1,,date_unrecorded,registered; direct source recheck pending
source_0451,大うなぎ（久下・新川）,,institutional_explanation,,,熊谷市立江南文化財センター,https://www.kumagaya-bunkazai.jp/museum/dokusyo/mukasibanasi/09-12.htm,www.kumagaya-bunkazai.jp,,「大うなぎ（久下・新川）」本文、大水の二場面と末尾の祭祀。『熊谷市史』『ふるさとのはなし』よりと明記。,1,1,,date_unrecorded,registered; direct source recheck pending
source_0452,文殊寺の獅子(野原),,institutional_explanation,,,熊谷市立江南文化財センター,https://www.kumagaya-bunkazai.jp/museum/dokusyo/mukasibanasi/09-05.htm,www.kumagaya-bunkazai.jp,,「文殊寺の獅子(野原)」本文、獅子の外出と後脚を切る場面。,1,1,,date_unrecorded,registered; direct source recheck pending
source_0453,我如古の化け猫（シマグチ）,,database_record,,,沖縄県立博物館・美術館,https://okimu.jp/museum/minwa/1582418582/,okimu.jp,47O416861,個別カード「概要」「民話詳細DATA」。話者: 島田キヨ、記録日: 1978-06-11、話者出身地: 宜野湾市野嵩。記録日は伝承成立年ではない。,1,1,,date_unrecorded,registered; direct source recheck pending
source_0454,猫の恩返し(米子市今在家),,database_record,,,鳥取県立博物館／とりネット,https://www.pref.tottori.lg.jp/266707.htm,www.pref.tottori.lg.jp,,「語り」本文、タマの変身と大ネズミ退治の段落。1995-04-22米子市今在家採集と表示されるが、語り手の出身地は日吉津村で伝承地は未確定。,1,1,,date_unrecorded,registered; direct source recheck pending
source_0455,鼻取り地蔵,,institutional_explanation,2026-02-05,,三島市郷土資料館,https://www.city.mishima.shizuoka.jp/page/1320.html,www.city.mishima.shizuoka.jp,ページID:0001320,本文、田仕事を手伝う小僧の段落と、足跡が光安寺の地蔵像へ続く結末。dateは市ページ更新日で伝承の成立年ではない。,1,1,source_0426; source_0455,duplicate_url,registered; direct source recheck pending
source_0456,黒金座主と北谷王子（シマグチ混）,,database_record,,,沖縄県立博物館・美術館,https://okimu.jp/museum/minwa/1582449180/,okimu.jp,47O411531,個別カード「概要」「民話詳細DATA」。話者: 平安座蒲安、記録日: 1987-03-01。話者は父から聞いた断片と後で読んだ本を組み合わせて語ったとする。記録日は伝承成立年ではない。,1,1,,date_unrecorded,registered; direct source recheck pending
source_0457,大原狐（大原地域）,,institutional_explanation,2023-06-07,,熊谷市中央公民館,https://www.city.kumagaya.lg.jp/about/soshiki/kyoiku/tiikikouminkan/oohara.html,www.city.kumagaya.lg.jp,,本文『大原狐』の狐が女に化ける場面から結末。明治六、七年頃は語りの舞台設定であり掲載年ではない。,1,1,,,registered; direct source recheck pending
source_0458,大沼と白蛇伝説（江南地域）,,institutional_explanation,2023-05-31,,熊谷市中央公民館,https://www.city.kumagaya.lg.jp/about/soshiki/kyoiku/tiikikouminkan/oonuma.html,www.city.kumagaya.lg.jp,,本文の弁天島の祠と白蛇出現の言い伝えを記す段落。沼の工事年は伝承成立年ではない。,1,1,,,registered; direct source recheck pending
source_0459,大幡の昔話,門倉新,institutional_explanation,2006,,熊谷市中央公民館,https://www.city.kumagaya.lg.jp/about/soshiki/kyoiku/kumagayatyuokominkan/index.files/mukasibanasi.pdf,www.city.kumagaya.lg.jp,熊谷市公協だより 第44号（平成18年）からの掲載,公開PDF 1頁、蛇の首を切る場面から大蛇に追われる結末。2006年は参照元の刊行年で伝承の発生年代ではない。,1,1,,,registered; direct source recheck pending
source_0460,出葉屋の婆さん,,primary_or_early_source,,,出雲かんべの里 民話館,https://kanbenosato.com/minwa/249/,kanbenosato.com,民話の部屋 249,語り本文の火の玉の出現から古猫の正体が示される結末、解説。語り手は隠岐郡知夫村多沢の小泉ハナ。解説は1975年6月聴取と記す。聴取地は物語の舞台を確定しない。,1,1,,date_unrecorded,registered; direct source recheck pending
source_0461,エンコウの恩返し,,primary_or_early_source,,,出雲かんべの里 民話館,https://kanbenosato.com/minwa/368/,kanbenosato.com,民話の部屋 368,語り本文の井原川で馬の尾についたエンコウを捕らえ、子どもを襲わない約束をする段落。語り手は邑智郡邑南町井原の柘植忠義。ページの収録日『昭和59年8月52日』は不正な日付のため未採用。,1,1,,date_unrecorded,registered; direct source recheck pending
source_0462,４・牛が峰,,institutional_explanation,,,新温泉町文化財室・浜坂先人記念館,https://www.town.shinonsen.hyogo.jp/page/?mode=detail&page_id=4006e5965bd9f831a6cbbf2eb86e35d4,www.town.shinonsen.hyogo.jp,,本文前半、水汲みの小僧を呑む大蛇と藁人形を呑む場面。参考文献として1972年『郷土の民話-但馬篇-』と1984年『但馬・温泉町の民話と伝説』を列記するが原掲載本文は未照合。,1,1,,date_unrecorded,registered; direct source recheck pending
source_0463,１１・お城山のケイゾウ坊,,institutional_explanation,,,新温泉町文化財室・浜坂先人記念館,https://www.town.shinonsen.hyogo.jp/page/?mode=detail&page_id=1f34d95c5e462b221bd01929466fce38,www.town.shinonsen.hyogo.jp,,本文冒頭の因幡国の三兄弟狐、前半の赤テヌグイと医者、末尾のオトン女郎と油商人。参考文献1967年・1984年のどちらに各挿話が由来するかは未照合。,2,2,,date_unrecorded,registered; direct source recheck pending
source_0464,２・鐘尾のガイダ婆,,institutional_explanation,,,新温泉町文化財室・浜坂先人記念館,https://www.town.shinonsen.hyogo.jp/page/?mode=detail&page_id=5fb2408459fd2a396352ec5c74971cdd,www.town.shinonsen.hyogo.jp,,本文後半、白毛の狼をガイダ婆と呼ぶ場面と、治郎兵衛の妻が狼に変わる結末。参考文献として1972年『郷土の民話-但馬篇-』と1984年『但馬・温泉町の民話と伝説』を列記するが原掲載本文は未照合。,1,1,,date_unrecorded,registered; direct source recheck pending
source_0465,鬼神太夫（2007年青森菱友会ねぶた）,竹浪比呂央,institutional_explanation,,,青森ねぶた祭オフィシャルサイト／青森観光コンベンション協会,https://www.nebuta.jp/archive/nebuta/2007ryouyuukai.html,www.nebuta.jp,2007ryouyuukai,見出し『鬼神太夫』直下の作品解説、若者の来訪・龍が刀を鍛える場面・十腰内の結末。作品の題材説明であり原伝承の採録本文ではない。,1,1,,date_unrecorded,registered; direct source recheck pending
source_0466,青森県史民俗編資料津軽 第8章 口承文芸 第2節 伝説,花部英雄,research_article,2014,,青森県史デジタルアーカイブス,https://kenshi-archives.pref.aomori.lg.jp/il/meta_pub/G0000004txt_Fork_MT1_820210,kenshi-archives.pref.aomori.lg.jp,Fork_MT1_820210,pp.410–411『2 津軽の伝説（1）文化叙事伝説』［巨人］・［聖者］の各段。,3,3,,,registered; direct source recheck pending
source_0467,今に伝わる地域の伝説,,institutional_explanation,,,新潟市中地区公民館,https://www.city.niigata.lg.jp/kosodate/manabishogaku/search/shisetsu/kakukominkan/naka/naka/higashikurekishimap.files/8_densetsu.pdf,www.city.niigata.lg.jp,,PDF p.1 下部『お三ギツネ』の項、河渡の松林、医師の出産介助と後日の狐穴の段落。末尾に『新潟古老雑話』『新潟市の伝説』『大形史』を参考文献として挙げるが原典は未照合。,1,1,,date_unrecorded,registered; direct source recheck pending
source_0468,那智勝浦町：一つたたら,,institutional_explanation,,,和歌山県文化情報アーカイブ,https://wave.pref.wakayama.lg.jp/bunka-archive/minwa/44.html,wave.pref.wakayama.lg.jp,minwa/44,本文冒頭の一つたたらの姿と被害、後半の刑部による退治。出典として和歌山県西牟婁振興局『熊野古道大辺路の民話』を掲げるが原掲載冊子は未照合。永享七年は作中年代として扱う。,1,1,,date_unrecorded,registered; direct source recheck pending
source_0469,茨城の民話Webアーカイブ「天狗にさらわれた子供」,染谷萬千子,database_record,2000-10-31,,茨城県,https://www.bunkajoho.pref.ibaraki.jp/minwa/minwa/no-0800100103?f=1,www.bunkajoho.pref.ibaraki.jp,0800100103,個別レコード『原文』の東金砂山・天地坊の段落。原掲載『ふるさとの昔ばなし』p.103。dateは原掲載本刊行日。原本スキャン未照合。,1,1,,,registered; direct source recheck pending
source_0470,茨城の民話Webアーカイブ「武田池の狐」,染谷萬千子,database_record,2000-10-31,,茨城県,https://www.bunkajoho.pref.ibaraki.jp/minwa/minwa/no-0800100207?f=1,www.bunkajoho.pref.ibaraki.jp,0800100207,個別レコード『原文』後半、才三郎狐・おまん狐・鮭売りと命名の別説。原掲載『ふるさとの昔ばなし』p.207。dateは原掲載本刊行日。原本スキャン未照合。,1,1,,,registered; direct source recheck pending
source_0471,茨城の民話Webアーカイブ「船主が沼の主に」,染谷萬千子,database_record,2000-10-31,,茨城県,https://www.bunkajoho.pref.ibaraki.jp/minwa/minwa/no-0800100123?f=1,www.bunkajoho.pref.ibaraki.jp,0800100123,個別レコード『原文』、孫左衛門の願いから弁財天による大蛇への変化、母に姿を見られる段落。原掲載『ふるさとの昔ばなし』p.123。dateは原掲載本刊行日。原本スキャン未照合。,1,1,,,registered; direct source recheck pending
source_0472,かどまの民話「おさの狐」,,institutional_explanation,2019-10-31,,門真市,https://www.city.kadoma.osaka.jp/soshiki/shiminbunkabu/shogaigakushuka/4/2/3/2809.html,www.city.kadoma.osaka.jp,,本文の柳町・高橋、女性への変化、信太山への移動の段落。出典表示は門真市PTA協議会母親代表委員会（平成14年度）『かどまの民話』。dateはウェブ更新日で原掲載本の刊行日ではない。,1,1,,,registered; direct source recheck pending
source_0473,天白の民話と昔話,,institutional_explanation,2025-10-17,,名古屋市天白区,https://www.city.nagoya.jp/tempaku/miryoku/1025781/1025783.html,www.city.nagoya.jp,page_id_1025783,節「狐の嫁さん」「尾崎白左衛門」。前者の出典表示は名古屋市刊『名古屋の伝説』、後者は愛知県郷土資料刊行会『天白区の歴史』。両原本の頁・刊行年は未照合。dateはウェブ更新日。,2,2,,,registered; direct source recheck pending
source_0474,たぬきの民話・伝説,,institutional_explanation,2009-08-01,,小松島市,https://www.city.komatsushima.lg.jp/docs/2120.html,www.city.komatsushima.lg.jp,,見出し「神社・祠」以下の各小見出し。dateはウェブ掲載日。伝承の成立年代・原掲載資料は未確認。,5,5,,,registered; direct source recheck pending
source_0475,秋田の昔話・伝説・世間話 口承文芸検索システム「狐にだまされた話」,,database_record,1993-03,,秋田県立博物館,https://www.akihaku.jp/monogatari/show_detail.php?serial_no=5570,www.akihaku.jp,record_5564,個別カード番号5564「狐にだまされた話」の「あらすじ」末尾。原掲載『男鹿の昔ばなし』（男鹿市教育委員会、1993年3月）pp.84–85、原本未照合。dateは原掲載本の年月。,1,1,,,registered; direct source recheck pending
source_0476,秋田の昔話・伝説・世間話 口承文芸検索システム「狐と狸の化けくらべ」,,database_record,1992-10-10,,秋田県立博物館,https://www.akihaku.jp/monogatari/show_detail.php?serial_no=442,www.akihaku.jp,record_442,個別カード番号442の冒頭文・結末文・あらすじ。原掲載 野添憲治編『秋田・阿仁町高堰昔話集』（民話と文学の会、1992年）pp.116–120、原本未照合。dateは原掲載本刊行日。,2,2,,,registered; direct source recheck pending
source_0477,秋田の昔話・伝説・世間話 口承文芸検索システム「サン子とオクノの化けくらべ」,,database_record,1974-08-31,,秋田県立博物館,https://www.akihaku.jp/monogatari/show_detail.php?serial_no=6618,www.akihaku.jp,record_6612,個別カード番号6612「あらすじ」。原掲載『阿仁町の伝承・民話』第三集（阿仁町教育委員会、1974年）pp.23–24、原本未照合。dateは原掲載本刊行日。,1,1,,,registered; direct source recheck pending
source_0478,文化遺産オンライン「甑島のトシドン」,,institutional_explanation,,,文化庁・文化遺産オンライン,https://online.bunka.go.jp/heritages/detail/136687,online.bunka.go.jp,heritage_136687,「概要」「解説」。文化財指定日1977-05-17は伝承発生年代ではない。,1,1,,date_unrecorded,registered; direct source recheck pending
source_0479,鹿児島県「硫黄島八朔太鼓踊り」,,institutional_explanation,2021-12-07,,鹿児島県,https://www.pref.kagoshima.jp/ab10/kyoiku-bunka/bunka/museum/shichoson/mishima/hassakutaikoodori.html,www.pref.kagoshima.jp,,本文第3段落（メンドンの説明）。dateはページ更新日であり伝承発生年代ではない。,1,1,,,registered; direct source recheck pending
source_0480,文化遺産オンライン「悪石島のボゼ」,,institutional_explanation,,,文化庁・文化遺産オンライン,https://online.bunka.go.jp/special_content/intangible/209809,online.bunka.go.jp,intangible_209809,「主情報」「解説」。文化財指定日2017-03-03は伝承発生年代ではない。,1,1,,date_unrecorded,registered; direct source recheck pending
source_0481,文化遺産オンライン「吉浜のスネカ」,,institutional_explanation,,,文化庁・文化遺産オンライン,https://online.bunka.go.jp/heritages/detail/200426,online.bunka.go.jp,heritage_200426,「概要」「解説」。指定日2004-02-06は伝承発生年代ではない。,1,1,,date_unrecorded,registered; direct source recheck pending
source_0482,文化遺産オンライン「見島のカセドリ」,,institutional_explanation,,,文化庁・文化遺産オンライン,https://online.bunka.go.jp/heritages/detail/189512,online.bunka.go.jp,heritage_189512,「概要」「解説」。指定日2003-02-20は伝承発生年代ではない。,1,1,,date_unrecorded,registered; direct source recheck pending
source_0483,文化遺産オンライン「遊佐のアマハゲ」,,institutional_explanation,,,文化庁・文化遺産オンライン,https://online.bunka.go.jp/heritages/detail/199906,online.bunka.go.jp,heritage_199906,「概要」「解説」。選定日1979-12-07は伝承発生年代ではない。,1,1,,date_unrecorded,registered; direct source recheck pending
source_0484,文化遺産オンライン「能登のアマメハギ」,,institutional_explanation,,,文化庁・文化遺産オンライン,https://online.bunka.go.jp/heritages/detail/170125,online.bunka.go.jp,heritage_170125,「概要」「解説」。指定日1979-02-03は伝承発生年代ではない。,1,1,,date_unrecorded,registered; direct source recheck pending
source_0485,文化遺産オンライン「能代のナゴメハギ」,,institutional_explanation,,,文化庁・文化遺産オンライン,https://online.bunka.go.jp/heritages/detail/170285,online.bunka.go.jp,heritage_170285,「概要」「解説」。選定日1981-12-24は伝承発生年代ではない。,1,1,,date_unrecorded,registered; direct source recheck pending
source_0486,日文研怪異・妖怪伝承DBカード 0910002（家高荒治郎『木曾樵談（一）』）,家高荒治郎,database_record,1934-05-15,,国際日本文化研究センター,https://www.nichibun.ac.jp/cgi-bin/YoukaiDB3/youkai_card.cgi?ID=0910002,www.nichibun.ac.jp,0910002,カード0910002の書誌・要約。原掲載：『信濃』第1次3巻5号、pp.18–20。原掲載本文は未照合。dateは原掲載刊行日。,1,1,,,registered; direct source recheck pending
source_0487,日文研怪異・妖怪伝承DBカード C1040210-000（井田安雄『群馬の伝説の代表例』）,井田安雄,database_record,1982-03-31,,国際日本文化研究センター,https://www.nichibun.ac.jp/cgi-bin/YoukaiDB3/youkai_card.cgi?ID=C1040210-000,www.nichibun.ac.jp,C1040210-000,カードC1040210-000の書誌・要約。原掲載：『群馬県史 資料編27 民俗3』p.796。原掲載本文は未照合。dateは原掲載刊行日。,1,1,,,registered; direct source recheck pending
source_0488,日文研怪異・妖怪伝承DBカード 2010001（浜田武夫『お種と三太郎』）,浜田武夫,database_record,1952-01-09,,国際日本文化研究センター,https://www.nichibun.ac.jp/cgi-bin/YoukaiDB3/youkai_card.cgi?ID=2010001,www.nichibun.ac.jp,2010001,カード2010001の書誌・要約。原掲載：『伯耆文化』6号、p.7。原掲載本文は未照合。dateは原掲載刊行日。,1,1,,,registered; direct source recheck pending
source_0489,日文研怪異・妖怪伝承DBカード 1070353（中央大学民俗研究会『石川県石川郡鳥越村 調査報告書』）,中央大学民俗研究会,database_record,1986-04-01,,国際日本文化研究センター,https://www.nichibun.ac.jp/cgi-bin/YoukaiDB3/youkai_card.cgi?ID=1070353,www.nichibun.ac.jp,1070353,カード1070353の書誌・要約。原掲載：『常民』22号、p.91。原掲載本文は未照合。dateは原掲載刊行日。,1,1,,,registered; direct source recheck pending
source_0490,日文研怪異・妖怪伝承DBカード C0730386-000（和田文夫『橋に関する伝説』）,和田文夫,database_record,1967-03-31,,国際日本文化研究センター,https://www.nichibun.ac.jp/YoukaiCard/C0730386-000.html,www.nichibun.ac.jp,C0730386-000,カードC0730386-000の書誌・要約。原掲載：『福島県史 24 民俗2』pp.577–579。カードは『磐城の水の伝説』を引用文献として記す。原掲載本文は未照合。dateは原掲載刊行日。,1,1,,,registered; direct source recheck pending
source_0491,和歌山県文化情報アーカイブ「仙八と山おじ」,,institutional_explanation,,,和歌山県文化情報アーカイブ,https://wave.pref.wakayama.lg.jp/bunka-archive/minwa/39.html,wave.pref.wakayama.lg.jp,,個別本文「仙八と山おじ」。出典表示『中辺路町誌下巻』（中辺路町発行）；原冊・頁・刊年未照合。,1,1,,date_unrecorded,registered; direct source recheck pending
source_0492,茨城の民話Webアーカイブ「十年は千年 だまされた大蛇」,染谷萬千子,database_record,2000-10-31,,茨城県・茨城の民話Webアーカイブ,https://www.bunkajoho.pref.ibaraki.jp/minwa/minwa/no-0800100011?f=1,www.bunkajoho.pref.ibaraki.jp,,個別レコード「原文」。原掲載『ふるさとの昔ばなし』（茨城いすゞ自動車）p.11。dateは原掲載本刊行日；紙面は未照合。,1,1,,,registered; direct source recheck pending
source_0493,茨城の民話Webアーカイブ「新池の狐」,木村進,database_record,2016-09-01,,茨城県・茨城の民話Webアーカイブ,https://www.bunkajoho.pref.ibaraki.jp/minwa/minwa/no-0801100022?f=1,www.bunkajoho.pref.ibaraki.jp,,個別レコード「原文」。原掲載『石岡地方のふるさと昔話』pp.70–72。dateは原掲載本刊行日；紙面は未照合。,1,1,,,registered; direct source recheck pending
source_0494,茨城の民話Webアーカイブ「狐と赤ん坊」,染谷萬千子,database_record,2000-10-31,,茨城県・茨城の民話Webアーカイブ,https://www.bunkajoho.pref.ibaraki.jp/minwa/minwa/no-0800100173?f=1,www.bunkajoho.pref.ibaraki.jp,,個別レコード「原文」。原掲載『ふるさとの昔ばなし』（茨城いすゞ自動車）p.173。dateは原掲載本刊行日；紙面は未照合。,2,2,,,registered; direct source recheck pending
source_0495,益城町「布田川断層帯（堂園）」,,institutional_explanation,2023-03-01,,益城町,https://www.town.mashiki.lg.jp/kiji0033370/,www.town.mashiki.lg.jp,ページID 3370,本文「布田川断層帯（堂園）」第2段落。民話の原採録・成立時期は未照合。,1,1,,,registered; direct source recheck pending
source_0496,西条市「民話 喜左衛門狸」,,institutional_explanation,2015-01-15,,西条市,https://www.city.saijo.ehime.jp/soshiki/syakaikyoiku/minwa0005.html,www.city.saijo.ehime.jp,ページID 0001580,個別本文「喜左衛門狸」。原採録資料・採話年未照合。,1,1,,,registered; direct source recheck pending
source_0497,西条市「民話 ヤゲ谷の化猫退治」,,institutional_explanation,2015-01-15,,西条市,https://www.city.saijo.ehime.jp/soshiki/syakaikyoiku/minwa0012.html,www.city.saijo.ehime.jp,ページID 0001587,個別本文「ヤゲ谷の化猫退治」。原採録資料・採話年未照合。,1,1,,,registered; direct source recheck pending
source_0498,西条市「民話 ひょうたん池の伝説」,,institutional_explanation,2015-01-15,,西条市,https://www.city.saijo.ehime.jp/soshiki/syakaikyoiku/minwa0007.html,www.city.saijo.ehime.jp,ページID 0001582,個別本文「ひょうたん池の伝説」。原採録資料・採話年未照合。,2,2,,,registered; direct source recheck pending
source_0499,西条市「民話 手綱を付けられた絵馬」,,institutional_explanation,2015-01-15,,西条市,https://www.city.saijo.ehime.jp/soshiki/syakaikyoiku/minwa0006.html,www.city.saijo.ehime.jp,ページID 0001581,個別本文「手綱を付けられた絵馬」。原採録資料・採話年未照合。,1,1,,,registered; direct source recheck pending
source_0500,西条市「民話 子安大師の肉付きの面」,,institutional_explanation,2015-01-15,,西条市,https://www.city.saijo.ehime.jp/soshiki/syakaikyoiku/minwa0015.html,www.city.saijo.ehime.jp,ページID 0001590,個別本文「子安大師の肉付きの面」。原採録資料・採話年未照合。,1,1,,,registered; direct source recheck pending
source_0501,西条市「民話 不思議な神かぐら」,,institutional_explanation,2015-01-15,,西条市,https://www.city.saijo.ehime.jp/soshiki/syakaikyoiku/minwa0013.html,www.city.saijo.ehime.jp,ページID 0001588,個別本文「不思議な神かぐら」。原採録資料・採話年未照合。,1,1,,,registered; direct source recheck pending
source_0502,とちぎの文化財「山金造波文蛭巻 大太刀中身無銘（号 祢々切丸太刀）」,,institutional_explanation,,,栃木県生活文化スポーツ部文化振興課,https://bunkazai.pref.tochigi.lg.jp/cultural/%E3%80%90%E5%B1%B1%E9%87%91%E9%80%A0%E6%B3%A2%E6%96%87%E8%9B%AD%E5%B7%BB%E3%80%80%E5%A4%A7%E5%A4%AA%E5%88%80%E4%B8%AD%E8%BA%AB%E7%84%A1%E9%8A%98%EF%BC%88%E5%8F%B7%E3%80%80%E7%A5%A2%E3%80%85%E5%88%87/,bunkazai.pref.tochigi.lg.jp,,文化財概要、末段。刀の制作年代と伝説の成立年代は別。,1,1,,date_unrecorded,registered; direct source recheck pending
source_0503,「近江水の宝」リーフレット 大瀧神社,,institutional_explanation,,,滋賀県教育委員会,https://www.pref.shiga.lg.jp/file/attachment/2042800.pdf,www.pref.shiga.lg.jp,,PDF 2ページ目「犬上郡名起源譚」。引用元とされる『近江輿地志略』巻75本文は未照合。,1,1,,date_unrecorded,registered; direct source recheck pending
source_0504,「近江水の宝」リーフレット 龍王寺,,institutional_explanation,,,滋賀県教育委員会,https://www.pref.shiga.lg.jp/file/attachment/2042798.pdf,www.pref.shiga.lg.jp,,PDF 2ページ目「竜神伝説」。引用元とされる『近江輿地志略』巻61本文は未照合。,1,1,,date_unrecorded,registered; direct source recheck pending
source_0505,青い森鉄道利活用アクション事業 業務完了報告書「青い森鉄道で探検～県境の奥州街道をゆく～」,三戸地域資源発掘会議おっほの会,institutional_explanation,2010-02,,青森県,https://www.pref.aomori.lg.jp/soshiki/kotsu/tetsudo/files/2010-0420-1611.pdf,www.pref.aomori.lg.jp,,PDF 15ページ目／紙面 p.14「鞍沼伝説」。現地語りの掲載で原伝承の採録年代は未照合。,1,1,,,registered; direct source recheck pending
source_0506,青森県史民俗編資料下北 Ⅰ部8章1節「昔話」,,database_record,2007,,青森県史デジタルアーカイブス,https://kenshi-archives.pref.aomori.lg.jp/il/meta_pub/G0000004txt_Fork_MS1_810110,kenshi-archives.pref.aomori.lg.jp,Fork_MS1_810110,pp.366–382、［事例5］竜宮犬（通観76）／見出し「竜宮の馬」。末尾に東通村・中里さな・『津軽の民話13』p.40の表示。原掲載紙面は未照合。,1,1,,,registered; direct source recheck pending
source_0507,木古内のむかしばなし,,institutional_explanation,,,木古内町観光協会,https://www.town.kikonai.hokkaido.jp/tourism/history/mukashibanashi/,www.town.kikonai.hokkaido.jp,,見出し「沼の沢」「子持ち石」の個別本文。原採話年月・原掲載資料は未照合。,4,4,,date_unrecorded,registered; direct source recheck pending
source_0508,静岡市の里地・里山ハンドブック『里地・里山ってどんなところ？』改訂版,,institutional_explanation,2023-03,,静岡市,https://www.city.shizuoka.lg.jp/documents/1524/000727934.pdf,www.city.shizuoka.lg.jp,,PDF 5ページ目「静岡市の里地・里山」麻機地区の民話紹介。原採話資料は未照合。,1,1,,,registered; direct source recheck pending
source_0509,長崎市「川原大池公園 歴史を感じる公園」,,institutional_explanation,2024-11-11,,長崎市南総合事務所地域整備課,https://www.city.nagasaki.lg.jp/page/2653.html,www.city.nagasaki.lg.jp,ページID 0002653,「歴史に関する説明」阿池姫伝説。物語内の約千年前は採録・成立年代ではない。,1,1,,,registered; direct source recheck pending
source_0510,長崎市ナガジン「歌で巡るながさき」諏訪神社～鳴滝,,institutional_explanation,,,長崎市,https://www.city.nagasaki.lg.jp/nagazine/uta/051124/index.html,www.city.nagasaki.lg.jp,,（5）城の古祉、第1段落。お竹の伝説と龍頭巌の大蛇の化身。原掲載伝承は未照合。,1,1,,date_unrecorded,registered; direct source recheck pending
source_0511,高橋郁丸「潟の伝承・書籍調査報告」,高橋郁丸,research_article,,,新潟市潟環境研究所,https://www.city.niigata.lg.jp/kurashi/kankyo/kataken/kataken_kankoubutsu.files/05_fumimaru_takahashi.pdf,www.city.niigata.lg.jp,,平成28年度『新潟市潟環境研究所研究成果報告書』掲載、印刷頁85–90（PDF 1–6頁）。既刊30冊からの要約で、引用原冊は未照合。,3,3,,date_unrecorded,registered; direct source recheck pending
source_0512,神郷公民館だより 平成30年8月号「タヌキのむかしばなし二つ」,,institutional_explanation,2018-08,,新居浜市神郷公民館,https://www.city.niihama.lg.jp/uploaded/attachment/33732.pdf,www.city.niihama.lg.jp,,PDF 2頁「タヌキのむかしばなし二つ」末段。乙女狸・子女郎狸への言及は、同号本文による。,1,1,,,registered; direct source recheck pending
source_0513,神郷公民館だより 令和元年12月号「松神子・大足智姫神社の大楠」,,institutional_explanation,2019-12,,新居浜市神郷公民館,https://www.city.niihama.lg.jp/uploaded/attachment/41393.pdf,www.city.niihama.lg.jp,,PDF 2頁「松神子・大足智姫神社の大楠」、八郎狸の段落。大楠を根城としたとの記述は筆者の推測。,1,1,,,registered; direct source recheck pending
source_0514,神郷公民館だより 令和5年4月号「国領川の語あれこれ べっぴん姉妹たぬきと名勝三滝のはなし」,,institutional_explanation,2023-04,,新居浜市神郷公民館,https://www.city.niihama.lg.jp/uploaded/attachment/62130.pdf,www.city.niihama.lg.jp,,PDF 2頁「国領川の語あれこれ」冒頭。2018年号の「子女郎狸」との表記差がある。,1,1,,,registered; direct source recheck pending
source_0515,さがの歴史・文化お宝帳「かいもん屋敷の猫」,,database_record,,,佐賀市歴史文化お宝帳,https://www.saga-otakara.jp/search/detail.html?cultureId=2780,www.saga-otakara.jp,登録ID 2780,登録ID 2780、本文・出典欄。原掲載『富士町史』下 p.630 は未照合。,1,1,,date_unrecorded,registered; direct source recheck pending
source_0516,和歌山県文化情報アーカイブ「美少女おいの」,,institutional_explanation,,,和歌山県文化情報アーカイブ,https://wave.pref.wakayama.lg.jp/bunka-archive/minwa/46.html,wave.pref.wakayama.lg.jp,,本文「美少女おいの」の浮島の森、大蛇、「蛇の穴」の段落。出典表示は『紀州民話の旅』（和歌山県発行）。原冊の刊年・頁は未照合。,1,1,,date_unrecorded,registered; direct source recheck pending
source_0517,山﨑泰「新宮の民話と伝説（上）・新宮歩楽歩楽マップ その4」,山﨑泰,institutional_explanation,2013,,新宮市立図書館,https://www.city.shingu.lg.jp/div/toshokan/pdf/buraburamap4_densetsu1.pdf,www.city.shingu.lg.jp,,PDF 2頁の番号付き項目。本文に2013年6月、地図面に2013年7月作成と表示。各話に示された市広報・書籍等の原掲載資料は未照合。,5,5,,,registered; direct source recheck pending
source_0518,山口県『災害教訓事例集 ～後世に災害を語り継ぐ～』第3章「山口県内の災害伝承（伝説・昔話、ことわざ）」,,institutional_explanation,,,山口県,https://www.pref.yamaguchi.lg.jp/uploaded/attachment/89137.pdf,www.pref.yamaguchi.lg.jp,,PDF 14–17頁（冊子3-2～3-5頁）。県の掲載ページは2020-04-06更新。各項末尾に示された1976・1997・1932年の原掲載書は未照合。,4,4,,date_unrecorded,registered; direct source recheck pending
source_0519,萩市保存樹木等台帳「江向のイチョウ」,,institutional_catalog,,,萩市,https://www.city.hagi.lg.jp/uploaded/attachment/5851.pdf,www.city.hagi.lg.jp,保存樹木等指定番号 第2号（第1次指定）,PDF 1頁「指定理由」。昭和48年12月18日は樹木の指定開始日で、伝説の成立・台帳の刊行日ではない。,1,1,,date_unrecorded,registered; direct source recheck pending
source_0520,古賀市『れきしのアルバム No.25 千鳥ヶ池』,,institutional_explanation,2005,,古賀市歴史文化財課,https://www.city.koga.fukuoka.jp/uploads/source/bunka/No25.pdf,www.city.koga.fukuoka.jp,れきしのアルバム No.25,PDF 1頁『伝説』。2頁末尾に『平成17年 発行』とある。『福岡県地理全誌』の引用は池の記載で、千鳥伝説の年代証拠ではない。,1,1,,,registered; direct source recheck pending
source_0521,高岡市「二上射水神社・悪王子伝説」（二上山案内冊子 ACT.4）,,institutional_explanation,,,高岡市,https://www.city.takaoka.toyama.jp/material/files/group/42/act4.pdf,www.city.takaoka.toyama.jp,,PDF 1頁／冊子24–25頁「悪王子伝説―封じ込められた荒神」。原掲載資料・刊年は未照合。,1,1,,date_unrecorded,registered; direct source recheck pending
source_0522,島根県『高津川水系上流域 河川整備計画 付属資料』,島根県,institutional_explanation,2014-03,,島根県,https://www1.pref.shimane.lg.jp/infra/river/kasen/hoshin/index.data/16_takatsu_joryu2_huzoku.pdf,www1.pref.shimane.lg.jp,,第6章「歴史・文化」(5)「伝承」、PDF 43–45頁／冊子付・41～43頁。資料が言及する古文書・郷土資料は未照合。,4,4,,,registered; direct source recheck pending
source_0523,退休寺の化け物（大山町前）,,database_record,,,鳥取県立博物館／とりネット,https://www.pref.tottori.lg.jp/272550.htm,www.pref.tottori.lg.jp,,『語り』本文、三人の化物の正体を調べる段。1986-08-04に大山町前で採集との表示は資料の刊行日や説話年代ではない。,1,1,,date_unrecorded,registered; direct source recheck pending
source_0524,三田市『見比峠の尾先白左衛門』,,institutional_explanation,2022-03-31,,三田市,https://www.city.sanda.lg.jp/soshiki/15/gyomu/rekishi_bunkazai/minwa/3418.html,www.city.sanda.lg.jp,ページID 3418,記事本文。2022-03-31は市サイトの更新日であり、原掲載書の刊年や伝承の成立時期ではない。,1,1,,,registered; direct source recheck pending
source_0525,三田市『石割と忠兵衛薮の大入道』,,institutional_explanation,2022-03-31,,三田市,https://www.city.sanda.lg.jp/soshiki/15/gyomu/rekishi_bunkazai/minwa/1887.html,www.city.sanda.lg.jp,ページID 1887,記事本文。2022-03-31は市サイトの更新日であり、原掲載書の刊年や伝承の成立時期ではない。,1,1,,,registered; direct source recheck pending
source_0526,三田市『松ノ坂の甚五郎ぎつね』,,institutional_explanation,2022-03-31,,三田市,https://www.city.sanda.lg.jp/soshiki/15/gyomu/rekishi_bunkazai/minwa/4168.html,www.city.sanda.lg.jp,ページID 4168,記事本文。2022-03-31は市サイトの更新日であり、原掲載書の刊年や伝承の成立時期ではない。,1,1,,,registered; direct source recheck pending
source_0527,三田市『松林寺谷のずんべらぼう』,,institutional_explanation,2022-03-31,,三田市,https://www.city.sanda.lg.jp/soshiki/15/gyomu/rekishi_bunkazai/minwa/1907.html,www.city.sanda.lg.jp,ページID 1907,記事本文。2022-03-31は市サイトの更新日であり、原掲載書の刊年や伝承の成立時期ではない。,1,1,,,registered; direct source recheck pending
source_0528,さがの歴史・文化お宝帳「乾亨院のコンニャクの化け物」,,database_record,,,佐賀市地域振興部文化財課,https://www.saga-otakara.jp/search/detail.html?cultureId=2494,www.saga-otakara.jp,登録ID 2494,本文。出典として『あゝ佐賀城その歴史と周辺』p.35を掲げるが原掲載本文は未確認。,1,1,,date_unrecorded,registered; direct source recheck pending
source_0529,さがの歴史・文化お宝帳「北面天満宮」,,database_record,,,佐賀市地域振興部文化財課,https://www.saga-otakara.jp/search/detail.html?cultureId=430,www.saga-otakara.jp,登録ID 430,本文第1段落。出典として『日新校区史跡ガイドマップ』を掲げるが原掲載本文は未確認。カードの「中世」は神社についての年代で、河童伝承の成立年代ではない。,1,1,,date_unrecorded,registered; direct source recheck pending
source_0530,大阪市東住吉区「038 賽（さい）の神社と『とんど行事』」,,institutional_explanation,2025-11-13,,大阪市東住吉区役所,https://www.city.osaka.lg.jp/higashisumiyoshi/page/0000033856.html,www.city.osaka.lg.jp,ページ番号 33856,「とんど行事」段落。2025-11-13は市サイトの掲載日であり、伝承の成立年代ではない。,1,1,,,registered; direct source recheck pending
source_0531,大阪市浪速区「浪速区の歴史ピックアップ」,,institutional_explanation,2026-04-08,,大阪市浪速区役所,https://www.city.osaka.lg.jp/naniwa/page/0000650887.html,www.city.osaka.lg.jp,ページ番号 650887,「埋め立てられた川の歴史について【鼬川・桜川】」の「鼬川」段落。願泉寺の記録に由来すると記すが原記録は未確認。2026-04-08は市サイトの掲載日であり、伝説の成立年代ではない。,1,1,,,registered; direct source recheck pending
source_0532,栃木市教育研究所「思川にまつわる話」,,institutional_explanation,,,栃木市教育研究所,https://tm2.tcn.ed.jp/kyouken/wysiwyg/file/download/1/1077,tm2.tcn.ed.jp,PDF file ID 1077,栃木地域・思川にまつわる話。公開PDF本文をページ画像で直接確認。採録時期・原話者・伝承成立年代は不明。,1,1,,date_unrecorded,registered; direct source recheck pending
source_0533,栃木市教育研究所「星の宮のお化け」,,institutional_explanation,,,栃木市教育研究所,https://tm2.tcn.ed.jp/kyouken/wysiwyg/file/download/1/1068,tm2.tcn.ed.jp,PDF file ID 1068,西方地域・星の宮のお化け。公開PDF本文をページ画像で直接確認。採録時期・原話者・伝承成立年代は不明。,1,1,,date_unrecorded,registered; direct source recheck pending
source_0534,栃木市教育研究所「河童の恩返し」,,institutional_explanation,,,栃木市教育研究所,https://tm2.tcn.ed.jp/kyouken/wysiwyg/file/download/1/1070,tm2.tcn.ed.jp,PDF file ID 1070,都賀地域・河童の恩返し。公開PDF本文をページ画像で直接確認。採録時期・原話者・伝承成立年代は不明。,1,1,,date_unrecorded,registered; direct source recheck pending
source_0535,栃木市教育研究所「さむらいに化けた狐」,,institutional_explanation,,,栃木市教育研究所,https://tm2.tcn.ed.jp/kyouken/wysiwyg/file/download/1/1096,tm2.tcn.ed.jp,PDF file ID 1096,藤岡地域・さむらいに化けた狐。公開PDF本文をページ画像で直接確認。採録時期・原話者・伝承成立年代は不明。,1,1,,date_unrecorded,registered; direct source recheck pending
source_0536,栃木市教育研究所「田植え地蔵」,,institutional_explanation,,,栃木市教育研究所,https://tm2.tcn.ed.jp/kyouken/wysiwyg/file/download/1/1089,tm2.tcn.ed.jp,PDF file ID 1089,大平地域「田植え地蔵」PDF 1頁。公開PDF本文をページ画像で直接確認。採録時期・原話者・伝承成立年代は不明。,1,1,,date_unrecorded,registered; direct source recheck pending
source_0537,城南地区歴史散歩〈1〉 本編,内田憲治（執筆・監修）,institutional_explanation,2011-03-15,modern,前橋市城南公民館,https://www.city.maebashi.gunma.jp/material/files/group/19/H2303rekishisanpo01-03.pdf,www.city.maebashi.gunma.jp,,本編冊子 p.11–12／PDF 5–6頁。原掲載は『城南公民館だより 城南』2005年7月15日号・8月15日号。,2,2,,,registered; direct source recheck pending
source_0538,下川淵歴史シリーズ（まとめ編）,深町平（第1〜254回執筆）,institutional_explanation,,modern,前橋市下川淵公民館,https://www.city.maebashi.gunma.jp/material/files/group/25/shimokawahuchirekisi.pdf,www.city.maebashi.gunma.jp,,第88回『樋の滝の伝説（2）』冊子p.32–33／PDF44–45頁、原掲載1997-09-15。第176回『樋の滝伝説』冊子p.83／PDF95頁、原掲載2006-10-15。冊子自体の刊行日は未確認。,2,2,,date_unrecorded,registered; direct source recheck pending
source_0539,京都・大江山に残る鬼伝説,,institutional_explanation,,modern,京都府 CO-KYOTO,https://www.pref.kyoto.jp/co-kyoto/goout/240403.html,www.pref.kyoto.jp,,本文『日子坐王の鬼退治』『麻呂子親王の鬼退治』。2021年10月1日時点の記事を京都府サイトが再掲。原資料『丹後風土記残欠』等の本文は本採録では未照合。,4,4,,date_unrecorded,registered; direct source recheck pending
source_0540,山科区観光振興調査報告書,京都橘大学・山科区役所,institutional_explanation,,modern,京都市山科区役所,https://www.city.kyoto.lg.jp/yamasina/cmsfiles/contents/0000041/41732/houkokusyo.pdf,www.city.kyoto.lg.jp,,冊子p.22／PDF23頁『エ 歴史的逸話、伝説などについて』中『大蛇伝説』。伝承に言及する巻物の本文は未照合。,1,1,,date_unrecorded,registered; direct source recheck pending
source_0541,ふくしま歴史絵巻（テーマ7）,,institutional_explanation,,modern,福島市,https://www.city.fukushima.fukushima.jp/material/files/group/34/re03.pdf,www.city.fukushima.fukushima.jp,,PDF12頁『信夫の三狐と猫稲荷（西坂稲荷）』。冊子には令和5年6月付の序文があるが、当該PDFの公開日は未確認。,3,3,,date_unrecorded,registered; direct source recheck pending
source_0542,大野川 ―『百堂の渡し』のあった付近―,,institutional_explanation,1996-09-01,modern,大分県,https://www.pref.oita.jp/site/archive/201526.html,www.pref.oita.jp,,1996年9月『NEO OITA』21号、説明欄の筒井加右衛門と三匹の河童の段。,1,1,,,registered; direct source recheck pending
source_0543,河童が息づくまち佐伯～昔話に宿る地域への思い～,,institutional_explanation,2025-11,modern,佐伯市（デジタル広報さいき）,https://digitalkouhou-saiki.jp/all/%E6%B2%B3%E7%AB%A5%E3%81%8C%E6%81%AF%E3%81%A5%E3%81%8F%E3%81%BE%E3%81%A1%E4%BD%90%E4%BC%AF%EF%BD%9E%E6%98%94%E8%A9%B1%E3%81%AB%E5%AE%BF%E3%82%8B%E5%9C%B0%E5%9F%9F%E3%81%B8%E3%81%AE%E6%80%9D%E3%81%84/,digitalkouhou-saiki.jp,,『2025年11月号』特集、『ふと見れば、そこに河童がいたことはありませんか？』の泥谷地区の段。聞き取りの原記録は未照合。,1,1,,,registered; direct source recheck pending
source_0544,きつき市議会だより 第23号,,institutional_explanation,2011-11-15,modern,杵築市議会,https://www.city.kitsuki.lg.jp/material/files/group/30/419.pdf,www.city.kitsuki.lg.jp,,PDF1頁『郷土の伝説 ～蛇渕の話～（山香地区）』。文末に『山香町誌より引用』と記すが、町誌本文は未照合。,1,1,,,registered; direct source recheck pending
source_0545,東成田の自然林県自然環境保全地域,,institutional_explanation,2021-12-20,modern,宮城県,https://www.pref.miyagi.jp/soshiki/sizenhogo/higasinarita.html,www.pref.miyagi.jp,,『トピックス-斉兵衛の大蛇退治伝説』,1,1,,,registered; direct source recheck pending
source_0546,仙南の農道をゆく～根無藤,,institutional_explanation,2012-09-10,modern,宮城県,https://www.pref.miyagi.jp/soshiki/oksgsin-ns/noudou-uzen14.html,www.pref.miyagi.jp,,『13.根無藤』、奥州の蛇藤に言及する段,1,1,,,registered; direct source recheck pending
source_0547,旧陣屋稲荷宮境内地,,institutional_explanation,2021-12-21,modern,高山市教育委員会文化財課,https://www.city.takayama.lg.jp/kurashi/1000021/1000119/1000847/1000954/1000981.html,www.city.takayama.lg.jp,T1000981,『解説』末段、代官の娘・飼猫・大蛇の話。頁上の『江戸時代（18世紀）』は指定文化財の時代であり、この説話の採録年代ではない。,2,2,,,registered; direct source recheck pending
source_0548,岡山市表町の狐『らんどう』に関するレファレンス事例,,database_record,2022-05-27,modern,国立国会図書館レファレンス協同データベース／提供館：岡山県立図書館,https://crd.ndl.go.jp/reference/entry/reference/show?id=1000331455,crd.ndl.go.jp,1000331455,岡山県立図書館の回答欄。岡長平『おかやま今と昔 話の散歩』pp.21–28、『岡山話の散歩』pp.17–21、『おかやま浮世ばなし』pp.58–59を挙げる。各書本文は未照合。,1,1,,,registered; direct source recheck pending
source_0549,『かいころ狐』についてのレファレンス事例,,database_record,,modern,国立国会図書館レファレンス協同データベース／提供館：岡山県立図書館,https://crd.ndl.go.jp/reference/entry/reference/show?id=1000197857,crd.ndl.go.jp,1000197857,岡山県立図書館の回答欄。岡山県環境部自然保護課『岡山県のけもの』（1975）pp.27–28、43を挙げる。本文は未照合。,1,1,,date_unrecorded,registered; direct source recheck pending
source_0550,さぬきの民話（6～29ページ）,北條令子,primary_or_early_source,1999-03,heisei,香川県立図書館,https://www.library.pref.kagawa.lg.jp/know/local/local_3003-2,www.library.pref.kagawa.lg.jp,,香川県立図書館の全文翻刻。底本：北條令子『さぬきの民話』香川県長寿社会センター、1999年3月。今回照合：pp.22–26。採話原記録や先行文献は未照合。,4,4,,,registered; direct source recheck pending
source_0551,万八狸とお万狐（1）,,institutional_explanation,2021-04-01,modern,三木市（観光振興課）,https://www.city.miki.lg.jp/soshiki/33/31102.html,www.city.miki.lg.jp,0031102,見出し『万八狸とお万狐（1）』直下の説明文。紙芝居画像の本文は今回未照合。,2,2,,,registered; direct source recheck pending
source_0552,戸隠山略縁起（信州デジタルコモンズ資料解説）,,institutional_catalog,,edo,県立長野図書館／信州デジタルコモンズ,https://shinshu-dcommons.pref.nagano.lg.jp/library/02BK0104130257,shinshu-dcommons.pref.nagano.lg.jp,02BK0104130257; DOI:10.82680/02BK0104130257,資料解説、資料コード・制作年・制作者・8丁の各欄。底本は顕光寺制作の江戸末期『戸隠山略縁起』。画像本文は今回未照合。,1,1,,date_unrecorded,registered; direct source recheck pending
source_0553,宝光社地区（戸隠を歩く）,,institutional_explanation,,modern,戸隠神社・戸隠神社宝光社,https://www.togakushi-jinja.jp/seiryuden/bottom/smatogakushiwoaruku/houkoushachiku/houkoushachiku.html,www.togakushi-jinja.jp,,『地蔵堂』中『学門行者』『役行者』の表と説明。『顕光寺流記并序』本文は今回未照合。,1,1,,date_unrecorded,registered; direct source recheck pending
source_0554,学校教育における防災教育の手引き：長野県における自然災害,,institutional_explanation,,modern,長野県教育委員会,https://www.pref.nagano.lg.jp/kyoiku/hokenko/hoken/gakkoanzen/documents/2_p9-32.pdf,www.pref.nagano.lg.jp,,PDF 8頁／印刷16頁『天竜川洪水 洪水の歴史を今に伝える災害文化』中【伝説】『夢枕に立つくらがり沢の大蛇』。資料提供欄に国土交通省天竜川上流河川事務所。,1,1,,date_unrecorded,registered; direct source recheck pending
source_0555,貝鞍が池の主と人柱かわりの墓石（災害伝承カード）,,institutional_explanation,,modern,長野県砂防課,https://www.pref.nagano.lg.jp/sabo/manabu/documents/90-04iida-card.pdf,www.pref.nagano.lg.jp,,PDF 1頁『言い伝え・伝説』。カード表記Ver.1(2020/2/1)は版表示で、刊行日は未確認。建立時期『江戸時代』はカード記載の墓石に関わる年代で、伝説成立年代ではない。,1,1,,date_unrecorded,registered; direct source recheck pending
source_0556,むらかみ・いわふね珍風景（珍風景番号51）関川村の大蛇伝説,,institutional_explanation,2021-01-22,modern,新潟県村上地域振興局,https://www.pref.niigata.lg.jp/sec/murakami_kikaku/1344286831923.html,www.pref.niigata.lg.jp,0052836,見出し『大里峠伝説』、忠蔵とおりのの段から蔵の市の段まで。原伝承の採録資料は未照合。,1,1,,,registered; direct source recheck pending
source_0557,大江筋土地改良区を紹介します,,institutional_explanation,2019-03-30,modern,新潟県長岡地域振興局,https://www.pref.niigata.lg.jp/sec/nagaoka_nourin/1280692846183.html,www.pref.niigata.lg.jp,0053558,『庄川地区には「小太郎神社」の逸話があります。』の盲目の蛇と七左衛門の段。参考文献とされる『見附郷土読本』本文は未照合。,1,1,,,registered; direct source recheck pending
source_0558,八栗の天狗さま,,institutional_explanation,,modern,五剣山観自在院八栗寺,https://yakuriji.jp/tengu/,yakuriji.jp,,見出し『八栗の天狗さまとは』、中将坊堂の本尊・讃岐三大天狗・奉納下駄の段。,1,1,,date_unrecorded,registered; direct source recheck pending
source_0559,釜ヶ入の甌穴（黒体竜王）（災害伝承カード）,,institutional_explanation,,modern,長野県砂防課,https://www.pref.nagano.lg.jp/sabo/manabu/documents/100-03neba-card.pdf,www.pref.nagano.lg.jp,,PDF 1頁『言い伝え・伝説』、甌穴の主・黒体竜王の段。カードの災害発生年は伝承成立年ではない。,1,1,,date_unrecorded,registered; direct source recheck pending
source_0560,大蛇祭り（災害伝承カード）,,institutional_explanation,,modern,長野県砂防課,https://www.pref.nagano.lg.jp/sabo/manabu/documents/07-02yamanouchi-card.pdf,www.pref.nagano.lg.jp,,PDF 1頁『言い伝え・伝説』、大沼池の大蛇と中野城主の段。祭りの解説と大蛇の伝説を区別する。,1,1,,date_unrecorded,registered; direct source recheck pending
source_0561,うちなー民話の部屋: 逆立ち幽霊（シマグチ）,,database_record,,,沖縄県立博物館・美術館,https://okimu.jp/museum/minwa/1582445055/,okimu.jp,47O220799,個別カード『概要』『民話詳細DATA』。話者が付けた題名: 逆立ち幽霊。話者: 山城光次郎、出身地: 沖縄県大宜味村田嘉里、記録日: 1982-09-15。記録日は伝承の成立年代ではない。,1,1,,date_unrecorded,registered; direct source recheck pending
source_0562,市川のむかし話: 龍宮さまと大蛇,,institutional_explanation,,,市川市立図書館,https://www.city.ichikawa.lg.jp/site/library/8061.html,www.city.ichikawa.lg.jp,0008061,本文冒頭、龍宮の松と黒い大蛇・金作どんの段。掲載頁の更新日2025-10-27は原話の成立年ではない。本文後半は省略されている。,1,1,,date_unrecorded,registered; direct source recheck pending
source_0563,市川のむかし話: でえだらぼう,,institutional_explanation,,,市川市立図書館,https://www.city.ichikawa.lg.jp/site/library/2576.html,www.city.ichikawa.lg.jp,0002576,本文冒頭、異名と大男の姿、山を移す段。掲載頁の更新日2025-10-27は伝承の成立年ではない。本文後半は省略されている。,1,1,,date_unrecorded,registered; direct source recheck pending
source_0564,霊獣くたべ,,institutional_explanation,,,富山県［立山博物館］,https://tatehaku.jp/kutabe/,tatehaku.jp,,『立山ゆかりの霊獣越中立山のクタベ』『“越中立山のクタベ”はいつ頃の話？』。資料中の文政年間は刷物・随筆の流行時期で、立山での発生年ではない。,1,1,,date_unrecorded,registered; direct source recheck pending
source_0565,肥前国平戸において姫魚龍宮より御使なり,,database_record,,edo,国立歴史民俗博物館,https://khirin.rekihaku.ac.jp/pid/nmjh_collection/F-320-592.html,khirin.rekihaku.ac.jp,F-320-592,収蔵DB個別レコード『説明』の釈文。原品は紙1枚、資料の年代表記は文政2年。文書中の年月は刊行日・実際の出現日と同一視しない。,1,1,,date_unrecorded,registered; direct source recheck pending
source_0566,錦絵　猿のかたちの光物（熊本）,,database_record,1882,meiji,国立歴史民俗博物館,https://khirin.rekihaku.ac.jp/pid/nmjh_collection/F-320-745.html,khirin.rekihaku.ac.jp,F-320-745,収蔵DB個別レコード『説明』の資料内容・釈文。原品に表題はなく、目録の題は整理用。明治15年7月の御届、波多野常定の画工・出板人兼という記載と、所蔵館の年代表記1882を区別。物語の熊本出現を史実としない。,1,1,,,registered; direct source recheck pending
source_0567,錦絵　海出人之図（越後国福嶋潟）,,database_record,,edo,国立歴史民俗博物館,https://khirin.rekihaku.ac.jp/pid/nmjh_collection/F-320-223.html,khirin.rekihaku.ac.jp,F-320-223,収蔵DB個別レコード『説明』の読み下し。原品は紙1枚、時代欄は江戸時代。福嶋潟は刷物内の出現場所で、伝承の発祥地とは判定しない。,1,1,,date_unrecorded,registered; direct source recheck pending
source_0568,掛幅「白澤避怪図」,,database_record,,,岩手県立博物館,https://jmapps.ne.jp/iwtkhk/det.html?data_id=9604,jmapps.ne.jp,資料登録番号095834,個別資料ID 9604、資料登録番号095834、『解説』。掛幅自体の製作年は未確認。江戸時代は白澤図の流行時期という解説。,1,1,,date_unrecorded,registered; direct source recheck pending
source_0569,広報くしま 2025年8月号 No.1128,,institutional_explanation,2025-08,,串間市,https://www.city.kushima.lg.jp/main/info/upload/%E5%BA%83%E5%A0%B1%E3%81%8F%E3%81%97%E3%81%BER7%E5%B9%B48%E6%9C%88%E5%8F%B7_%E8%A6%8B%E9%96%8B%E3%81%8D.pdf,www.city.kushima.lg.jp,No.1128,PDF 3ページ目、誌面 pp.4-5『都井岬火まつり』特集の『由来・歴史』『大蛇退治伝説』。2025年は広報の刊行年で伝説の成立年ではない。,1,1,,,registered; direct source recheck pending
source_0570,小泉八雲ゆかりの地マップ,,institutional_explanation,,,松江市,https://www.city.matsue.lg.jp/material/files/group/32/koizumiyakumomap.pdf,www.city.matsue.lg.jp,,PDF 2ページ目、地点15『大雄寺』。地点番号15はマップ上の番号で原典の章番号ではない。,1,1,,date_unrecorded,registered; direct source recheck pending
source_0571,三橋節子と近江昔話,,institutional_explanation,2023-08-04,,大津市 長等創作展示館・三橋節子美術館,https://www.city.otsu.lg.jp/sc/c/ca/n/ms/46909.html,www.city.otsu.lg.jp,,見出し『雷の落ちない村・雷封じの宮（当館絵画の表題は雷の落ちない村）』、昔話要約と『雷獣1』1974年制作表示および絵本の結末変更の段。,2,2,,,registered; direct source recheck pending
source_0572,下田市の民話と伝説 第1集 伝説15『龍巣院の乾龍』,,primary_or_early_source,1975-03-01,,下田市教育委員会（下田市ウェブ公開）,https://www.city.shimoda.shizuoka.jp/category/050201densetsu/111253.html,www.city.shimoda.shizuoka.jp,,伝説15『龍巣院の乾龍』、毒龍の縮小・寺宝の小箱・雨乞いの段。刊行日は市の伝説一覧に記載された原集の年月日で、伝説の成立年ではない。,1,1,,,registered; direct source recheck pending
source_0573,下田市の民話と伝説 第2集 伝説17『狐の化けた管長さん』,,primary_or_early_source,1979-03-01,,下田市教育委員会（下田市ウェブ公開）,https://www.city.shimoda.shizuoka.jp/category/050201densetsu/111233.html,www.city.shimoda.shizuoka.jp,,伝説17『狐の化けた管長さん』、吉佐美の貫主来訪と終盤の白狐判明の段。刊行日は市の伝説一覧に記載された原集の年月日で、伝説の成立年ではない。,1,1,,,registered; direct source recheck pending
source_0574,下田市の民話と伝説 第2集 伝説04『コガセンばあさん』,,primary_or_early_source,1979-03-01,,下田市教育委員会（下田市ウェブ公開）,https://www.city.shimoda.shizuoka.jp/category/050201densetsu/111223.html,www.city.shimoda.shizuoka.jp,,伝説04『コガセンばあさん』、祠の位置と死後に咳の神として信仰される段。刊行日は市の伝説一覧に記載された原集の年月日で、伝説の成立年ではない。,1,1,,,registered; direct source recheck pending
source_0575,下田市の民話と伝説 第2集 伝説21『オテンパクサ』,,primary_or_early_source,1979-03-01,,下田市教育委員会（下田市ウェブ公開）,https://www.city.shimoda.shizuoka.jp/category/050201densetsu/111229.html,www.city.shimoda.shizuoka.jp,,伝説21『オテンパクサ』、吉佐美上条の祠・無名の武士の死・禁伐の段。刊行日は市の伝説一覧に記載された原集の年月日で、伝説の成立年ではない。,1,1,,,registered; direct source recheck pending
source_0576,玉島の史跡紹介　新町,,institutional_explanation,2025-02-01,,倉敷市 玉島支所 産業課,https://www.city.kurashiki.okayama.jp/culture/tourism/1001881/1008126/1008168/1008169/1008172.html,www.city.kurashiki.okayama.jp,倉敷市ページ番号1008172,見出し『お玉さん』／『お玉さんの祠（伝説）』。日付はページ更新日で、伝説の成立年ではない。,1,1,,,registered; direct source recheck pending
source_0577,寝屋川のむかしばなし『木屋（こや）の竜神さま』,,institutional_explanation,,,寝屋川市 文化スポーツ室,https://www.city.neyagawa.osaka.jp/organization_list/shiminkatsudou/bunkasport/bunkazai/mukashibanasi/1378086963407.html,www.city.neyagawa.osaka.jp,寝屋川市ページID 2998,個別話『木屋（こや）の竜神さま』、池の縮小・供え物と雨乞い・鞆呂岐神社奥院の段。サイト更新日は2021-07-01で昔話の成立年ではない。,1,1,,date_unrecorded,registered; direct source recheck pending
source_0578,寝屋川のむかしばなし『豆腐屋さんと池の主（ぬし）』,,institutional_explanation,,,寝屋川市 文化スポーツ室,https://www.city.neyagawa.osaka.jp/organization_list/shiminkatsudou/bunkasport/bunkazai/mukashibanasi/1378087422326.html,www.city.neyagawa.osaka.jp,寝屋川市ページID 3001,個別話『豆腐屋さんと池の主（ぬし）』、終盤、池へのおからの施行と主の正体が不明とする段。サイト更新日は2021-07-01で昔話の成立年ではない。,1,1,,date_unrecorded,registered; direct source recheck pending
source_0579,寝屋川のむかしばなし『菱（ひし）に乗ってきた竜神さま』,,institutional_explanation,,,寝屋川市 文化スポーツ室,https://www.city.neyagawa.osaka.jp/organization_list/shiminkatsudou/bunkasport/bunkazai/mukashibanasi/1378086690338.html,www.city.neyagawa.osaka.jp,寝屋川市ページID 2995,個別話『菱（ひし）に乗ってきた竜神さま』、洪水時の菱上の姿・雨雲と祭祀・上堀平氏座談の段。サイト更新日は2021-07-01で昔話の成立年ではない。,1,1,,date_unrecorded,registered; direct source recheck pending
source_0580,寝屋川のむかしばなし『河北の狐』,,institutional_explanation,,,寝屋川市 文化スポーツ室,https://www.city.neyagawa.osaka.jp/organization_list/shiminkatsudou/bunkasport/bunkazai/mukashibanasi/1378084981548.html,www.city.neyagawa.osaka.jp,寝屋川市ページID 2986,個別話『河北の狐』、河北村古老との座談より、五軒堀川の狐が尾で道行く人を惑わす段。サイト更新日は2021-07-01で昔話の成立年ではない。,1,1,,date_unrecorded,registered; direct source recheck pending
source_0581,ひょうご伝説紀行『犬飼村の猿神退治　芝左太夫の賢いお供』,,institutional_explanation,,,兵庫県立歴史博物館（兵庫県教育委員会）,https://rekihaku.pref.hyogo.lg.jp/digital_museum/legend3/story14/,rekihaku.pref.hyogo.lg.jp,,見出し『犬飼村の猿神退治』、大猿が犬と戦い狸に変じる段。後掲参考書を原資料として直接照合したものではない。,1,1,,date_unrecorded,registered; direct source recheck pending
source_0582,ひょうご伝説紀行『沼島女郎　島から妃が流した絵』,,institutional_explanation,,,兵庫県立歴史博物館（兵庫県教育委員会）,https://rekihaku.pref.hyogo.lg.jp/digital_museum/legend3/story19/,rekihaku.pref.hyogo.lg.jp,,見出し『沼島女郎』、秦武文の入水と亡霊が海に現れる段。物語内の年代を成立年と扱わない。,1,1,,date_unrecorded,registered; direct source recheck pending
source_0583,寝屋川のむかしばなし『勘七と化け物』,,institutional_explanation,,,寝屋川市 文化スポーツ室,https://www.city.neyagawa.osaka.jp/organization_list/shiminkatsudou/bunkasport/bunkazai/mukashibanasi/1378084827564.html,www.city.neyagawa.osaka.jp,寝屋川市ページID 2984,『勘七と化け物』、西坂のせんだんの木と終盤の大狸の正体の段。サイト更新日は昔話の成立年ではない。,1,1,,date_unrecorded,registered; direct source recheck pending
source_0584,青森県史 民俗編資料 下北『文化叙事伝説』,花部英雄,institutional_explanation,2007,,青森県史デジタルアーカイブス,https://kenshi-archives.pref.aomori.lg.jp/il/meta_pub/G0000004txt_Fork_MS1_820210,kenshi-archives.pref.aomori.lg.jp,Fork_MS1_820210,pp.392–397、第8章第2節2（1）［神］立石様の段／［精霊］アカエイサマ・金谷の白神様の段。アカエイサマの段は『むつ市文化財調査報告』第8集 p.54 を引用。,4,4,,,registered; direct source recheck pending
source_0585,つながるやまがた西置賜『みづは』ものがたり,,institutional_explanation,,,山形県 置賜総合支庁西置賜総務課,https://www.pref.yamagata.jp/326004/kurashi/chiiki/kasseika/mizuhastory.html,www.pref.yamagata.jp,,『ものがたりの案内人：卯の花姫』の段。ページ更新日2025-10-09は伝承成立年ではない。,1,1,,date_unrecorded,registered; direct source recheck pending
source_0586,茂庭ガイド,,institutional_explanation,,,摺上川ダム周辺地域づくり協議会／福島市公開,https://www.city.fukushima.fukushima.jp/material/files/group/61/gaido.pdf,www.city.fukushima.fukushima.jp,,PDF p.4（印刷p.2）『茂庭の大蛇伝説』。建久3年は物語内の年代で、冊子の刊行年ではない。,1,1,,date_unrecorded,registered; direct source recheck pending
source_0587,古碑・岩谷観音洞（洞雲寺）,,institutional_explanation,,,仙台市泉区役所まちづくり推進課,https://www.city.sendai.jp/izumi-katsudo/izumiku/shokai/profile/shisekimeguri/mesho/tounji.html,www.city.sendai.jp,仙台市ページID 16434,『山の寺伝説』、白髪の老人が洞雲寺の狐の化身と説明される段。原典として挙がる『洞雲寺伝』本文は未確認。,1,1,,date_unrecorded,registered; direct source recheck pending
source_0588,若林区の魅力発見『ことば一覧』,,institutional_explanation,,,仙台市若林区役所,https://www.city.sendai.jp/waka-katsudo/wakabayashiku/machizukuri/miryoku/ichiran.html,www.city.sendai.jp,仙台市ページID 15771,見出し『猫塚の伝説』。広域の猫塚譚との同一性は未確認。,1,1,,date_unrecorded,registered; direct source recheck pending
source_0589,小川英爾『聖なる山と妙光寺』,小川英爾,institutional_explanation,2011-03,,角田山妙光寺 寺報『妙の光』,https://myoukouji.or.jp/taeback/bn_p/p_column1103_01.html,myoukouji.or.jp,,見出し『岩屋の七つ頭大蛇伝説と修験道』。後段の山伏をめぐる解釈は筆者の推測。文永8年は物語内年代。,1,1,,,registered; direct source recheck pending
source_0590,第十一話：狸（たぬき）の恩がえし,,institutional_explanation,,,横浜市瀬谷区役所,https://www.city.yokohama.lg.jp/seya/kurashi/kyodo_manabi/manabi/rekishi/minwa/minwa11.html,www.city.yokohama.lg.jp,横浜市ページID 702-301-625,権兵衛狸が名主の声をまねる段と、火事を知らせる段,1,1,,date_unrecorded,registered; direct source recheck pending
source_0591,第一話：石になったお比丘（びく）さん,,institutional_explanation,,,横浜市瀬谷区役所,https://www.city.yokohama.lg.jp/seya/kurashi/kyodo_manabi/manabi/rekishi/minwa/minwa01.html,www.city.yokohama.lg.jp,横浜市ページID 449-789-971,明光比丘尼が石になったと里人が悟り、その石に咳平癒を願う段,1,1,,date_unrecorded,registered; direct source recheck pending
source_0592,第五話：東野（あずまの）の乳出神（でえーがみ）さま,,institutional_explanation,,,横浜市瀬谷区役所,https://www.city.yokohama.lg.jp/seya/kurashi/kyodo_manabi/manabi/rekishi/minwa/minwa05.html,www.city.yokohama.lg.jp,横浜市ページID 204-996-833,泉が乳出神さまと呼ばれ、乳の祈願を受ける段,1,1,,date_unrecorded,registered; direct source recheck pending
source_0593,浜松市文化財情報 Vol.54『坂上田村麻呂～多くの伝説が残る古代の武将～』,,institutional_explanation,2012-07-15,,浜松市文化財課,https://www.city.hamamatsu.shizuoka.jp/bunkazai/info/info_54.html,www.city.hamamatsu.shizuoka.jp,文化財情報 Vol.54,『浜松武将アラカルト（4）』の伝説概略と伝承地。記事末尾の伝説成立に関する推測はclaimに含めない。,1,1,,,registered; direct source recheck pending
source_0594,名草厳島神社,,institutional_explanation,2026-02-13,,足利市観光まちづくり課,https://www.city.ashikaga.tochigi.jp/industory/000061/000334/p007873.html,www.city.ashikaga.tochigi.jp,足利市ページ番号 P-007873,『由緒他』冒頭、空海を案内した白い大蛇と弁財天の関係。弘仁年間は社伝内の年代。,1,1,,,registered; direct source recheck pending
source_0595,高賀神社,,institutional_explanation,2020-12-04,,関市洞戸事務所,https://www.city.seki.lg.jp/kanko/0000000643.html,www.city.seki.lg.jp,関市ページID 643,『高賀神社の由来』後段、および『さるとらへびの伝説』。最初の光る魔物と後段のさるとらへびの同一性は未確認。,1,1,,,registered; direct source recheck pending
source_0596,黒髪山 ― 奇岩や奇石のロックワールド ―,,institutional_explanation,,,公益社団法人日本山岳会,https://www.jac.or.jp/oyako/f15/d504010.html,www.jac.or.jp,,大蛇退治の設問の解説段（黒髪山のふもとの池、七本の角、源為朝らによる退治）,1,1,,date_unrecorded,registered; direct source recheck pending
source_0597,佐用の史跡文化財 大撫山,,institutional_explanation,2026-02-04,,佐用町,https://www.town.sayo.lg.jp/cms-sypher/www/info/detail.jsp?id=11819,www.town.sayo.lg.jp,佐用町記事ID 2-1-3-11819,本文第2段落、『佐用里談』に残る大蛇と尾撫山の説明,1,1,,,registered; direct source recheck pending
source_0598,野房の三吉狐,,institutional_explanation,2015-09-16,,南房総市教育委員会生涯学習課,https://www.city.minamiboso.chiba.jp/0000001266.html,www.city.minamiboso.chiba.jp,南房総市ページID 1266,本文全体、野房の歌と三吉・お玉の物語,1,1,,,registered; direct source recheck pending
source_0599,白狐を殺す,,institutional_explanation,2015-09-16,,南房総市教育委員会生涯学習課,https://www.city.minamiboso.chiba.jp/0000001670.html,www.city.minamiboso.chiba.jp,南房総市ページID 1670,本文全体、天狗と思って撃った対象の正体と木の倉山での祭祀,1,1,,,registered; direct source recheck pending
source_0600,こがの伝説と民話,,institutional_explanation,,,古賀市経営戦略課,https://www.city.koga.fukuoka.jp/cityhall/work/kikaku/007.php,www.city.koga.fukuoka.jp,,第3話『熊野神社の黒馬』と第4話『天狗の笛』。1985年編さんの『古賀町誌』をもとに編集した市のウェブ本文。,3,3,,date_unrecorded,registered; direct source recheck pending
source_0601,広報ふくろい 2013年2月1日号『ちょこっと民話 ～浅羽北地区編～』,,institutional_explanation,2013-02-01,,袋井市,https://www.city.fukuroi.shizuoka.jp/material/files/group/15/130201_22-23.pdf,www.city.fukuroi.shizuoka.jp,,誌面p.23（PDF p.2）右下『天狗になった芝村の小太郎』。欄内に『袋井に伝わる昔話』よりとある。,1,1,,,registered; direct source recheck pending
source_0602,神さんになったおふじ（久山地区ほか）,川内知子,institutional_explanation,2023-02-06,,諫早市文化振興課,https://www.city.isahaya.nagasaki.jp/soshiki/51/7871.html,www.city.isahaya.nagasaki.jp,諫早市ページ番号 0007871,本文、種火を求める場面から堂に入る結末。『いさはやよもやま話』一覧に広報諫早2007年3月号掲載とある。,1,1,,,registered; direct source recheck pending
source_0603,巣栗渓谷（武石川）,,institutional_explanation,,,長野県,https://www.pref.nagano.lg.jp/mizutaiki/kurashi/shizen/mizukankyo/kankyo/documents/sugurikeikokuno15.pdf,www.pref.nagano.lg.jp,,PDF p.2『故事来歴〔お仙が淵伝説〕』。公開資料の作成年は未確認。,3,3,,date_unrecorded,registered; direct source recheck pending
source_0604,はるの昔ばなし 第15話『北前の狸』,,institutional_explanation,,,高知市春野郷土資料館,https://www.city.kochi.kochi.jp/deeps/20/2019/muse/hanashi/hanashi15.html,www.city.kochi.kochi.jp,,第15話『北前の狸』本文。索引ページは1980年刊『はるの昔ばなし』をウェブ公開したものと説明するが、この個別話の初出号は未確認。,1,1,,date_unrecorded,registered; direct source recheck pending
source_0605,はるの昔ばなし 第23話『七村様』,,institutional_explanation,,,高知市春野郷土資料館,https://www.city.kochi.kochi.jp/deeps/20/2019/muse/hanashi/hanashi23.html,www.city.kochi.kochi.jp,,第23話『七村様』本文。索引ページは1980年刊『はるの昔ばなし』のウェブ再録と説明するが、この話の初出号は未確認。,1,1,,date_unrecorded,registered; direct source recheck pending
source_0606,はるの昔ばなし 第30話『ほおきき様』,,institutional_explanation,,,高知市春野郷土資料館,https://www.city.kochi.kochi.jp/deeps/20/2019/muse/hanashi/hanashi30.html,www.city.kochi.kochi.jp,,第30話『ほおきき様』本文。索引ページは1980年刊『はるの昔ばなし』のウェブ再録と説明するが、この話の初出号は未確認。,1,1,,date_unrecorded,registered; direct source recheck pending
source_0607,第六天のキツネ,,institutional_explanation,2011-03-01,,狭山市,https://www.city.sayama.saitama.jp/manabu/dentou/minwa_densyo/horigane_chiku/dairokutenkitune.html,www.city.sayama.saitama.jp,,本文、祠の狐への投石と帰路の火の玉の段。末尾に『広報さやま』2009-09-10号よりとある。dateはウェブ更新日。,1,1,,,registered; direct source recheck pending
source_0608,身延の民話『お地蔵渕』,,institutional_explanation,,,身延町地域資料,https://www3.town.minobu.lg.jp/lib/shiryou/minwa/stories/shimobe0005.html,www3.town.minobu.lg.jp,,本文『お地蔵渕』、巴渕の河童が膳椀を貸し、返却を拒む段。出典表示は下部町誌編纂委員会『下部町誌』1981年。原冊頁は未照合。,1,1,,date_unrecorded,registered; direct source recheck pending
source_0609,皆倉堰の大鰻,,institutional_explanation,2015-09-16,,南房総市教育委員会生涯学習課,https://www.city.minamiboso.chiba.jp/0000001281.html,www.city.minamiboso.chiba.jp,南房総市ページID 1281,本文、名主が皆倉堰で鰻に出会い、巨大化・供養する段。dateはウェブ更新日。原掲載資料は未確認。,1,1,,,registered; direct source recheck pending
source_0610,身延の民話『年をとり過ぎた猫』,,institutional_explanation,,,身延町地域資料,https://www3.town.minobu.lg.jp/lib/shiryou/minwa/stories/nakatomi0001.html,www3.town.minobu.lg.jp,,本文『年をとり過ぎた猫』、ブチの化けて踊る段。出典表示は加藤為夫『富士川谷物語』（山梨日日新聞社、1987年）。原冊頁は未照合。,1,1,,date_unrecorded,registered; direct source recheck pending
source_0611,身延の民話『水恋鳥』,,institutional_explanation,,,身延町地域資料,https://www3.town.minobu.lg.jp/lib/shiryou/minwa/stories/shimobe0006.html,www3.town.minobu.lg.jp,,本文『水恋鳥』、飼い馬の死と鳥の声を馬の霊とする段。出典表示は下部町誌編纂委員会『下部町誌』1981年。原冊頁は未照合。,1,1,,date_unrecorded,registered; direct source recheck pending
source_0612,ひょうご伝説紀行『近世西播磨の怪談』,,institutional_explanation,,,兵庫県立歴史博物館,https://rekihaku.pref.hyogo.lg.jp/digital_museum/legend3/story10/journey9/,rekihaku.pref.hyogo.lg.jp,,節『火の玉』、蒲田村で二つの火を『草刈火』と呼び、子どもの亡霊と説明する段。解説の典拠は春名忠成『西播怪談実記』だが原本は未照合。,1,1,,date_unrecorded,registered; direct source recheck pending
source_0613,世界遺産1 前鬼の里,,institutional_explanation,,,奈良県下北山村,https://www.vill.shimokitayama.nara.jp/kankou/sekaiisan1.html,www.vill.shimokitayama.nara.jp,,見出し『【前鬼の里】世界遺産「前鬼」の里散策コース』、前鬼・後鬼を義覚・義賢と記す段、および役行者に従う段。,2,2,,date_unrecorded,registered; direct source recheck pending
source_0614,町指定 役行者・前鬼・後鬼像,,institutional_catalog,,,奈良県平群町 教育委員会,https://www.town.heguri.nara.jp/soshiki/14/1073.html,www.town.heguri.nara.jp,記事ID 0001073,『役行者・前鬼・後鬼像』、区分・時代欄および三尊像の前鬼と後鬼を説明する段。,2,2,,date_unrecorded,registered; direct source recheck pending
source_0615,鬼の首塚,,institutional_explanation,,,御嵩町観光協会,https://mitake-kankou.jp/experience/%E9%AC%BC%E3%81%AE%E9%A6%96%E5%A1%9A/,mitake-kankou.jp,,見出し『鬼の首塚』、関の太郎が鬼の岩屋に住み、討伐後に守護神となったと説明する段。,1,1,,date_unrecorded,registered; direct source recheck pending
source_0616,広報ほっとみたけ 2025年2月号『御嵩町の文化財 関の太郎』,,institutional_explanation,2025-02,,岐阜県御嵩町,https://www.town.mitake.lg.jp/wp-content/uploads/b06b47062b9cbbf90dca5012cca398e1.pdf,www.town.mitake.lg.jp,No.688,PDF 20頁、『御嵩町の文化財』関の太郎伝説。鬼岩の案内板と1730年編纂『大寺記』下巻を要約。原本は未照合。,1,1,,,registered; direct source recheck pending
source_0617,村の歴史と文化,,institutional_explanation,2016-03-10,,福島県中島村,https://www.vill-nakajima.jp/page/page000197.html,www.vill-nakajima.jp,,見出し『汗かき地蔵』の説明段。,1,1,,,registered; direct source recheck pending
source_0618,うつくしま電子事典『汗かき地蔵（あせかきじぞう）』,,institutional_catalog,,,福島県教育委員会,https://www.gimu.fks.ed.jp/plugin/databases/detail/2/18/17,www.gimu.fks.ed.jp,,個別項目『汗かき地蔵』、見出しと『紹介説明』第1～3段。,1,1,,date_unrecorded,registered; direct source recheck pending
source_0619,六戸の伝説,,institutional_explanation,2022-05-11,,青森県六戸町,https://www.town.rokunohe.aomori.jp/docs/2022051100062/,www.town.rokunohe.aomori.jp,記事番号 1-1969,見出し『橘公塚（きっこうづか）』、町が『六戸町史』を出典として紹介する『六戸郡姉戸沼崎観世音縁起』の姉妹入水の段。原掲載の町史・縁起本文は未照合。,2,2,,,registered; direct source recheck pending
source_0620,黄金の駒／磐梯町の伝説と昔話,,institutional_explanation,2015-11-01,,福島県磐梯町,https://www.town.bandai.fukushima.jp/site/enichiji/minwa_sub1.html,www.town.bandai.fukushima.jp,,見出し『黄金の駒』、倉吉が駒に米を与える段から駒が飛び去る段。,2,2,,,registered; direct source recheck pending
source_0621,長崎県文化財調査報告書第218集『特別名勝温泉岳保存活用計画』,長崎県教育委員会,institutional_explanation,2024,,長崎県教育委員会,https://www.pref.nagasaki.jp/uploads/2024/04/1713400136.pdf,www.pref.nagasaki.jp,長崎県文化財調査報告書 第218集,分割PDF『04_第2章第2節02_P45-56』のPDF 7頁、『6. 民話・伝承』および表2-2-4。引用先『温泉山縁起』原本は未照合。,4,4,,,registered; direct source recheck pending
source_0622,〖季節の話題・夏〗ヨーカビー,,institutional_explanation,,,沖縄県公文書館,https://www.archives.pref.okinawa.jp/news/that_day/4965,www.archives.pref.okinawa.jp,,本文冒頭、旧暦8月のヨーカビーとタマガイ（火の玉）を説明する第1・2段。,1,1,,date_unrecorded,registered; direct source recheck pending
source_0623,村の伝説『与蔵沼の伝説』,,institutional_explanation,,,山形県鮭川村,https://www.vill.sakegawa.yamagata.jp/sakegawa/history/54,www.vill.sakegawa.yamagata.jp,,見出し『与蔵沼の伝説』、炭焼きの与蔵が消えて白い大蛇となる段。,1,1,,date_unrecorded,registered; direct source recheck pending
source_0624,風流 最上白髭沼の龍神伝説,,institutional_explanation,,,新庄まつり公式ホームページ（山形県新庄市）,https://shinjo-matsuri.jp/db/2012_09,shinjo-matsuri.jp,平成24年 9番運行,『解説』本文、白髭沼の雨乞い・沼の主・龍神を説明する第1～3段。2012年は山車運行年で、伝承成立年ではない。,1,1,,date_unrecorded,registered; direct source recheck pending
source_0625,和歌山県文化情報アーカイブ『久保の小女郎』,,institutional_explanation,,,和歌山県文化情報アーカイブ,https://wave.pref.wakayama.lg.jp/bunka-archive/minwa/50.html,wave.pref.wakayama.lg.jp,,個別本文『久保の小女郎』後半、白糸が船戸の池に消え、大蛇が娘をくわえて現れる段。出典表示は『北山村史下巻』、原冊未照合。,1,1,,date_unrecorded,registered; direct source recheck pending
source_0626,広報すもと 2002年2月号『八狸の石像が完成』,,institutional_explanation,2002-02,,兵庫県洲本市,https://www.city.sumoto.lg.jp/hp/kouhou/sumoto/02/kouhou0202.pdf,www.city.sumoto.lg.jp,広報すもと No.494,PDF 11頁『八狸の石像が完成』。市街地活性化センター八狸委員会の石像設置紹介と各狸の短文欄。2002年は広報の刊行年で、個々の話の成立年ではない。,2,2,,,registered; direct source recheck pending
source_0627,松本市公民館報 今井版 第327号『今井昔話が紙芝居になりました』,,institutional_explanation,2017-01-30,,長野県松本市 今井公民館,https://www.city.matsumoto.nagano.jp/uploaded/attachment/91780.pdf,www.city.matsumoto.nagano.jp,第327号,PDF 1頁（紙面3頁）『今井昔話が紙芝居になりました』、①『横出が崎のお夏』の説明。『今井の夜話』をもとにした紙芝居制作の紹介で、原冊は未照合。,1,1,,,registered; direct source recheck pending
source_0628,広丘公民館報 第163号『玄蕃之丞伝説』,西沢和善,institutional_explanation,2023-10-25,,長野県塩尻市 広丘公民館,https://www.city.shiojiri.lg.jp/uploaded/attachment/26166.pdf,www.city.shiojiri.lg.jp,第163号,PDF 7頁（紙面7頁）『玄蕃之丞伝説』冒頭、玄蕃之丞を桔梗ヶ原の狐として説明し、祭りへの継承を述べる段。参照先『塩尻の伝説と民話』は未照合。,1,1,,,registered; direct source recheck pending
source_0629,『青森県史 民俗編 資料南部』荻沢甚作『はしかみのむがしこ』（抄録）,荻沢甚作,institutional_explanation,2001,,青森県史デジタルアーカイブス,https://kenshi-archives.pref.aomori.lg.jp/il/meta_pub/G0000004txt_Fork_MN2_350001,kenshi-archives.pref.aomori.lg.jp,Fork_MN2_350001,『青森県史 民俗編 資料南部』pp.567–579所収の翻刻、見出し『ホロド沼の主（其の一）』『ほろど沼の話（其の二）』。原手製ノートの成立年・現物は未照合。,1,1,,,registered; direct source recheck pending
source_0630,『讃岐ものしり事典』民俗『讃岐の人柱伝説』,香川県図書館協会,institutional_explanation,1982-04-01,,香川県立図書館,https://www.library.pref.kagawa.lg.jp/know/local/local_0005-16,www.library.pref.kagawa.lg.jp,,公開翻刻・印刷pp.163–164、問『讃岐の人柱伝説』の平池・勝神社の段。『新修高松市史』等の参照元本文は未照合。,1,1,,,registered; direct source recheck pending
source_0631,ナガジン『発見！長崎の歩き方』江戸時代の名勝地編・白糸の滝／轟の滝,,institutional_explanation,,,長崎市,https://www.city.nagasaki.lg.jp/nagazine/hakken0804/index2.html,www.city.nagasaki.lg.jp,,『白糸の滝』（愛宕3丁目）の最初の説明段、および『轟の滝』（田手原町）の末尾で伝説を述べる段。『長崎名勝図絵』原本は未照合。,2,2,,date_unrecorded,registered; direct source recheck pending
source_0632,石野春夫『泰澄大師と大蛇』、『はくさん』第3巻第1号,石野春夫,primary_or_early_source,1975-06-20,,石川県白山自然保護センター,https://www.pref.ishikawa.lg.jp/hakusan/publish/hakusan/documents/hakusan3-1.pdf,www.pref.ishikawa.lg.jp,『はくさん』第3巻第1号,印刷p.5（PDF 5頁）『白山の民話(1) 泰澄大師と大蛇』全文、末尾の発行情報は印刷p.12（PDF 12頁）。,2,2,,,registered; direct source recheck pending
source_0633,石野春夫『ネッカシマの化猫宿屋』、『はくさん』第6巻第3号,石野春夫（話者：丸尾好子）,primary_or_early_source,1978-12-20,,石川県白山自然保護センター,https://www.pref.ishikawa.lg.jp/hakusan/publish/hakusan/documents/hakusan6-3.pdf,www.pref.ishikawa.lg.jp,『はくさん』第6巻第3号,印刷pp.9–10（PDF 9–10頁）『白山の民話(10) ネッカシマの化猫宿屋』、末尾に話者『尾口村字尾添 丸尾好子』。発行情報は印刷p.12（PDF 12頁）。,1,1,,,registered; direct source recheck pending
source_0634,石野春夫『目附谷の化物』、『はくさん』第3巻第2号,石野春夫（語り手：川田富美子）,primary_or_early_source,1975-10-20,,石川県白山自然保護センター,https://www.pref.ishikawa.lg.jp/hakusan/publish/hakusan/documents/hakusan3-2.pdf,www.pref.ishikawa.lg.jp,『はくさん』第3巻第2号,印刷pp.6–7（PDF 6–7頁）『白山の民話(2) 目附谷の化物』、本文末の語り手情報と編者注の別伝を含む。発行情報は印刷p.12。,1,1,,,registered; direct source recheck pending
source_0635,海山町◆種まき権兵衛,,institutional_explanation,,,三重県文化財・民話ウェブサイト,https://www.bunka.pref.mie.lg.jp/minwa/kishu/miyama/index.htm,www.bunka.pref.mie.lg.jp,,本文「馬越峠」から「天狗倉山」での大蛇との対面・退治の段。原収録・初出刊行年は未確認。,1,1,,date_unrecorded,registered; direct source recheck pending
source_0636,宮川村◆鉄砲「喜五兵衛」のお話,,institutional_explanation,,,三重県文化財・民話ウェブサイト,https://www.bunka.pref.mie.lg.jp/minwa/chusei/miyagawa/index.htm,www.bunka.pref.mie.lg.jp,,本文前半「牛鬼淵」の怪、後半「高瀬の淵」の大蛇。別の場面・対象として記される。原収録・初出刊行年は未確認。,2,2,,date_unrecorded,registered; direct source recheck pending
source_0637,榎村寛之「最後の斎王の母をめぐる不思議な話」（斎宮千話一話 第30話）,榎村寛之,institutional_explanation,,,斎宮歴史博物館,https://www.bunka.pref.mie.lg.jp/saiku/senwa/journal324.html,www.bunka.pref.mie.lg.jp,斎宮千話一話 第30話,本文『吉野拾遺』に見られる伊賀局の説話の紹介、藤原基任が名乗る段。『吉野拾遺』原本は今回未照合。,1,1,,date_unrecorded,registered; direct source recheck pending
source_0638,姫路市地域観光マップ（裏面）「岩部の樽かき」,,institutional_explanation,,,姫路市,https://www.city.himeji.lg.jp/kurashi/cmsfiles/contents/0000005/5841/map_back.pdf,www.city.himeji.lg.jp,,PDF 1頁「岩部の樽かき」・MAP F-5 中寺。原伝承の採録本文と刊行年は未確認。,1,1,,date_unrecorded,registered; direct source recheck pending
source_0639,松江市史講座・参考資料「民話『鉈盗られ物語』ほか」,酒井董美,primary_or_early_source,,,松江市,https://www.city.matsue.lg.jp/material/files/group/34/kouza25-5sakai.pdf,www.city.matsue.lg.jp,,2013年8月17日講座資料、PDF 4–6頁「3 昔話 天人の嫁さん（松江市美保関町七類）」。本文末に1970年7月26日収録と記載。原採録記録は未照合。,1,1,,date_unrecorded,registered; direct source recheck pending
source_0640,広報あきた 2001年6月22日号「あきた不思議発見伝 空素沼の伝説」,,institutional_explanation,2001-06-22,,秋田市,https://www.city.akita.akita.jp/city/pl/pb/koho/htm/20010622/6-22-8.html,www.city.akita.akita.jp,,本文「空素沼の伝説…」第1段落、白髪の老人が沼の主と名乗る場面。大蛇との同一性は述べていない。,1,1,,,registered; direct source recheck pending
source_0641,広報にしあいづ No.748（令和3年2月号）「にしあいづ物語100選 その46 安座集落・八蛇沼の大蛇伝説」,長谷川隆夫（文）,institutional_explanation,2021-02,,西会津町,https://www.town.nishiaizu.fukushima.jp/uploaded/attachment/7734.pdf,www.town.nishiaizu.fukushima.jp,広報にしあいづ No.748,PDF 1頁「その46 安座集落・八蛇沼の大蛇伝説」本文。末尾に「原文 故 長谷川謙吉氏」とあるが原文資料は未照合。,2,2,,,registered; direct source recheck pending
source_0642,嶋田忠一「秋田市道川神社（旧愛染堂）の絵馬」『秋田県立博物館研究報告』第24号,嶋田忠一,research_article,1999-03,,秋田県立博物館,https://www.akihaku.jp/cms/wp-content/uploads/2022/11/aktpmrep24_037-052.pdf,www.akihaku.jp,,印刷頁44／PDF 8頁、注7。『我が郷土』上巻に再録された加成惣一郎の1927年秋田魁新報記事の引用。原新聞・『我が郷土』原冊は未照合。,1,1,,,registered; direct source recheck pending
source_0643,山口県「おもしろ山口学：梅雨を操る『梅雨左衛門』」,,institutional_explanation,2021-05-28,,山口県魅力発信サイト きらりんく,https://happiness-yamaguchi.pref.yamaguchi.lg.jp/kiralink/202105/yamaguchigaku/index.html,happiness-yamaguchi.pref.yamaguchi.lg.jp,,本文冒頭の六呂師村『玖珂郡志』引用、および「タブーあり。触らぬ神にたたりなし!?」の八代村『防長風土注進案』引用。原地誌本文は未照合。,2,2,,,registered; direct source recheck pending
source_0644,山口県文書館「文書館動物記 20 『尾かづき』とよばれた怪獣」,,institutional_explanation,,,山口県文書館,https://archives.pref.yamaguchi.lg.jp/user_data/upload/File/doubutsu20.pdf,archives.pref.yamaguchi.lg.jp,,PDF 1頁の解説・『浦日記』天保12年6月16日条の翻刻、およびPDF 2頁の原文画像。原史料識別は毛利家文庫71 藩臣日記2(11)。,1,1,,date_unrecorded,registered; direct source recheck pending
source_0645,第2次仁淀川清流保全計画（改訂3版）,,institutional_explanation,2025-03,,高知県,https://www.pref.kochi.lg.jp/doc/2025022800429/file_contents/file_20253311131040_1.pdf,www.pref.kochi.lg.jp,,印刷頁31／PDF 35頁、コラム「にこ淵の伝説（いの町）」。伝承の採録資料・年月は未確認。,1,1,,,registered; direct source recheck pending
source_0646,みなみくようかいだいずかん 第2巻,,primary_or_early_source,,,新潟市南区役所,https://www.city.niigata.lg.jp/minami/kohoshi/minamikuyoukai.files/Minamikuyoukaidaizukan2.pdf,www.city.niigata.lg.jp,,PDF 3頁（冊子2頁）「かっぱのるいくん」、PDF 4頁（冊子3頁）「小平のきつねさん」。市掲載ページの最終更新日は2025-02-20。,2,2,,date_unrecorded,registered; direct source recheck pending
source_0647,さんかくやまベェのプロフィール,,institutional_explanation,2023-04-27,,札幌市西区役所,https://www.city.sapporo.jp/nishi/yamabee/profile.html,www.city.sapporo.jp,,ページ「さんかくやまベェのプロフィール」と「原作者について」。2023-04-27はページ更新日。,1,1,,,registered; direct source recheck pending
source_0648,青森県史民俗編資料南部 Ⅲ部「マタギ関係文書」,,database_record,2001,,青森県史デジタルアーカイブス,https://kenshi-archives.pref.aomori.lg.jp/il/meta_pub/G0000004txt_Fork_MN3_200000,kenshi-archives.pref.aomori.lg.jp,Fork_MN3_200000,県史pp.724–743の公開テキスト。①北村陸雄家所蔵巻物は末尾に安永9年（1780）の年記、⑤木村靖康家所蔵「山立根元巻」の赤木明神と大蛇の段。文書の成立年代は未確定。,1,1,,,registered; direct source recheck pending
source_0649,坊ヶ池,,institutional_explanation,2019-03-29,,新潟県農地部農地建設課,https://www.pref.niigata.lg.jp/sec/nochikensetsu/1295211704199.html,www.pref.niigata.lg.jp,ページ番号0055512,本文、坊ヶ池が「竜神伝説の池」とされ、竜神の子「坊太郎」を池名由来として紹介する段落。dateは県ページ更新日。,1,1,,,registered; direct source recheck pending
source_0650,ものがたり おぢやの伝説「中町の猫」,,primary_or_early_source,1979,,一般社団法人小千谷青年会議所,https://www.ojiyajc.org/densetsu/den_nakamachi.php,www.ojiyajc.org,,1979年に同会議所の20周年記念事業として刊行された本の再掲、個別ページ「中町の猫」。紙版の頁は未確認。,1,1,,,registered; direct source recheck pending
source_0651,大郷町町勢要覧「おおさと昔かだり」紹介,,institutional_explanation,2024-07,,宮城県大郷町,https://www.town.miyagi-osato.lg.jp/uploaded/attachment/8224.pdf,www.town.miyagi-osato.lg.jp,,印刷24頁／PDF25頁「おおさと昔かだり」欄・「三毛猫の恩返し（味明地区）」の紹介文。紹介対象の冊子は2018年3月刊、原冊子本文は未確認。,1,1,,,registered; direct source recheck pending
source_0652,佐藤家の昔話（一）「おりや峠の蛇」公開テキスト,,database_record,,,東北文教大学短期大学部民話研究センター,https://www.t-bunkyo.ac.jp/library/minwa/archives/satouke/text/20.html,www.t-bunkyo.ac.jp,佐藤家の昔話（一）No.20,公開テキストNo.20。おりやが蝮を食べて大蛇になる前半と、長才との会話・洪水をめぐる後半。元の採録日・冊子頁は未確認。,1,1,,date_unrecorded,registered; direct source recheck pending
source_0653,佐藤家の昔話（一）「大平の狸と柳兵衛狐」公開テキスト,,database_record,,,東北文教大学短期大学部民話研究センター,https://www.t-bunkyo.ac.jp/library/minwa/archives/satouke/text/33.html,www.t-bunkyo.ac.jp,佐藤家の昔話（一）No.33,公開テキストNo.33。冒頭の柳兵衛と大平の狸の化け比べから、末尾の狩人の罠まで。元の採録日・冊子頁は未確認。,1,1,,date_unrecorded,registered; direct source recheck pending
source_0654,広報紙「ひろしま市民と市政」令和4年1月1日号・中区「なかちゃんが行く！ 中区の魅力新発見ツアー」,,institutional_explanation,2022-01-01,,広島市,https://www.city.hiroshima.lg.jp/www/koho/shimintoshiseir040101/shimintoshisei/ward/naka/topics/topics01.html,www.city.hiroshima.lg.jp,,中区版「なかちゃんが行く！」の項目「おさん狐」。江波西一丁目付近と舟入通りの狐像に言及。,1,1,,,registered; direct source recheck pending
source_0655,ひょうご伝説紀行「狸と狐」,,institutional_explanation,,,兵庫県立歴史博物館（兵庫県教育委員会）,https://rekihaku.pref.hyogo.lg.jp/digital_museum/legend3/story12/journey10/,rekihaku.pref.hyogo.lg.jp,,節「洲本八狸」。2002年刊『洲本八だぬきものがたり』に基づく各狸の説明。原著本文は未照合。,4,4,,date_unrecorded,registered; direct source recheck pending
source_0656,茨城の民話Webアーカイブ「静神社の四匹の狐」,染谷萬千子,database_record,2000-10-31,,茨城県,https://www.bunkajoho.pref.ibaraki.jp/minwa/minwa/no-0800100012?f=1,www.bunkajoho.pref.ibaraki.jp,0800100012,個別レコード「原文」；原掲載『ふるさとの昔ばなし』p.12。dateは原掲載本の刊行日。PDF原画像は未照合。,3,3,,,registered; direct source recheck pending
source_0657,町報きょなん2025年9月号・歴史資料館連載401「養老のおたま」,,institutional_explanation,2025-09-05,,千葉県鋸南町,https://www.town.kyonan.chiba.jp/soshiki/6/0012864.html,www.town.kyonan.chiba.jp,,歴史資料館 連載四〇一「養老のおたま」全段。dateは公開ページの更新日。原採録資料は未確認。,1,1,,,registered; direct source recheck pending
source_0658,町報きょなん2025年11月号・歴史資料館連載403「弥助稲荷」,,institutional_explanation,2025-11-05,,千葉県鋸南町,https://www.town.kyonan.chiba.jp/soshiki/6/0013158.html,www.town.kyonan.chiba.jp,,歴史資料館 連載四〇三「弥助稲荷」、寺の下男・別れ・狐の姿の段。dateは公開ページ更新日。,1,1,,,registered; direct source recheck pending
source_0659,菱川師宣記念館「人骨山の鬼」,,institutional_explanation,2019-12-06,,鋸南町菱川師宣記念館,https://www.town.kyonan.chiba.jp/site/hishikawamoronobukinenkan/2553.html,www.town.kyonan.chiba.jp,,見出し「人骨山の鬼」本文。dateは公開ページ更新日。,1,1,,,registered; direct source recheck pending
source_0660,菱川師宣記念館「デーデッポ」,,institutional_explanation,2019-12-06,,鋸南町菱川師宣記念館,https://www.town.kyonan.chiba.jp/site/hishikawamoronobukinenkan/2544.html,www.town.kyonan.chiba.jp,,見出し「デーデッポ」本文。dateは公開ページ更新日。,1,1,,,registered; direct source recheck pending
source_0661,鳥取県公開資料「山王滝水域」,,institutional_explanation,,,鳥取県（問い合わせ先：鳥取市環境政策課）,https://www.pref.tottori.lg.jp/secure/336476/sannodaki.pdf,www.pref.tottori.lg.jp,,1頁、「自然満喫 山王滝」の山王滝のおろち伝説の段。刊行年・元資料は未確認。,1,1,,date_unrecorded,registered; direct source recheck pending
source_0662,十津川郷の昔話（81）～（90）まで,,institutional_explanation,,,十津川村ふるさとアーカイブ『たからぐら』／十津川村教育委員会,https://www.vill.totsukawa.lg.jp/bridge/folklore/old-tale/old-tale81-90/,www.vill.totsukawa.lg.jp,,個別再話(82)、(83)、(84)、(87)。話者・記録・再話表示を参照。原掲載冊子は未照合。,4,4,,date_unrecorded,registered; direct source recheck pending
source_0663,十津川郷の昔話（91）～（100）まで,,institutional_explanation,,,十津川村ふるさとアーカイブ『たからぐら』／十津川村教育委員会,https://www.vill.totsukawa.lg.jp/bridge/folklore/old-tale/old-tale91-100/,www.vill.totsukawa.lg.jp,,(91)『袴石』、(93)『悲しい目まじない』、(99)『猫又の主』の個別再話。原掲載冊子は未照合。,3,3,,date_unrecorded,registered; direct source recheck pending
source_0664,斐伊川水系 神戸川中流域河川整備計画 付属資料,,institutional_explanation,2009-12,,島根県,https://www.pref.shimane.lg.jp/infra/river/kasen/hoshin/index.data/15_kando_churyu_huzoku.pdf,www.pref.shimane.lg.jp,,付・22頁（PDF24頁）、5.4「伝説」(3)「網かけ岩とかぶと岩」・(4)「魚切りのたたり」。それぞれ『出雲市民文庫15 神戸川探訪』と『乙立郷土誌』を出典と表示。両原冊は未照合。,2,2,,,registered; direct source recheck pending
source_0665,米沢市『城下町ふらり歴史探訪』「常慶院の文福茶釜」,,institutional_explanation,2024-10-04,,米沢市観光文化スポーツ部文化課,https://www.city.yonezawa.yamagata.jp/soshiki/18/2/5/5/678.html,www.city.yonezawa.yamagata.jp,page_id:678,見出し『きつねのくれた文福茶釜』、弥八郎狐の来訪・巻物・茶釜の段。dateは公開ページの更新日。広報よねざわの原掲載は未照合。,1,1,,,registered; direct source recheck pending
source_0666,米沢市『城下町ふらり歴史探訪』「風の神」,,institutional_explanation,2024-10-04,,米沢市観光文化スポーツ部文化課,https://www.city.yonezawa.yamagata.jp/soshiki/18/2/5/5/277.html,www.city.yonezawa.yamagata.jp,page_id:277,見出し『風の神』、夏井家に伝わる旅僧の正体とその後の祭祀の段。dateは公開ページの更新日。広報よねざわの原掲載は未照合。,1,1,,,registered; direct source recheck pending
source_0667,とやま水マップ[黒部川流域圏の水文化の概要],,institutional_explanation,2021-02-24,,富山県,https://www.pref.toyama.jp/1711/kurashi/kankyoushizen/kankyou/mizu/chisui/map/gaiyou_kurobegawa.html,www.pref.toyama.jp,,『愛本のちまき伝説』の段。更新日は公開ページの更新日。原掲載伝承資料は未照合。,1,1,,,registered; direct source recheck pending
source_0668,とやま水マップ[常願寺川流域圏の水文化の概要],,institutional_explanation,2021-02-24,,富山県,https://www.pref.toyama.jp/1711/kurashi/kankyoushizen/kankyou/mizu/chisui/map/gaiyou_jouganjigawa.html,www.pref.toyama.jp,,『岩峅寺の大釜伝説』『常願寺川の主伝説』『永昌寺の耳地蔵』の各段。更新日は公開ページの更新日。原掲載伝承資料は未照合。,3,3,,,registered; direct source recheck pending
source_0669,魚津市水循環遺産,,institutional_explanation,,,魚津市,https://www.city.uozu.toyama.jp/attach/EDIT/009/009030.pdf,www.city.uozu.toyama.jp,,PDF10頁（0始まり9頁）『蛇石（龍石）―片貝川に豊富な水をもたらすと伝えられる石―』、大蛇の伝説と石の祭祀の段。刊年・伝承の原掲載資料は未照合。,1,1,,date_unrecorded,registered; direct source recheck pending
source_0670,化け物問答,,primary_or_early_source,,,出雲かんべの里 民話館,https://kanbenosato.com/minwa/294/,kanbenosato.com,民話の部屋 294,別所菊子の語り本文、テッチン坊の出現から椿の杵の発見・破壊まで。解説は1988年8月の聴取と記す。語り手所在地は鳥取県三朝町吉尾。公開日・寺の実在地は未確認。,1,1,,date_unrecorded,registered; direct source recheck pending
source_0671,茨城の民話Webアーカイブ『野々井と大蛇』,木村進,database_record,2016-09-01,,茨城県,https://www.bunkajoho.pref.ibaraki.jp/minwa/minwa/no-0801100028?f=1,www.bunkajoho.pref.ibaraki.jp,0801100028,個別レコード『原文』の全文。原掲載『石岡地方のふるさと昔話』p.85。dateは原掲載本の刊行日。原本画像は未照合。,1,1,,,registered; direct source recheck pending
source_0672,茨城の民話Webアーカイブ『大蛇丸』,染谷萬千子,database_record,2000-10-31,,茨城県,https://www.bunkajoho.pref.ibaraki.jp/minwa/minwa/no-0800100108?f=1,www.bunkajoho.pref.ibaraki.jp,0800100108,個別レコード『原文』、権現山の大蛇の出現・退治・祟りの噂から太刀を大蛇丸と呼ぶ結末まで。原掲載『ふるさとの昔ばなし』p.108。dateは原掲載本の刊行日。原本画像は未照合。,1,1,,,registered; direct source recheck pending
source_0673,全国昔話資料集成32 東讃岐昔話集 第一部 武田明編 36～70話,武田明・谷原博信編,primary_or_early_source,1979-10-05,showa,香川県立図書館,https://www.library.pref.kagawa.lg.jp/know/local/local_3004-3,www.library.pref.kagawa.lg.jp,,公開翻刻、六三『蛇骨の話』印刷pp.112–113。1979年刊底本。語り手は森本実。原本画像・採話年月は未照合。,1,1,,,registered; direct source recheck pending
source_0674,山梨県に関するご質問,,institutional_explanation,,,山梨県立図書館,https://www.lib.pref.yamanashi.jp/reference/jirei/yamanashi.html,www.lib.pref.yamanashi.jp,,質問『娘に化けた大ウナギ』の回答・調査過程・参考資料、および質問『さつき姫伝説』の回答・調査過程・参考資料。列挙された原掲載本の本文は未照合。,2,2,,date_unrecorded,registered; direct source recheck pending
source_0675,松山城豆知識,,institutional_explanation,,,松山城（公式）,https://www.matsuyamajo.jp/discover/trivia.html,www.matsuyamajo.jp,,『松山城が関わる昔話』中の『毘沙門狸(びしゃもんだぬき)』、毘沙門堂と変化譚の段。原掲載資料・伝承採録日は未照合。,1,1,,date_unrecorded,registered; direct source recheck pending
source_0676,茨城の民話Webアーカイブ『清涼寺のいたずら狸』,染谷萬千子,database_record,2000-10-31,,茨城県,https://www.bunkajoho.pref.ibaraki.jp/minwa/minwa/no-0800100051?f=1,www.bunkajoho.pref.ibaraki.jp,0800100051,個別レコード『原文』。原掲載『ふるさとの昔ばなし』p.51。dateは原掲載本の刊行日。原本画像は未照合。,1,1,,,registered; direct source recheck pending
source_0677,茨城の民話Webアーカイブ『瓜ボッコの白狐』,染谷萬千子,database_record,2000-10-31,,茨城県,https://www.bunkajoho.pref.ibaraki.jp/minwa/minwa/no-0800100072?f=1,www.bunkajoho.pref.ibaraki.jp,0800100072,個別レコード『原文』。原掲載『ふるさとの昔ばなし』p.72。dateは原掲載本の刊行日。原本画像は未照合。,1,1,,,registered; direct source recheck pending
source_0678,茨城の民話Webアーカイブ『岩間山の十三天狗』,木村進,database_record,2016-12-01,,茨城県,https://www.bunkajoho.pref.ibaraki.jp/minwa/minwa/no-0801200005?f=1,www.bunkajoho.pref.ibaraki.jp,0801200005,個別レコード『原文』の『仙境異聞』引用箇所。原掲載『茨城のちょっと面白い昔話』pp.19–23。dateは原掲載本の刊行日。『仙境異聞』原本は未照合。,1,1,,,registered; direct source recheck pending
source_0679,広報うえだ第778号『上田の伝説 大蛇の恋』,,institutional_explanation,1978-11-01,showa,上田市,https://www.city.ueda.nagano.jp/uploaded/attachment/15427.pdf,www.city.ueda.nagano.jp,広報うえだ第778号,PDF 1頁（紙面第1頁）『上田の伝説 大蛇の恋』。1978年は市広報の刊行年で、話の成立年代ではない。,1,1,,,registered; direct source recheck pending
source_0680,藤枝市郷土博物館・文学館『食人鬼供養の十団子』,,institutional_explanation,2018-10-08,,藤枝市郷土博物館・文学館,https://www.city.fujieda.shizuoka.jp/kyodomuse/11/12/1445916534257.html,www.city.fujieda.shizuoka.jp,,本文、小僧が鬼になった段、祥白童子と名乗る段、僧による退治の段。末尾は旧岡部町教育委員会1998年『岡部のむかし話』からの転載と明記。原冊は未照合。,1,1,,,registered; direct source recheck pending
source_0681,藤枝市郷土博物館・文学館『大蛇にさらわれた賀姫』,,institutional_explanation,2018-10-08,,藤枝市郷土博物館・文学館,https://www.city.fujieda.shizuoka.jp/kyodomuse/11/12/1445916475707.html,www.city.fujieda.shizuoka.jp,,本文1段落、青池の大蛇が青年に化けて賀姫をさらう部分。dateはWeb更新日で物語の年代ではない。,1,1,,,registered; direct source recheck pending
source_0682,藤枝市郷土博物館・文学館『黒犬』,,institutional_explanation,2018-10-08,,藤枝市郷土博物館・文学館,https://www.city.fujieda.shizuoka.jp/kyodomuse/11/12/1445916457060.html,www.city.fujieda.shizuoka.jp,,本文第1段落、クロの死・多数の黒犬の出現・黒犬神社の建立。第2段落に別説。dateはWeb更新日で物語の年代ではない。,1,1,,,registered; direct source recheck pending
source_0683,藤枝市郷土博物館・文学館『鬼岩』,,institutional_explanation,2018-10-08,,藤枝市郷土博物館・文学館,https://www.city.fujieda.shizuoka.jp/kyodomuse/11/12/1445916453731.html,www.city.fujieda.shizuoka.jp,,本文1段落、鬼岩寺付近の鬼と岩への封印。dateはWeb更新日で物語の年代ではない。,1,1,,,registered; direct source recheck pending
source_0684,藤枝市郷土博物館・文学館『坂下地蔵堂の鼻取り地蔵』,,institutional_explanation,2018-10-08,,藤枝市郷土博物館・文学館,https://www.city.fujieda.shizuoka.jp/kyodomuse/11/12/1445916515783.html,www.city.fujieda.shizuoka.jp,,本文、子どもの出現、地蔵像前で足跡が消える部分。旧岡部町教育委員会1998年『岡部のむかし話』からの転載と明記。原冊は未照合。,1,1,,,registered; direct source recheck pending
source_0685,藤枝市郷土博物館・文学館『狐こう薬』,,institutional_explanation,2018-10-08,,藤枝市郷土博物館・文学館,https://www.city.fujieda.shizuoka.jp/kyodomuse/11/12/1445916443472.html,www.city.fujieda.shizuoka.jp,,本文1段落、娘の正体の露見から薬の製法を教えるまで。dateはWeb更新日で物語の成立年代ではない。,1,1,,,registered; direct source recheck pending
source_0686,城陽市歴史民俗資料館『淀姫さん』,,institutional_explanation,2021-06-13,,城陽市歴史民俗資料館,https://www.city.joyo.kyoto.jp/0000006287.html,www.city.joyo.kyoto.jp,城陽市ページID 6287,『淀姫さん（奈島）』本文、水害時に流れ着いた神を祀ったという伝承と水の神としての祭祀の段。2021年は市ページ掲載日。1993年・2009年の冊子本文は未照合。,1,1,,,registered; direct source recheck pending
source_0687,城陽市歴史民俗資料館『雨乞い地蔵』,,institutional_explanation,2021-06-13,,城陽市歴史民俗資料館,https://www.city.joyo.kyoto.jp/0000006288.html,www.city.joyo.kyoto.jp,城陽市ページID 6288,『雨乞い地蔵（観音堂）』本文、水中での祭祀と雨乞い祈祷の段。2021年は市ページ掲載日。1993年・2009年の冊子本文は未照合。,1,1,,,registered; direct source recheck pending
source_0688,城陽市歴史民俗資料館『ゴイサギ返せ』,,institutional_explanation,2021-06-15,,城陽市歴史民俗資料館,https://www.city.joyo.kyoto.jp/0000006406.html,www.city.joyo.kyoto.jp,城陽市ページID 6406,『ゴイサギ返せ（枇杷庄）』本文、狐が隠したとされるゴイサギと返却を求める声の段。『ゴイサギ狐』は識別用の記述的ラベルで原文の固有名ではない。2021年は市ページ掲載日。,1,1,,,registered; direct source recheck pending
source_0689,おおぶの民話,大府市教育委員会,primary_or_early_source,1993-03-25,heisei,大府市歴史民俗資料館,https://www.city.obu.aichi.jp/bunka/kanko_rekishi/rekishi/1007193.html,www.city.obu.aichi.jp,,市の目次ページから公開された各話の分割PDF本文を直接確認。今回照合：『桃山の竜神さん』PDF pp.1–5、『かきを食べる竜』pp.1–3、『大入道』pp.1–4、『天狗火』pp.1–5、『オシロ池の地蔵さん』pp.1–3。市ページに原刊行日1993-03-25を明記。採話時期・先行資料は未確認。,5,5,,,registered; direct source recheck pending
source_0690,たかなべむかしばなし 第一集,ふるさとを伝える会,primary_or_early_source,1986-03,showa,高鍋町教育委員会,https://www.town.takanabe.lg.jp/soshiki/shakaikyoiku/4/2/596.html,www.town.takanabe.lg.jp,,"町公開の分割PDF 1-1, 1-2を直接照合。『お仙女ぎつね』は冊子印刷pp.4–5（1-1 PDF p.10、1-2 PDF p.1）。刊行月は町の後年再編集『お仙女ぎつね』（2026-02-06）にある原資料表示による。",1,1,,,registered; direct source recheck pending
source_0691,たかなべ伝・伝Returns Vol.18『すね神さん』,高鍋町教育委員会社会教育課,institutional_explanation,2024-03-22,reiwa,高鍋町教育委員会社会教育課,https://www.town.takanabe.lg.jp/material/files/group/17/18.pdf,www.town.takanabe.lg.jp,Returns Vol.18,PDF p.1『すね神さん』本文、PDF p.2の原掲載資料表示と『現在、須彌原神社は所在不明』の注記。1988年1月刊『たかなべむかしばなし第二集』の再編集資料で、原版は未照合。,1,1,,,registered; direct source recheck pending
source_0692,たかなべ伝・伝Returns Vol.14『トンゴシの話』,高鍋町教育委員会社会教育課,institutional_explanation,2023-03-17,reiwa,高鍋町教育委員会社会教育課,https://www.town.takanabe.lg.jp/material/files/group/17/20230317.pdf,www.town.takanabe.lg.jp,Returns Vol.14,PDF p.1『トンゴシの話』本文。現代の再編集資料を直接確認。採話者表示は家床地区・永友千秋。原掲載の特定・刊行年は未確認。,1,1,,,registered; direct source recheck pending
source_0693,金沢市『天狗さんの寺』,,institutional_explanation,,,金沢市文化財保護課,https://www4.city.kanazawa.lg.jp/bunka_sports_kanko/rekishi_bunkazai/5/5/index.html,www4.city.kanazawa.lg.jp,,市公開の連続する本文ページ2、8–11を直接確認。2は妙慶寺を天狗が守るとの噂、8はトンビの正体、9–11は火除けの八角板の物語。原掲載・採話年代は未確認。物語内の享保十八年を掲載・発生年と扱わない。,1,1,,date_unrecorded,registered; direct source recheck pending
source_0694,金沢市『魚の恩がえし』,深美和夫（脚本）,institutional_explanation,,,金沢市文化財保護課,https://www4.city.kanazawa.lg.jp/bunka_sports_kanko/rekishi_bunkazai/5/4/index.html,www4.city.kanazawa.lg.jp,,市公開の連続本文1–11を直接確認。1に八田町・森本川下流、4にみよの名とスズキの自己申告、6に竜宮出身の自己申告、8に魚の亡骸、11に脚本者表示と須々幾神社に関する後段。原掲載・採話時期未確認。,1,1,,date_unrecorded,registered; direct source recheck pending
source_0695,全国昔話資料集成32『東讃岐昔話集』第二部 谷原博信編 120～169話,武田明・谷原博信（編）,primary_or_early_source,1979-10-05,showa,香川県立図書館,https://www.library.pref.kagawa.lg.jp/know/local/local_3004-5,www.library.pref.kagawa.lg.jp,,1979年刊『全国昔話資料集成32 東讃岐昔話集 香川』の図書館公開翻刻。第135話『胴面さん』印刷pp.217–218。話末に香西コスエ名がある。採話年月と物語の実在地は未確認。,2,2,,,registered; direct source recheck pending
source_0696,鳥取県立博物館『多根の藤助（智頭町波多）』,酒井董美（採集・翻刻・解説）,primary_or_early_source,,,鳥取県立博物館,https://www.pref.tottori.lg.jp/265930.htm,www.pref.tottori.lg.jp,,1987年8月22日に智頭町波多で採集と明記。「語り」本文の狼の告白・田植えの段。掲載年月と物語内の年代は不明。,1,1,,date_unrecorded,registered; direct source recheck pending
source_0697,大田市『おおだのふるさと学習 私たちの三瓶山』,,institutional_explanation,,,大田市教育部社会教育課,https://www.city.oda.lg.jp/files/original/2015050115582926.pdf,www.city.oda.lg.jp,,小冊子p.29（分割PDFの10頁目）「神話と昔話」内「2つの池の昔話」・浮布池。刊行年月と原採話資料は未確認。,1,1,,date_unrecorded,registered; direct source recheck pending
source_0698,金沢市『法船寺のねずみたいじ』,,institutional_explanation,,,金沢市文化財保護課,https://www4.city.kanazawa.lg.jp/bunka_sports_kanko/rekishi_bunkazai/5/6/index.html,www4.city.kanazawa.lg.jp,,市公開の連続本文1–11を直接確認。1に寺と中央通町、4に普通の鼠ではないという語り、7–9に大鼠・毒気・猫の死、11に義猫塚。原掲載・採話時期未確認。,1,1,,date_unrecorded,registered; direct source recheck pending
source_0699,鳥取県立博物館『にせ本尊（三朝町吉尾）』,,primary_or_early_source,,,鳥取県立博物館,https://www.pref.tottori.lg.jp/266701.htm,www.pref.tottori.lg.jp,,1988年8月21日三朝町吉尾で採集した語り。本文の細越の狐・娘への変身・本尊への変身・伊勢での再会の各段。掲載年月と語られた出来事の年代は未確認。,1,1,,date_unrecorded,registered; direct source recheck pending
source_0700,『広報ふじ』平成7年11月5日号「金正寺の猫」,,primary_or_early_source,1995-11-05,,富士市,https://www.city.fuji.shizuoka.jp/archive/kouhou/kiji/101071105_0652_09.htm,www.city.fuji.shizuoka.jp,『広報ふじ』652号,p.14「富士の民話あれこれ」内「金正寺の猫」、住職から聞いた話と踊る猫を目撃する段。刊行年月は伝承の発生年代ではない。,1,1,,,registered; direct source recheck pending
source_0701,『広報ふじ』昭和57年4月5日号「竜になった吉野長者の娘」,,primary_or_early_source,1982-04-05,,富士市,https://www.city.fuji.shizuoka.jp/archive/kouhou/kiji/100570405_0339_09.htm,www.city.fuji.shizuoka.jp,『広報ふじ』339号,p.10「ふるさとの昔話」内「竜になった吉野長者の娘」、命名と長者ヶ池での変化・自己説明の段。市公開のShift_JIS HTMLで直接確認。,1,1,,,registered; direct source recheck pending
source_0702,鈴木富男「神谷の不動さん」『広報ふじ』昭和42年9月5日号,鈴木富男,primary_or_early_source,1967-09-05,,富士市,https://www.city.fuji.shizuoka.jp/archive/kouhou/kiji/100420905_0016_03.htm,www.city.fuji.shizuoka.jp,『広報ふじ』016号,p.2「ふるさとのでんせつ」内「神谷の不動さん」、岩の割れ目の白蛇、後藤家の土蔵と三宝、祭日の出現の段。,1,1,,,registered; direct source recheck pending
source_0703,佐藤正雄「潟沼の主」『広報しわ』昭和45年5月10日号,佐藤正雄,primary_or_early_source,1970-05-10,,紫波町,https://www.town.shiwa.iwate.jp/soshiki/4_1/2_6_2/992.html/,www.town.shiwa.iwate.jp,『広報しわ』第178号・ふるさと物語72,「昔話と伝説（3）潟沼の主」原広報の再掲本文、お駒の入水・水田への水・潟大明神の段。掲載年は物語の年代ではない。,1,1,,,registered; direct source recheck pending
source_0704,佐藤正雄「キギスと夜泣き石」『広報しわ』昭和45年9月10日号,佐藤正雄,primary_or_early_source,1970-09-10,,紫波町,https://www.town.shiwa.iwate.jp/soshiki/4_1/2_6_2/996.html/,www.town.shiwa.iwate.jp,『広報しわ』第182号・ふるさと物語76,「昔話と伝説（7）キギスと夜泣き石」原広報の再掲本文、赤子が石となり夜泣き石と呼ばれる段。記事は別伝承も併記。,1,1,,,registered; direct source recheck pending
source_0705,『広報ふじ』平成9年6月5日号「浮島沼の沼のばんばあ」,,primary_or_early_source,1997-06-05,,富士市,https://www.city.fuji.shizuoka.jp/archive/kouhou/kiji/101090605_0688_14.htm,www.city.fuji.shizuoka.jp,『広報ふじ』688号,p.16「富士の民話あれこれ」内「浮島沼の沼のばんばあ」、祖母の溺死と沼からの声・命名の段。住民の食用ガエル説は別の説明として併記。,1,1,,,registered; direct source recheck pending
source_0706,佐藤正雄「坊主石の話」『広報しわ』昭和46年3月10日号,佐藤正雄,primary_or_early_source,1971-03-10,,紫波町,https://www.town.shiwa.iwate.jp/kanko/rekishi/1/1876.html/,www.town.shiwa.iwate.jp,『広報しわ』第188号・ふるさと物語80,「昔話と伝説（11）坊主石の話」原広報の再掲本文、坊主石といたこ石の区別、雨との関係、雨ごい地蔵の別称の段。,1,1,,,registered; direct source recheck pending
source_0707,熊本県平成の名水百選 41「白糸の滝」,,institutional_explanation,,,熊本県,https://www.pref.kumamoto.jp/uploaded/attachment/51759.pdf,www.pref.kumamoto.jp,,PDF p.2『由来・歴史』、寄姫と兵部の伝説。刊行日は本文に確認できず。,1,1,,date_unrecorded,registered; direct source recheck pending
source_0708,『広報あそ』2014年11月号「小池七池伝説」,,institutional_explanation,2014-11,,阿蘇市,https://www.city.aso.kumamoto.jp/files/uploads/2014/11/pr201411-all.pdf,www.city.aso.kumamoto.jp,『広報あそ』Vol.118,印刷p.15／PDF p.15『田空イチオシ！ 小池七池伝説』、清夜姫の命名と蛇身化の段。2013年市広報には名前を示さない別の抄述があるため、遡及して同じ表記を付けない。,1,1,,,registered; direct source recheck pending
source_0709,福山市文化振興課「かつて海であったことを物語る蛙岩」,,institutional_explanation,2021-03-01,,福山市,https://www.city.fukuyama.hiroshima.jp/koho-detail50/koho-202103/211072.html,www.city.fukuyama.hiroshima.jp,No.331,見出し『かつて海であったことを物語る蛙岩』第3段。市が『西備名区』の大蛙・大蛇の話を紹介する部分。原地誌本文は未照合。,1,1,,,registered; direct source recheck pending
source_0710,山梨県神社庁「祭宮社（御左口神社）」,,institutional_explanation,,,山梨県神社庁,https://www.yamanashi-jinjacho.or.jp/intro/search/detail/3100,www.yamanashi-jinjacho.or.jp,コードNo.3100,『御祭神』『由緒沿革』。珊瑚珠姫命の祭祀と農業・養蚕を教えたという伝承。公開日不明。,1,1,,date_unrecorded,registered; direct source recheck pending
source_0711,日文研怪異・妖怪伝承データベース「サケノスケ，ここうじゃお化け」,,database_record,,,国際日本文化研究センター,https://www.nichibun.ac.jp/cgi-bin/YoukaiDB3/youkai_card.cgi?ID=2366438,www.nichibun.ac.jp,2366438,カード2366438『呼称』『論文名』『掲載箇所』『地域』『要約』。原掲載は國學院大學民俗学研究会『民俗採訪』平成元年度号（1990年）p.122、本文未照合。,1,1,,date_unrecorded,registered; direct source recheck pending
source_0712,豊後高田市文化財室『三太ぎつねの話』,,institutional_explanation,2022-10-25,,豊後高田市文化財室,https://www.city.bungotakada.oita.jp/site/bunkazai/2190.html,www.city.bungotakada.oita.jp,ページID 0002190,『三太ぎつねの話』第1–3段。dateはページ更新日。市刊『ほとけの里の民話』原冊は未照合。,1,1,,,registered; direct source recheck pending
source_0713,佐伯市『佐伯はこんなまち』「鮪浦の大蛇と漁師の話」,,institutional_explanation,,,佐伯市,https://www.city.saiki.oita.jp/kiji0031672/index.html,www.city.saiki.oita.jp,,『トピックス』内の『鮪浦の大蛇と漁師の話』全段。公開・更新日は未確認。,1,1,,date_unrecorded,registered; direct source recheck pending
source_0714,国土交通省『絶滅危惧種 オオサンショウウオ』,,institutional_explanation,2020,,国土交通省 地域観光資源の多言語解説文データベース,https://www.mlit.go.jp/tagengo-db/R2-00808.html,www.mlit.go.jp,R2-00808,English本文 'Hanzaki in Local Culture' 第1–2段。作成年度2020年。,1,1,,,registered; direct source recheck pending
source_0715,岡山県『オオサンショウウオ生息地』,,institutional_explanation,,,岡山県,https://www.pref.okayama.jp/uploaded/attachment/260912.pdf,www.pref.okayama.jp,,PDF p.1（印刷頁なし）『備考』末段、はんざき神社と大明神。PDF公開日未確認。,1,1,,date_unrecorded,registered; direct source recheck pending
source_0716,国土交通省『すいとん』,,institutional_explanation,2020,,国土交通省 地域観光資源の多言語解説文データベース,https://www.mlit.go.jp/tagengo-db/R2-00811.html,www.mlit.go.jp,R2-00811,日本語解説文第1–3段。dateは作成年度。蒜山地方の原伝承採録資料は未照合。,1,1,,,registered; direct source recheck pending
source_0717,国土交通省『金屋子神･金屋子神社』,,institutional_explanation,2023,,国土交通省 地域観光資源の多言語解説文データベース,https://www.mlit.go.jp/tagengo-db/R5-00297.html,www.mlit.go.jp,R5-00297,日本語解説文第1–3段。dateは作成年度。言及する『鐡山秘書』本文は未照合。,1,1,,,registered; direct source recheck pending
source_0718,夢京橋あかり館『淡海の妖怪』展チラシ,,institutional_explanation,,,夢京橋あかり館（彦根市サイト掲載）,https://www.city.hikone.lg.jp/material/files/group/95/akarikan_youkai_tirashi.pdf,www.city.hikone.lg.jp,,PDF p.2『大入道』（彦根市 江國寺）・『人蝶』の各解説。2022年開催展。引用元の『江國寺創建由緒』・田中藤助日記本文は未照合。,2,2,,date_unrecorded,registered; direct source recheck pending
source_0719,滋賀県文化財保護協会『ニホンカワウソの思い出―多賀町萱原の二丈坊―』,重田勉,institutional_explanation,2019-08-21,,滋賀県文化財保護協会 シガブンシンブン,https://www.shiga-bunkazai.jp/shigabun-shinbun/recommended-relics/%E8%AA%BF%E6%9F%BB%E5%93%A1%E3%81%AE%E3%81%8A%E3%81%99%E3%81%99%E3%82%81%E3%81%AE%E9%80%B8%E5%93%81-%E2%84%96266%E3%80%80%E3%83%8B%E3%83%9B%E3%83%B3%E3%82%AB%E3%83%AF%E3%82%A6%E3%82%BD%E3%81%AE/,www.shiga-bunkazai.jp,調査員のおすすめの逸品 No.266,冒頭第1–2段、萱原の像と前の由緒板の紹介。由緒板そのものの画像・建立時期は未照合。,1,1,,,registered; direct source recheck pending
source_0720,滋賀県文化財保護協会『余呉湖に眠るもうひとつの伝説』,中川治美,institutional_explanation,2019-04-24,,滋賀県文化財保護協会 シガブンシンブン,https://www.shiga-bunkazai.jp/shigabun-shinbun/best-place-in-shiga/httpshiga-bunkazai-jp%E6%96%B0%E8%BF%91%E6%B1%9F%E5%90%8D%E6%89%80%E5%9C%96%E6%9C%83-%E7%AC%AC271%E5%9B%9E%E3%80%80%E7%BE%BD%E8%A1%A3%E4%BC%9D%E8%AA%AC%E3%81%AE%E6%AE%8B%E3%82%8B%E7%A5%9E%E7%A7%98/,www.shiga-bunkazai.jp,新近江名所圖会 第292回,『菊石（きくいし）伝説』第2–9段。引用される『川並村申し伝え』等の原資料本文は未照合。,1,1,,,registered; direct source recheck pending
source_0721,仙台市泉区『泉なつかし写真館―第5回 七北田川』,,institutional_explanation,2016-09-20,,仙台市泉区役所,https://www.city.sendai.jp/izumi-kuse/izumiku/shokai/profile/shashinkan/dai5kai.html,www.city.sendai.jp,ページID 16286,見出し『石留明神（石止伝説）』全段。dateはページ更新日。末尾の参考資料群のどれに当該伝承が収録されるか未照合。,1,1,,,registered; direct source recheck pending
source_0722,岐阜女子大学デジタルアーカイブ研究所『お美津稲荷』,,institutional_explanation,2020-07-21,,岐阜女子大学デジタルアーカイブ研究所,https://digitalarchiveproject.jp/information/%E3%81%8A%E7%BE%8E%E6%B4%A5%E7%A8%B2%E8%8D%B7/,digitalarchiveproject.jp,,本文『説明板より』の第1段（『昔、上呂サイラノに』から『故郷サイラノに帰る道行』まで）。大学掲載の説明板転記であり、言及する古文書本文は未照合。,1,1,,,registered; direct source recheck pending
source_0723,櫛原功一『黒法師社跡』、『2024（令和6）年度 第1回 遺跡調査発表会要旨』,櫛原功一,research_article,,,山梨県（県サイト掲載、山梨県考古学協会主催資料）,https://www.pref.yamanashi.jp/documents/4650/iseki-chosa2024-1.pdf,www.pref.yamanashi.jp,,PDF第6頁＝印刷p.6、見出し『（1）黒法師大天狗に関する伝承』と『（2）黒法師社と山岳信仰』。発表会開催日2024-10-12。『松里の昔ばなし』と『恵林寺検地帳』原本は未照合。,2,1,,date_unrecorded,registered; direct source recheck pending
source_0724,堺市『妙国寺』,,institutional_explanation,2012-12-19,,堺市,https://www.city.sakai.lg.jp/kanko/sakai/keisho/rekishi/myokokuji.html,www.city.sakai.lg.jp,,見出し『堺を見守る蘇鉄』の第1–4段。dateはページ更新日。伝説の原掲載資料は未照合。,1,1,,,registered; direct source recheck pending
source_0725,鹿角市『太右衛門と天狗』,,institutional_explanation,2024-02-01,,鹿角市,https://www.city.kazuno.lg.jp/soshiki/kankou_koutsu/kankokoryu/gyomu/2/3/densetu/8298.html,www.city.kazuno.lg.jp,ページID 8298,本文後半、太右衛門が茶釜滝で祈る段から、滝の化身の天狗に修行を受ける結末まで。dateはページ更新日。伝説の原採録資料は未照合。,1,1,,,registered; direct source recheck pending
source_0726,鹿角市『光る怪鳥』,,institutional_explanation,2024-02-01,,鹿角市,https://www.city.kazuno.lg.jp/soshiki/kankou_koutsu/kankokoryu/gyomu/2/3/densetu/8295.html,www.city.kazuno.lg.jp,ページID 8295,本文冒頭、大森山からの出現と怪鳥の姿を述べる第1–4段。dateはページ更新日。伝説の原採録資料は未照合。,1,1,,,registered; direct source recheck pending
source_0727,加賀市立中央図書館『現代語訳 聖城怪談録』（『大聖寺藩史談』所収本から）,,institutional_explanation,2010-11,,加賀市立中央図書館,https://www.city.kaga.ishikawa.jp/material/files/group/79/3seijyoukaidanroku.pdf,www.city.kaga.ishikawa.jp,,第7話『瓜生伝、ツチノコにあう』印刷pp.11–12＝PDF pp.12–13；第42話『大森小治兵衛が杵の化けたのを見る』印刷pp.43–44＝PDF pp.44–45；下巻第50話『寺田木工、黒入道をみる』印刷p.91＝PDF p.92。下巻第55話『村井矢柄、「おこり」の神をぶんなぐる』印刷pp.95–96＝PDF pp.96–97。1799年序文の作品を現代語訳した版で、原文・写本との逐語照合は未実施。,4,4,,,registered; direct source recheck pending
source_0728,伊予市観光物産協会『三秋の大池』,,institutional_explanation,,,一般社団法人 伊予市観光物産協会ソレイヨ,https://iyokankou.jp/spot/spot-362/,iyokankou.jp,,見出し『大蛇の伝説』第1–3段。協会の観光紹介であり、伝説の原採録資料と掲載日は未確認。,1,1,,date_unrecorded,registered; direct source recheck pending
source_0729,国土交通省『興国寺天狗堂』,,institutional_explanation,2023,,国土交通省 地域観光資源の多言語解説文データベース,https://www.mlit.go.jp/tagengo-db/R5-00638.html,www.mlit.go.jp,R5-00638,日本語解説文第1・3段。dateは作成年度。伝説の原採録資料は未照合。,1,1,,,registered; direct source recheck pending
source_0730,国土交通省『龍が池弁天と龍神さま 立て看板』,,institutional_explanation,2018,,国土交通省 地域観光資源の多言語解説文データベース,https://www.mlit.go.jp/tagengo-db/H30-00769.html,www.mlit.go.jp,H30-00769,日本語解説文第1段、良源と大蛇の問答・封印・龍神の段。dateは作成年度で、伝説の成立年ではない。,1,1,,,registered; direct source recheck pending
source_0731,国土交通省『百段』,,institutional_explanation,2021,,国土交通省 地域観光資源の多言語解説文データベース,https://www.mlit.go.jp/tagengo-db/R3-00235.html,www.mlit.go.jp,R3-00235,日本語解説文第2段、百段の鬼と八幡神の約束。別版の大蛇との同一性は未判定。dateは作成年度。,1,1,,,registered; direct source recheck pending
source_0732,国土交通省『母間線刻画：線刻画』,,institutional_explanation,2020,,国土交通省 地域観光資源の多言語解説文データベース,https://www.mlit.go.jp/tagengo-db/R2-00878.html,www.mlit.go.jp,R2-00878,日本語解説文『ムーの伝説』全段。線刻画との関係は解説自身が可能性とするのみ。dateは作成年度。,1,1,,,registered; direct source recheck pending
source_0733,国土交通省『山の湖のハイキング：切込湖と刈込湖』,,institutional_explanation,2023,,国土交通省 地域観光資源の多言語解説文データベース,https://www.mlit.go.jp/tagengo-db/R5-00469.html,www.mlit.go.jp,R5-00469,日本語解説文第2段、大蛇と勝道上人の伝説。dateは作成年度で、物語や採録の年代ではない。,1,1,,,registered; direct source recheck pending
source_0734,国土交通省『九州オルレ嬉野コースパンフレット：轟の滝公園』,,institutional_explanation,2020,,国土交通省 地域観光資源の多言語解説文データベース,https://www.mlit.go.jp/tagengo-db/R2-02001.html,www.mlit.go.jp,R2-02001,日本語解説文『龍神と弁財天』段。dateは作成年度で、伝説成立年ではない。,1,1,,,registered; direct source recheck pending
source_0735,青森市『あおもり今・昔102：入内観世音と下湯』,鈴木政四郎,institutional_explanation,2002-05-01,,青森市ウェブサイト／『広報あおもり』,https://www.city.aomori.aomori.jp/area/aomoriayumi/im102.html,www.city.aomori.aomori.jp,,本文『下湯根元記』紹介、兇徒二鬼と戦闘の段。dateは市の明記する広報掲載日で、物語の成立年ではない。,2,2,,,registered; direct source recheck pending
source_0736,稲田信『松江城にまつわる“怪異な伝説”』調査コラム第24回,稲田信,research_article,2022-07-29,,松江市 松江城・史料調査課,https://www.city.matsue.lg.jp/material/files/group/34/chosa_colmn24.pdf,www.city.matsue.lg.jp,,PDF p.11、『雲陽秘事記』を紹介する段（原文引用と解説）。dateは末尾の記載日。,1,1,,,registered; direct source recheck pending
source_0737,秋田市『高尾山レクリエーション施設（山荘・キャンプ場）』,,institutional_explanation,2025-04-14,,秋田市公式サイト,https://www.city.akita.lg.jp/kanko/kanrenshisetsu/1002253.html,www.city.akita.lg.jp,ページ番号1002253,『民話・言い伝え』欄『田村麿の鬼退治』項目。dateはページ更新日。,1,1,,,registered; direct source recheck pending
source_0738,高知市『綾織渕』ほぼ週刊鏡川 No.86,,institutional_explanation,2013-08-23,,高知市公式サイト,https://www.city.kochi.kochi.jp/soshiki/186/hobo86.html,www.city.kochi.kochi.jp,No.86,『綾織渕』本文第3段、綾織渕の河童伝説。dateは本文の号日付（サイト更新日は2021年）。,1,1,,,registered; direct source recheck pending
source_0739,宮崎県季刊誌Jaja『都井岬火まつり』,,institutional_explanation,,,宮崎県季刊誌Jaja,https://www.pref.miyazaki.lg.jp/contents/org/shoko/appeal/jaja/21_07.html,www.pref.miyazaki.lg.jp,,『岬の夜にきらめく幻想的な炎の祭り／都井岬火まつり』本文、大蛇退治の伝説説明。記事発行年は未確認。,1,1,,date_unrecorded,registered; direct source recheck pending
source_0740,宮崎県季刊誌Jaja『記紀の道を歩く』,,institutional_explanation,,,宮崎県季刊誌Jaja,https://www.pref.miyazaki.lg.jp/contents/org/honbu/hisho/jaja/08_walk.html,www.pref.miyazaki.lg.jp,,『鬼（おに）の窟（いわや）』段、鬼の求婚と岩屋の話。記事発行年は未確認。,1,1,,date_unrecorded,registered; direct source recheck pending
source_0741,札幌市東区『札苗再発見その16：龍神のルーツを求めて』,,institutional_explanation,2009-08,,札幌市東区札苗まちづくりセンター,https://www.city.sapporo.jp/higashi/satsunae/090910discovery_16.html,www.city.sapporo.jp,,祭り初代実行委員長の聞き取り中『昔から、モエレ沼には龍が棲んでいて』の段。末尾は2009年8月記、サイト更新日は2023年。,1,1,,,registered; direct source recheck pending
source_0742,神戸市須磨区『須磨区のみどころ（神社・寺院）』,,institutional_explanation,2025-09-01,,神戸市公式サイト,https://www.city.kobe.lg.jp/i73375/kuyakusho/sumaku/syokaitorikumi/midokoro/tera.html,www.city.kobe.lg.jp,ページID24122,『勝福寺』段の鹿松峠の鬼人、および『板宿八幡神社』段の飛び松。dateはページ最終更新日。,2,2,,,registered; direct source recheck pending
source_0743,山口市歴史文化資源『えんこう地蔵［光巖寺］』,,institutional_explanation,,,山口市歴史文化資源,https://www.city.yamaguchi.lg.jp/rs/rekibunshigen/r246.html,www.city.yamaguchi.lg.jp,,『説明』全段、『大内村誌』p.657要約。記事公開日未確認。,1,1,,date_unrecorded,registered; direct source recheck pending
source_0744,福島県『相双の「農村とため池」歴史探訪ルート』,,institutional_explanation,2017-02-03,,福島県相双農林事務所,https://www.pref.fukushima.lg.jp/sec/36260a/sosonorin7.html,www.pref.fukushima.lg.jp,,『浅見川用水路（広野町）』項目。dateはページ更新日。,1,1,,,registered; direct source recheck pending
